temperature,rainfall,wind_speed,humidity,pressure,river_level,soil_moisture,disaster_type,flood_risk
28.108904159657687,190.14286128198324,87.83927301736861,67.89267873576293,965.6018640442436,3.119890406724053,5.8083612168199465,1,1
45.31616510212273,120.22300234864176,84.96870933552546,21.646759543664196,1046.9909852161995,16.648852816008436,21.233911067827616,1,1
21.36387385224852,36.68090197068676,36.50906915514453,61.98051453057903,993.1945018642116,5.824582803960839,61.18528947223795,0,0
19.882285122821465,58.42892970704363,43.963421195243,56.48559873736288,1028.5175961393013,3.9934756431671947,51.42344384136116,0,0
35.73450991017148,9.290082543999546,72.9053822281726,33.64192989498332,956.5051592985279,18.977710745066666,96.56320330745594,0,0
43.29390718407614,60.92275383467414,11.720653680766064,74.73864212097254,994.0152493739602,2.4407646968955765,49.51769101112702,0,0
16.203598239032644,181.8640804157564,31.05359779200203,73.00178274831856,981.171107608941,10.401360423556216,54.67102793432797,1,1
21.469905943393446,193.91692555291172,93.01593880333374,95.15991532513513,1039.482735042765,11.957999576221702,92.18742350231169,1,1
18.097237571817182,39.19657248382904,5.427274669264568,46.02642646106115,988.8677289689482,5.426980635477918,82.87375091519293,0,0
27.486366434275624,56.18690193747615,65.12352997898982,31.27393799798101,1030.219698075404,1.4910128735954165,98.68869366005173,2,0
42.02856692538301,39.74313630683448,0.6626540548322879,85.23691427638673,1020.6857343847618,14.580143360819747,77.12703466859458,0,0
17.591562810693162,71.69314570885452,13.904287143015566,89.04827407004748,1012.3298126827558,6.617960497052984,6.355835028602364,0,0
25.884381260048176,65.03666440534941,87.55274140056768,71.00459770841705,1038.7212742576326,9.444298503238986,11.959424593830171,0,0
39.963567552804825,152.15700972337947,67.35326370833955,81.67737439636488,999.3795596364391,10.454656587639882,42.75410183585496,1,1
15.88966943604333,21.57828539866089,3.77150228240811,70.91283290110243,981.4355981076327,10.171413823294056,90.7566473926093,0,0
23.725228020210622,82.07658460712595,90.66613662516585,38.3038532393298,957.6979909828793,5.795029058275361,16.122128725400444,0,0
47.53941783199006,161.6240759128834,76.00845078125081,89.71684721501742,1030.3672076899115,3.7314011777207168,89.25589984899777,1,1
33.87697846704778,161.4880310328125,107.5309559908192,45.44027799774911,961.0051924527677,4.558703250838834,42.71077886262563,1,1
43.63051680728726,172.1461166512687,0.8342556637428844,60.85978420620526,991.7411003148779,4.442156209414605,11.98653673336828,1,1
26.81653099912698,188.58194078250384,38.78435184249063,61.50324973946929,1020.3018958895178,7.27259204758588,97.17820827209607,1,1
48.68565532297389,50.356459165072835,59.66982070708625,44.07026478534157,978.4840494377468,0.7377389470906559,60.956433397989684,0,0
32.59376581301015,10.29575024999787,33.437575708393375,92.6612708773323,973.9561890666972,2.897897441824462,48.9452760277563,0,0
49.497765893871026,48.41105430230008,80.65626568870543,80.9295692262974,973.7637543992399,14.564326972237192,36.77831327192532,0,0
37.13070407077528,126.70594215217893,64.29296208897102,27.223181604352664,1033.5302495589237,6.415601299434717,18.651851039985424,1,1
16.42712995441674,118.17858863764836,81.30772342107389,21.32702631422849,1001.2093058299281,4.529915503958759,64.51727904094498,1,1
21.1028250151747,138.18754762049318,46.40824155606449,94.93839909893876,963.7520944145994,6.82132702100517,11.347352124058908,1,1
47.3642766397497,175.4678706761962,30.952995325818673,72.79872368273432,1031.7222200201215,11.104016231989247,52.965057835600646,1,1
23.464830181515808,18.620553561179843,107.66589095439922,92.03344457306643,1013.3101457273268,6.780595820974014,34.92095746126609,0,0
40.40844876045838,179.42205199051543,106.45037091181408,82.3900436686099,1014.2031646154288,1.6827992999009767,16.162871409461378,1,1
46.44939659844778,121.28581193191799,1.1036461939955577,28.11772342928257,1016.3501769108055,0.10123167692437374,16.080805141749867,1,1
34.20568262783051,138.37903953853865,78.23535114031206,37.941544756844785,1021.2179221347536,4.744981749936001,32.539969815926774,1,1
41.12719917913084,129.92657980944293,101.90680925930135,72.60903138402747,1006.8308603335472,1.8734953565618495,36.77158030594335,1,1
24.282082868860392,48.79792867581671,116.76126657029347,51.44781797334083,1039.2046555177112,12.622772519945258,79.48113035416485,0,0
32.59229825868172,115.38077692527182,59.10212325826367,35.61943902384356,1022.2452115261506,5.615447248817116,2.431596643145384,1,1
37.59153035675087,35.42213588140979,112.85503012234972,96.31428616020699,1041.4864390220448,7.4031740051088875,1.5456616528867428,0,0
47.49114969057039,85.63682966346286,115.99857828524034,97.08959816714022,1035.300945546736,5.888977841391714,38.50977286019253,0,0
44.78978350308999,63.384401031255535,20.3391296023311,64.54410099666802,1043.6154774160782,13.92059593349946,57.0061170089365,1,1
18.4011772819769,123.00144533983395,118.80646201251159,31.20672121892192,1001.8329652363736,17.547461438559107,74.07686177542044,1,1
39.395550934834375,140.49681679742184,43.13893814637062,43.487347541159465,1030.9361155478514,16.202267893583617,86.70723185801037,1,1
46.963419339476495,102.26847977218756,60.18195536246395,83.86361431734201,1014.9963930777765,14.039337545154067,79.57926694361011,1,1
46.15018696361482,67.59903137030716,45.06995431679328,27.51855518726952,1007.8280140996173,0.7188454759348417,46.55980181324602,0,0
33.99256221476519,57.30825042565688,70.8999912682813,22.440019995123954,953.7348188749214,16.452011213193167,36.019064141126286,0,0
19.447117942815968,104.44865201096087,92.3992263718333,37.26568219974745,1012.2890475819,1.70694929987536,5.16817211686077,1,1
33.59741210488518,108.1270243220213,76.49158817978478,78.08730669781292,1047.5852079462534,10.326006966023906,32.2956472941246,1,1
42.831516816904625,54.16645025241485,52.67657048467633,26.276510507381275,952.5350743415457,19.252968293558503,83.59801205122058,0,0
39.359097213279426,81.79058888285398,20.795318408501494,32.514963413686885,975.0242898164595,10.984533294122409,71.45959227000624,1,1
38.106908185120595,55.98677938918857,114.5838336795833,79.03175333566148,1005.4354052511401,12.234414924687044,41.96000624277899,0,0
23.67058463254051,71.19453573025231,90.9415332557243,21.15147909038047,961.6072640506916,0.920052840435055,4.072880231897013,0,0
44.94112044038525,140.73157187600472,56.90085949047902,27.82673285208012,999.1615875116833,9.469435415611313,17.320186991001517,1,1
30.184807723329058,79.70094687947469,73.90201176626597,70.8074920694115,954.5304009772044,7.492252292529424,62.58599157142364,2,0
32.60976905030307,171.29796823766446,79.0432357942734,33.034754166514375,957.056874740043,12.848385564126312,2.6511310541621813,1,1
35.50214534457122,188.0460482849915,69.05690134510547,51.05359409652175,1014.3288218442353,9.165057809830333,54.56167893159349,1,1
47.95126830717838,77.22052756015485,115.34286765886971,92.4280513564851,969.5791134789297,1.387226017503309,10.077800137742665,3,0
15.637763897804241,18.88859215118568,81.96081280996282,25.695091876818317,981.8975630293761,16.89750621938909,2.3271935735825866,0,0
43.50639689061275,56.37095495467999,14.17977931459875,75.73897322913206,1012.8942846779884,17.54944027054106,73.50710438038858,0,0
43.121832563469695,56.406914514261295,21.29274525356674,80.04918013126867,1030.6834739267265,19.810102840013467,41.26176769114265,0,0
28.02063300274741,155.28259214839937,40.89642483036214,94.46058604828518,1035.8412751843011,8.579880547500366,75.08710677914974,1,1
41.40900059296388,20.62477376718652,108.306348801548,60.42018979582857,1032.6457466107743,6.400992020612235,89.55232284962005,0,0
28.62205875569571,2.167530296059672,108.64583717031164,27.302934142890685,981.9313637590415,19.0012393410161,95.06071469375561,0,0
35.07032608431501,126.36744243395985,53.81346263739837,43.456861735845166,982.8664545369916,13.450369121540769,75.237452943768,1,1
42.7052665304047,157.92362855891076,10.944732365842844,59.553624376206514,955.7558760016644,10.99057764647471,44.1530501373377,1,1
46.06964639654049,70.18300251041573,14.048041971312703,31.43933456422687,1026.1510631717472,12.364361266325222,10.112267612279025,1,1
17.94373821402491,140.193826291824,8.731560763703223,85.7488047432285,1020.6242227156496,1.6269756128379953,8.483771408519193,1,1
49.53238524754114,74.85415915122407,44.47705764802691,85.0239653806002,1044.724857738386,19.720021276457416,75.33781852589416,1,1
28.169085493582052,16.700143339733753,93.25762991129241,64.6723399788644,992.4222009246977,18.12708770189472,11.119748230615134,0,0
32.24187865018007,2.2707289534838138,56.23927703929515,24.504262054546988,961.8817916268072,2.3505249355420976,64.92103021160635,0,0
41.11157077428982,116.67375301943193,115.46070581694504,49.98964636189633,978.5712086281861,17.371982563789206,22.359583851945263,1,1
48.7127888804214,2.4308949379632683,116.38545920491669,23.45279295604609,1039.1143113698072,10.554022181725998,99.29647961193004,0,0
17.58287976573896,110.77085688026416,116.31630427429188,61.847827533611905,1012.9398638135262,13.914973779692343,45.454106476777326,1,1
36.964532802942216,116.86286238462004,108.13896125891868,23.63571042731663,978.096318959223,19.008229681531176,89.02637838909163,1,1
30.947986347499953,124.02651956030735,33.28574195773592,35.0496927779009,996.3698404939983,7.067044560521056,58.365611185087204,1,1
17.72071229377447,194.8789615332333,118.34528933755234,75.85293712157961,1003.609636634412,6.190552325726555,81.37950197069486,1,1
38.96559103938577,32.52338786897826,109.31126213926109,85.80297943385352,1044.9799913291924,14.5143901677672,61.34151959357899,0,0
29.63850627017166,186.54569667080264,103.927666740049,23.617493608495153,952.6366974497251,7.5292673375609915,81.0553330781833,1,1
49.55466452602305,30.083378220705637,71.29568584225622,50.47126853048172,1046.9914397814603,16.842378462714173,83.83287047111378,0,0
31.40426059282396,82.96390046753304,32.80884863168475,24.51003973207417,1036.4722376255054,16.258020182601552,99.97176732861305,1,1
49.88228929758669,111.08634112052549,92.27848982166125,95.58125839059424,1034.9647390677412,4.946962034863953,45.05441353100935,1,1
19.520579530302324,190.81020545174448,72.7409561341056,38.29142444027702,1017.1700684405856,12.362564809157917,35.81627180328405,1,1
18.974515726987015,134.3146391185599,62.436924108455194,81.78547133885115,1002.0163501111994,17.0436300063708,55.190683877448556,1,1
34.63282900373852,175.33072053166902,48.41794394548764,30.72121827605126,952.8782676313339,15.10274511347238,62.03095513534647,1,1
39.642791883472825,42.592832301782146,16.364577070412373,21.163573253430556,985.0587558806596,11.798353737092661,39.22440450997323,0,0
30.31162227083052,180.83173889874968,41.790656042796044,61.119159132784866,1028.3653012741142,7.930855646425403,62.20867002278735,1,1
45.18272980613608,189.9041247315284,17.648817711484554,94.12701001291956,999.2116293079538,5.1648877659791665,45.913575623826134,1,1
49.3011401349917,98.52361879857392,39.450193234500986,70.67206834533806,974.0145618778193,1.5172665621732784,12.887972191064922,0,0
19.481604363522035,30.38053870245887,16.659260717929214,71.26997958425717,968.1880084399145,6.913345666477264,89.67884099060119,0,0
31.588657409200533,133.51154770420544,20.67838454419558,35.38312150469366,954.0868616266479,3.378701261443291,27.85903390319586,1,1
21.19536694968614,17.74050675141112,14.476304532072097,56.86230144261806,970.6333718405792,7.285397220961509,50.34172708548569,0,0
39.163819002027786,7.862427968219787,95.92924786908512,70.23203115927262,958.1759031948872,17.471572482135546,92.08724005318132,0,0
17.137728594920233,55.37552962944075,96.74415357516736,79.86077523069267,968.4521019356378,4.186986466734206,37.0472102791382,0,0
31.958304481685747,123.65095430605919,44.26963674837269,57.002777290651835,1024.7470938133756,0.733664057811958,25.243694434402077,1,1
39.96723550595934,179.04136753743987,61.40129305387993,62.569078821225254,960.7172011339776,8.948247336469093,53.261726645502314,1,1
23.48646762721554,53.84864618987619,45.27409957255472,21.60569582221811,982.2079165583178,4.2289601399308925,32.74973521779147,0,0
19.191674613673793,178.105456147979,71.23109442648584,74.32818553155917,1028.917123860734,9.968843978581145,8.69202880874237,1,1
33.79872896364917,117.36822360417582,89.4527369021196,54.53276369837435,962.7580302795564,5.675518115974489,36.30822963986351,1,1
37.60710344660605,114.15566093378237,42.73160710774155,98.92121990343837,1010.5774819356888,4.74453583471989,10.178247262040374,1,1
20.35006987145162,49.191545676901626,19.28176479114668,34.925361924104465,978.5095168693847,3.4674719058950965,89.67654246264252,0,0
17.808181098157476,104.90227791405093,49.247619238759384,98.59028935268852,961.2038902168052,7.957111980914833,96.94704332753689,1,1
45.29274940628931,163.414414189856,30.94833924539278,33.67100699120527,1016.8643219924431,18.587519782551716,55.67628930139298,1,1
35.00644413144649,55.99581873205683,92.33915198303242,34.96349988460187,982.3679236404244,8.508728772328336,50.7610378684455,0,0
23.484340634527808,22.967364947840707,73.2744050929959,43.09044425922046,1008.1238221422612,3.0872543054840462,48.114010185481746,0,0
33.6406301393055,10.364707364485382,40.39251338327047,30.75317415511794,956.3374970472768,19.799204647798906,32.235384497472296,0,0
43.34560560491222,50.92813095275277,81.78032666687152,80.81822879117493,1009.5638740607844,9.431523771003167,41.18409141472685,0,0
27.210389329004833,185.90582884956518,99.6743289345275,97.20215285332101,962.4297223485545,14.617349504072886,93.83404568210378,3,0
21.343157315798106,13.299253473355499,88.93447791480709,65.95784905439295,1034.1828776758273,2.79544753252579,79.52673118598902,0,0
22.056956201671056,32.7311885731409,19.711895751719155,85.16597761851057,1016.51972206962,10.461308495382386,35.88304841235025,0,0
45.70201892845879,78.48902148452707,97.99193273658925,55.13079268561747,987.6944429424908,9.253595713392128,30.13778741641421,0,0
41.16632830616879,100.54407801849582,27.86552341761808,91.96596586196547,988.3891221373211,10.871057222279772,90.6472110964547,1,1
36.84832985698972,23.379608141672815,112.77985483361701,70.21664424571343,983.4905614657087,2.785441453267745,79.4025189270296,0,0
36.702546457497974,106.6922183952643,107.26710996611492,83.08777689796246,965.1674879732751,6.234441355910965,24.848913981446575,1,1
41.038120240043696,6.706486947155876,68.38676218455798,80.99669485925524,1037.676563676175,6.841634974318149,82.12573046720128,0,0
18.872110793432253,169.29045834690365,15.29863947983789,51.78298324482938,1029.7295365779553,2.9983485469754756,22.92513952326415,1,1
40.27883989375732,144.00730730921487,76.93771594623567,75.515875557368,1004.2724443347596,5.035981178139055,34.56959935039195,1,1
21.3559200880499,181.69011226672566,70.00701537193446,52.06811334109119,996.2005803644133,18.945666792236306,15.33514031160802,1,1
35.5180441205879,101.1777357768932,73.37450825215774,21.44881470566724,1037.2123908944152,18.642365649672247,56.51331835892089,1,1
39.38277883569123,184.49987623545914,84.86863611760783,32.20312343314091,1007.6288360166814,12.134300927657119,42.4130671302386,1,1
40.7755482468653,186.87340295380298,111.06822154881316,56.06714971233057,961.3238045840756,19.69682397924669,83.88980864459342,1,1
19.36319384211434,184.16837652347448,104.38756344745539,61.50704457008577,1009.127543574493,7.980054077402605,5.476163882203133,1,1
26.731903457606535,160.57068971960229,0.555842760552343,46.679933735291534,989.8168693590943,10.747912058758457,91.98556164127605,1,1
27.122109802808644,69.39064037924554,88.50014977316981,56.17743527118457,972.4604822939982,9.048790322653868,14.085702037979985,0,0
21.173544527717816,99.67355454789595,50.27105394054575,93.187672085448,986.2393899116634,11.61176700556087,63.22642879195304,2,0
15.458305980591676,132.70747440334213,21.364316024370172,96.88562539755641,964.8662727753112,8.292482474540474,8.534966807864386,1,1
49.890598814608154,100.43900206624852,71.44620207840525,25.3661181910742,1024.9960470399178,4.198111861911715,89.80542894407138,1,1
22.17988741687025,38.13754413273331,4.385960141771386,57.765355608799936,1006.4841133262616,1.3141727885670473,77.55276166950105,0,0
30.86510921618097,104.87805386551601,52.89152963258738,52.06104487002608,1005.9640331308218,3.10480491861425,18.19281304952711,1,1
45.162496735473106,189.22309242672654,44.79711795357035,41.6595738514843,1014.3999543239016,8.174683421961928,2.538635566034486,1,1
20.46534090781666,143.1944457694795,79.07087302921816,22.16767940027868,972.1972161932949,4.621495931761428,67.18927435987284,1,1
15.689868821402746,20.82171639691477,95.98993024478273,34.28357296434669,1015.2746107851875,4.76365562093453,9.944139275934516,0,0
23.51102668498089,144.45338637113184,102.68357617275429,86.41758916535933,989.7183529618455,13.361702731412922,20.498429541582098,1,1
25.260170559135464,179.26716370422395,1.5602308212883242,26.840682468357446,970.7886255146027,0.5306440774763943,18.143543508979732,1,1
35.40645463393923,84.2849101184996,107.12060532923698,85.39548493907527,984.1817351697875,5.18846866862585,37.96924081672669,0,0
35.66032298801827,53.61272816457525,74.89786894189608,52.752932175299236,1005.204718085198,8.722530582706334,29.44657595419177,0,0
48.19586574367548,152.72115883195215,16.813581091974307,89.47743807183302,998.7431198249513,17.89104453788183,79.98552559473153,1,1
29.882472656423168,4.49386166402348,32.24128312619353,63.330737172869355,1013.3478219826147,5.157753708664046,13.935607407282413,0,0
44.222558287975474,196.88043614071043,63.0828218763223,33.73434286786428,977.2307326519369,0.36781353094933467,91.4298806560499,1,1
19.12128790115494,115.30329510285071,32.88662648246472,64.33424020126347,1015.1420388351864,16.594836074144034,20.64212717606032,1,1
15.384854003046817,27.377126013761455,108.00223702177261,89.91120620500122,1009.7413102170308,12.010337208673068,66.50366745462554,0,0
21.137994751820735,182.88238918499195,50.25246298704877,50.65108225995979,1001.8917705282838,0.9393193355011009,16.628336875607943,1,1
40.831176574922964,16.559733585025292,72.37825313596659,39.627928774505676,988.9295614041977,5.773874735413997,35.567271646494916,0,0
40.16660668144859,59.424343124635,67.96855683562767,58.08403217592797,1016.3671165362648,18.73659478649516,73.25720972102503,0,0
22.52291325067649,6.2366270122569345,31.47168531597901,67.60623445602039,955.142581348425,9.927324944024727,59.68428489168892,0,0
26.698536178593628,154.18244074916439,12.791790376052617,26.0110225388647,1022.8188756203604,9.90982632412397,68.84023964277361,1,1
30.218956851131118,49.280406647821366,98.29227812090397,83.95327031751833,1019.4696470854427,5.4429027445992535,59.023066686908706,0,0
27.63408639290094,18.316414665326832,110.07762905546913,30.945490473516912,1045.0237353820803,8.920115459159115,18.513292883861965,0,0
33.966533158242534,174.58916717528166,87.86698636914734,84.52489182891598,1015.8783366710718,13.84553129035705,84.91956515653193,1,1
23.738380310071506,97.88499272862809,26.545133018352267,99.01344063973175,1044.4059339686614,0.788536227370118,70.55751725156884,1,1
47.3836911095483,36.11506902546671,68.15342766631554,93.23906380704335,953.3945978585799,13.948405344936798,29.734900737255078,0,0
47.35386683817856,194.21164903307354,113.31197869361208,57.9371373325971,1036.2042650989313,16.890987970701406,31.910047324325564,1,1
44.01204159527371,7.401526943098524,71.55238541784637,38.40070698301624,962.0566885777279,1.5390640325841831,69.62887758781397,0,0
26.895623731882317,144.9533543057523,7.842760895873084,45.223227026448825,1003.9491292375337,15.814463296779271,31.875250293206992,1,1
36.906198175295316,177.1955496472374,73.90358258187655,38.6367579802907,952.4400781556539,17.401977478018598,2.126941085038714,1,1
45.614558543946984,105.7874268054424,112.68812382154753,83.90265886189323,1049.7934110533338,7.014236309034203,76.71882889311269,1,1
29.067581976323474,95.97512406078177,75.30065558620441,89.8941691349071,1048.4083469199295,15.365468277290365,41.77667821673337,1,1
29.747495079697458,147.5164603177783,28.653257492196282,28.837929050511573,985.4622157640777,5.744779833081635,29.630812045599008,1,1
23.176271286746847,8.418637927272377,2.144872168009657,99.01779117888252,992.7773133735863,7.686532943193633,67.96472826930699,0,0
22.638886075277245,189.99223679004507,94.36140172986624,27.15288018498076,991.7580775784928,17.582366151243292,94.47320222914102,1,1
31.359052893745442,122.68227784214154,20.044073531049026,99.29349009095813,973.1671701383443,18.854635482702513,64.96466489923685,1,1
36.27078782076007,102.53770220330172,27.680377406131043,34.12224256044066,972.0486209070175,3.7287652428850904,77.95844735667534,1,1
27.254384070835552,11.568535312679273,116.29231561689735,90.70287079707406,1042.7752283195214,19.898156452928706,17.38952492194873,0,0
28.868470661593058,151.64769514081826,83.52247416645507,32.311672507188405,1031.5833124990618,4.488811436733213,22.38176148226231,1,1
33.79410480126948,118.58798696834063,69.61034494053735,27.31894699182039,1037.746086263038,5.312000851774121,12.951492128280417,1,1
46.1061827954142,191.13029964595069,103.45531407185408,84.76128597799024,1015.5241980639022,11.017147412182787,8.698675991141014,1,1
29.295862457474456,74.5377034024628,31.170454051239144,77.87360909508679,999.5875735078771,1.6209243181529587,22.018320194981133,0,0
38.91405672808585,15.226171898060038,102.14482968585224,59.611722161117946,998.0586577326648,11.848155693190352,82.46809659251491,0,0
27.173322276576755,135.6032305118127,67.88783567949493,41.362261613553706,1037.8629986355159,15.948520432138562,65.84518346584255,1,1
44.77036051829847,173.45884019196046,85.00355720580417,86.96106626909376,1019.7471461669284,13.602815435206008,61.86113782151843,1,1
41.34508238451744,31.72102105861474,105.70449110387142,89.74748221961856,952.9247283034559,16.516335011295254,12.886986747344519,3,0
26.729159899069966,148.70165125832156,19.291187525796985,85.43736192952497,1033.2134177957741,10.149354675216724,0.638587171683358,1,1
25.046334661121946,123.38538367514845,117.74234136329082,70.54508216133347,975.980358106416,12.680114061992228,53.99853797158555,1,1
42.294588830290024,21.396127765391682,91.32334830024337,63.301326294088824,1046.2992003858994,6.837443320773722,63.26218931339481,0,0
47.620983692850615,20.50194559813585,112.46741846837413,75.03085778406506,956.7837059105171,6.019271338936325,70.81720886452815,0,0
17.35727105140701,116.43409203525465,41.50596683435481,69.67324142139816,954.5742033812513,17.430736123047524,97.3488969177397,1,1
48.9107249349992,149.93036634858495,15.610348815675836,80.6610556743218,952.4586916458802,0.4424710305799451,32.36102191495412,1,1
32.1025116641633,154.08148356155863,81.99544519278062,55.67221651013987,977.3626666281666,19.942490003154223,42.6181302235973,1,1
30.79854585153864,32.72476423833383,95.37714584999152,75.49457806251908,972.0769612788761,1.647620912316854,68.0499302074713,0,0
37.90789249983973,54.65190539964186,114.10362747004925,32.08463134247202,993.2334801042601,18.872318403351976,41.97273169261223,0,0
37.348408168243,79.51887959255886,32.9058242818404,98.71821183678625,990.9334006315044,17.88198407358269,22.995460589108617,1,1
22.458664640877917,6.226816576902272,78.2000190451062,49.48210749790089,1036.4358249839638,9.464198133831143,96.81934279147217,0,0
21.49339304960924,173.72463359112217,93.19162233500901,81.67374757152416,1034.4783228116887,15.220479818859978,62.62203216314154,1,1
19.593570718883566,6.505235898250383,110.50174173788243,69.33202516165905,1029.6537290976175,9.630447030251002,11.730818896239448,0,0
19.381502727089266,137.11305744579428,51.63670738793552,36.04197813602694,999.1594546741437,1.2841787415026817,58.19714019143988,1,1
24.41476915522842,159.51182012743763,37.24343507082885,56.4176119265441,951.16205399081,1.4489377558911776,39.24935564066848,1,1
31.797859215099322,120.00410962386074,34.99950944511639,75.5985508901234,1036.0122397189205,15.597019777866997,3.9618825348357145,1,1
31.81774315402401,20.986035683634974,29.045401903503297,98.93300746137172,964.2495542901513,9.977763069027121,61.81557343181191,0,0
39.58627396904364,111.92973669738282,1.172501690302039,46.11690465951935,1001.7711643384712,1.757329982896667,35.06269312091808,1,1
16.16210880769783,15.715699431004149,47.63079314419153,30.617260323444828,1006.7540848261558,13.789299382745314,80.05866991090829,0,0
22.005258548568353,33.49651645181395,12.548140840128031,70.91441996349093,1020.6475726486901,0.6317228965128407,93.62122462436898,0,0
16.818994927801533,108.25926706021409,85.08726233410997,89.67752989968685,1021.4086932132428,16.034561661395838,33.94501925428061,1,1
43.518878981127926,16.02296927693503,107.37799872726332,63.8073900922989,1031.7297769962493,9.046365690366002,64.35776951965249,0,0
33.42409313276396,146.31790435106637,9.795597843670748,24.828166719245104,974.7103234010146,3.190893602263767,87.17835665922017,1,1
22.672489557531552,195.17305116382627,40.42749501253282,34.569433255095944,1028.969850714248,13.174155510017522,49.8195716453139,1,1
34.43772428281709,143.84035565445276,27.414568959755847,99.70671328453935,1047.4793162146784,13.006513726938739,19.954245092914512,1,1
38.807988485095194,14.439681795835169,3.6783002646967278,40.6146310808971,996.2622956739316,17.36545010816761,72.7169069766308,0,0
40.99472824199934,85.09866688961507,41.51219910563555,49.683101038768214,1048.7649563736059,0.8021838282496496,86.70314961224486,1,1
35.25363930003377,87.7230838379181,87.03091924981638,58.93351531397623,1037.3423238081662,18.01403728022517,42.17209268734554,1,1
24.688972903226805,118.47006571867244,109.48360147400291,36.85297512045332,1012.2966583563483,12.631204401850411,73.3113022415281,1,1
19.604868979454093,143.16499293641772,109.08390247987693,34.37464870961936,973.7543324923878,19.427901880832792,18.097695270948975,1,1
44.90347826793527,98.45557128960695,29.667728928381244,89.65999210180091,994.5305255002665,10.296347078593804,35.92333693997657,0,0
35.75327980022246,32.70477451700455,46.92978439821128,97.552985786823,975.8133432701128,13.134733290825844,32.51900642246949,0,0
42.071559399031024,26.174732143669964,116.37852540942536,56.30316331069114,973.6050463346464,1.4699349466002531,16.975790508754073,0,0
33.19208819946061,67.40063528625726,99.46600390591314,54.47100189294447,974.871427258763,12.342899732080602,70.67772168854458,1,1
20.846466776533244,33.52384325766353,4.400571232025157,78.91216120525124,1016.3804527621805,9.492617514996278,84.41704489691972,0,0
43.19845535325186,117.07087287935043,104.19255366159103,36.46729680294146,961.1919619397728,5.394992230339792,5.708685608931486,1,1
33.59093348003612,187.3211384589923,4.721224880221158,29.768793120802144,995.2199028283435,18.6775003505581,31.61561049767505,1,1
32.753218304093735,8.31457181007842,17.801184115450663,98.93040983670775,1046.5118696436045,0.09879961868819231,95.18117854232389,0,0
37.369197823542514,173.58365890400444,54.568782676063094,61.24768228634002,998.884658025692,13.337285150922087,13.96512547563129,1,1
16.049075645543727,61.58598831823818,84.5616915283976,36.14827616983587,1017.3432433324917,19.39824092214541,9.39007157894184,1,1
38.54107413787942,88.75004386091423,104.17707052530065,34.17198315579087,1019.2625952226165,16.762305792962206,94.46142194740233,1,1
38.91368099013761,99.43495280168545,74.14166882414565,89.51239875829745,1007.0609746638829,0.6077411939367372,93.09486955069778,1,1
39.13343628610464,135.30267715544932,25.88101828772606,72.71083761861257,989.3864405654158,13.024659540829841,10.659303030799073,1,1
38.02458566110626,199.88274515413332,5.785444663266723,98.17393473770538,990.6907960722871,17.415069006745185,78.23854840582734,1,1
34.84556913453338,147.6898418502653,105.42186735616174,52.331225732082636,982.7033161563239,13.351867711271694,80.78459419412586,1,1
41.67997971718155,159.5627297717269,52.26999777755196,85.42673729400173,962.0209055370608,10.889781959216991,0.575866049812157,1,1
26.36050404650946,73.29230697427957,47.54072299311065,75.63737653518898,988.8558101270346,8.973872452450614,23.754413087432745,0,0
28.063812707026905,45.453925452630294,8.783510852213237,68.27588747051024,1016.8212798555016,12.38980692019229,46.34940438005724,0,0
28.292502306273043,172.66672991436505,62.289814216346166,58.33455021037848,952.5642065806436,6.824956552523127,38.019561878585705,1,1
28.958797331391516,116.03447384546645,64.03230560722541,68.63240742347557,1026.488326154213,16.25971477432187,71.81230762264944,1,1
48.443329358422716,3.646516535272326,23.493358282025532,20.605029998251368,1014.7474714154603,17.96061097899974,24.34822965762993,0,0
47.44620906787073,12.05347805791217,112.13232321666172,48.12981497917075,960.1420828449217,9.717435183726513,25.677656772050796,0,0
24.970551568667297,61.45799298525731,96.36310773991961,63.132902134020355,981.1307699156004,12.206675666218366,71.61506742231936,1,1
24.541840025673682,82.70982030507031,14.626331200433707,34.491947962774425,1018.1117853964982,3.628766953912539,52.516338366706016,0,0
39.81661916028514,21.375384618948768,68.07746635546843,40.525022696109104,1046.2926875237579,9.670912934398494,80.59925497751581,0,0
34.25792897546916,8.682506570963833,75.97816507128269,96.11226737653256,1010.1611820146331,16.383777188535802,88.42064633484078,0,0
22.982792018212635,42.40896798164533,73.317718662119,52.882277584536375,1033.986130286672,18.000462467960222,35.34213793027181,0,0
23.29046956410687,156.10510304877238,32.97672426577633,85.80914548109428,992.3738253648763,13.350997985829409,9.553531383466819,1,1
36.83507636368006,90.35353574744582,70.39301558105689,33.441136619589074,1023.6873744944182,17.25594155086457,21.673980009077564,1,1
18.35000944320566,4.727717209267279,77.03658005319193,68.56752288710246,1004.669741271407,4.638941922319509,39.09059959055147,0,0
35.80667173151606,99.35337177183388,118.53426242578648,30.91518020453865,1019.5144554047594,8.086375362085843,42.819961492561475,0,0
40.11592179803617,138.48723026487392,118.9507192442626,30.27154315633002,960.4109649384167,14.486776342574823,57.83869170064091,1,1
24.595623329593206,15.883873797797321,10.278989951571663,91.53526997312946,969.1867324718743,6.467431242310415,22.6656402226988,0,0
27.424870704117808,13.884768549218673,62.28717490899244,25.409005087377192,1030.0356507822362,4.6742416382086605,54.00119146045106,0,0
45.80276806465104,130.17547380943884,63.95493438616023,45.94670024923005,983.3001913058198,13.389739103963802,99.41393612211675,1,1
38.16437164472825,111.55668347400498,87.67806122870954,57.21644898269745,956.0142342600785,11.245936317558197,95.76252845053801,1,1
21.135602982518087,138.00097816413316,24.112042639086777,62.8662147578465,959.6676449646719,9.007418725163703,75.61633288952461,1,1
27.165003348364372,132.9823448974436,95.45399529476751,94.17422555835621,973.4642081855453,7.986318316186162,15.241601333041743,1,1
49.73692257554313,185.40019358485907,64.79485563366715,87.3626635501137,1002.0957977272042,12.471713760055195,8.912443211601662,1,1
41.43446471738828,25.542696727046966,99.12811563030341,82.56224701363087,1020.8744697742976,0.7232076104952423,30.31283559453286,0,0
24.2089399468795,72.02728149430382,10.517129611660625,94.95662584248502,1005.3802240712376,6.1104862131604705,39.698151707428345,0,0
30.652088917669246,120.11886667212346,61.881531323579736,93.55135785715339,999.696348290583,19.84316029646625,85.14249577450957,1,1
22.297868002506753,186.11904292878324,13.963967746257131,85.39597667929533,988.062329347658,17.55948640890139,86.80566901074504,1,1
43.20738900411674,158.0060872614123,36.561496691764894,26.473542644100174,990.2980178765162,3.4704902997301734,69.49510889024617,1,1
27.113490428822494,195.12204017198297,76.91664928143985,85.79844509074887,963.2524672741848,17.24028964545245,92.27571905133944,1,1
32.04716715866276,121.25058755019549,91.77717610835946,33.98709018083301,1000.2566076463443,7.973260555446262,14.63739921622491,1,1
27.863704780203598,13.634461877098714,3.097428833938438,30.81330313238582,1046.3115111589175,10.99059071790034,96.582216115322,0,0
30.13742574155462,62.363226617051915,60.73702354082929,55.16093509063281,960.5664684261744,12.816526293804124,21.60381825095996,1,1
36.68557842142404,130.04021847963068,18.242982375437773,24.907970168853453,1028.076158606844,9.196008475386403,5.816379550547579,1,1
49.82032110094185,11.556112199273327,83.40422746302639,98.69431402107308,973.9180104215926,2.8449873737439235,12.138493942242889,0,0
25.614630164865844,20.20916220212934,83.05936100329583,24.983343850405014,1000.942212814979,19.933937077059536,81.39702695060188,0,0
36.532680338085385,61.25072415732233,74.86750035499662,62.163317112932134,992.6083383890372,2.6142075348039895,88.66042152404667,0,0
30.742462708746288,38.924502364153014,44.131122105274756,53.130380202314164,1032.7537895566875,14.672287611228041,76.93048936413398,0,0
15.386094255002652,83.23079963595231,57.76129819623883,21.535382145844537,975.9813208745035,15.2057964624427,13.710970572899905,1,1
33.73585460084071,43.0403744034475,1.4544929572671927,39.29611660796332,1047.5873754910053,16.03074223765979,95.95766443210334,0,0
32.07489153742269,21.947239735500702,65.75513867684316,56.350186764796874,1034.4357082739616,1.9616516156848918,48.82411370217782,0,0
20.25170326428945,64.935185378012,88.48284928653595,58.081450349501324,987.5888285145769,7.889525571400706,45.94467684059866,0,0
42.47557903429699,178.41693778804688,114.6401623804714,82.9522709004236,981.5406895748013,13.762694121730842,43.760312405539196,1,1
23.91347177161179,168.1743158851845,4.611161875479,92.14095937083388,996.1477464624734,12.744029536165609,65.93539222057827,1,1
46.32912092472877,127.33393643344147,73.67203017120741,25.332163244855195,1001.8408021945204,3.003380016340833,73.74337687214856,1,1
32.92776722844361,136.04555584167065,5.000748072286112,26.783361283664256,1021.6323388062682,1.4416867199734673,7.12567277652586,1,1
15.42379663322106,191.30027965989603,88.50100313508084,48.260112680165136,979.6535581287656,6.994064594916991,77.46535311811819,1,1
38.14797138746451,37.03911357349359,20.89312024009012,27.871651977071785,1016.0302719701338,15.287453244434719,26.5046428325004,0,0
15.733073636081949,16.43433349528547,116.14320418140366,43.63558219819362,1026.9223147838134,12.493271377085275,38.19396396528959,0,0
22.199054176844427,24.277283631881286,73.80155616466399,81.97070245102304,1014.3904253541131,10.606042664983166,4.195122343163627,0,0
48.89710721580343,159.7428383309149,35.138644404115766,98.39762634870806,1010.1881589636322,11.648453164144929,74.8073179429532,1,1
43.41194258315481,131.29572146630053,15.371489563944003,47.06140047955987,1042.808364032605,4.492312236877039,37.21670238375133,1,1
30.12269090304686,87.88099793889043,73.55274989934306,95.4460670195766,974.0692711832505,2.4300275260183613,19.747048985993732,0,0
46.04237150732443,129.1621625310412,34.30881470869922,85.27575511748938,1036.1369996363437,16.930286773805562,91.89265336395545,1,1
23.828435706067655,151.00838574925567,55.2647396728968,87.35988423120492,1022.8490677161614,15.528948929994492,65.61618376810715,1,1
21.21000693143974,109.00538377938767,118.16036874294099,94.99104531976951,954.3173735797012,3.2962963145887425,13.172877345456191,3,0
40.409296849485344,163.55706597138902,25.62136395728063,60.46821543614632,1034.07030280112,14.656030895325012,54.223720549184826,1,1
35.662169166057055,101.67210938325599,35.70581415825847,65.20175942872129,1018.888530205009,17.466458317216155,63.629135397924806,1,1
41.63925379651053,32.0143269909146,55.38689693037479,20.746529586167462,974.6678864521623,14.529234302260097,99.18099513493634,0,0
18.471233485552556,80.29886317225765,96.00851624389914,36.32285077031191,1005.5084949302286,14.661425920593496,61.5985450260179,1,1
21.580865711539566,71.07691373714789,94.05501413824767,64.33812113056133,950.5229613542913,15.219815200561877,3.531135494023907,1,1
41.100682395593125,40.49611203304748,114.96881761432563,49.43526010416676,982.6931616338079,2.9777610066488935,30.560421549021488,0,0
45.68277666398702,199.26686752544947,44.1971436608218,55.8888504763634,1022.2070938202737,17.72391560930149,59.304433418678414,1,1
28.703399436224025,82.52436816972475,83.47417757961682,20.257461088342296,1011.958933745984,7.109860208827148,79.41973312770843,1,1
18.254672393809624,117.6404533896781,57.71674678633485,71.38604207241819,956.4853594482969,11.599675748562625,56.14845879595237,1,1
34.62310330456599,120.69753331929095,81.17615246716346,84.39911997446158,976.9820720128214,16.500988203601242,49.82556822634536,1,1
17.69703976970159,11.71018584879584,40.1085982435273,82.7917581689174,1020.7680934740915,15.772299293448128,51.72690564416094,0,0
30.40696492844217,29.49050534125679,39.38313043311739,54.72154929391002,958.8600429679617,4.412239054224225,59.82252940637388,0,0
40.748208998371645,199.66950227858993,111.97359976122692,71.40521596281532,992.1248053294072,12.723547294164653,78.56516180802319,1,1
19.141766682318554,81.98097793925766,100.77627427627407,50.70663615464352,1007.1872271227187,11.755387217243964,18.447625313363936,0,0
27.678240457830093,66.90225774838643,3.1436050238477753,21.935341111308418,1033.1697043675774,5.461416199456249,51.80787662388154,0,0
25.455395075607058,188.1358490230681,31.11561106389285,54.37254501911481,1037.27302504846,16.838671335836175,18.610141784627732,1,1
43.09251584284986,91.63737734757854,57.95626465024262,30.6783977932755,958.0601513757125,14.558786139475304,49.646115235529976,1,1
30.289774591531284,145.90164573047934,91.86154787893317,32.71265341354828,1011.0225149477641,2.7070816455537106,75.13750860290457,1,1
37.99343046934988,191.3229242166916,8.274961962770542,24.564377692100344,978.2187074693201,5.234113674718119,24.697879907199983,1,1
46.71891031823628,49.90923996990122,32.63396713543572,80.7518609934371,994.973984245054,15.534211139103624,6.536615756438524,0,0
32.064991778568455,6.7227200366565265,7.518384414642543,92.51499626755287,963.9245371117595,10.648413645504341,41.10956026007065,0,0
27.157016419059495,179.9666691374545,2.61880761305874,73.10317489404713,1046.339443421355,11.20336366923684,93.68224620330918,1,1
16.82902577501083,83.75866381483227,31.21893491544614,78.46567719845838,1048.1297090497246,5.130601248884956,65.41746014740745,2,0
21.933417146590905,113.06605091432198,55.67189840260034,97.76042637052296,1010.8527272696466,6.990127441736376,11.409578488793336,1,1
20.29363900572271,45.06338599024702,30.115999360835758,88.04928462729103,1006.1222788282525,10.467818227487328,11.476887186921747,0,0
45.10488926723022,144.56286064169674,8.12020342800019,76.62680777838149,1004.3538217342646,1.634506914935565,45.830064152865646,1,1
31.964370049551643,33.15490803265515,113.48377764003388,87.99802971845295,1016.9022337329109,9.245911220012143,41.17655415845085,0,0
37.7840713502834,109.08637388138109,7.472772705826274,61.000211901626535,1030.640361723284,9.18479755193916,5.195657755426842,1,1
42.51973697844116,40.27275642719488,31.034500186564653,33.17650827458367,983.0215064871497,15.1350301137727,51.93858595039374,0,0
22.17084459527494,175.56601563040817,105.5498225941835,89.64627400368056,973.8796211381539,9.024786883619761,98.49896561408751,1,1
42.02043667084966,5.433484245111964,7.824550951259046,57.114510144986625,1040.9220205861561,10.774035959054284,49.781250803429025,0,0
18.69157949848207,131.3560209448588,98.65237927202706,50.43360060060499,1027.5611850925327,19.289533078016234,20.376645912768907,1,1
33.316537091815945,57.42759161691511,95.14253028406073,66.2074692704926,1013.4582417550304,15.958283192317882,39.59704726624549,0,0
47.02815239424651,106.605773449228,18.95457874024176,75.67192945350419,1029.3261350438254,6.335233541350533,85.7179256998753,1,1
46.71501391680182,55.38089747556179,118.02257672582665,31.256922243900675,970.201566840249,3.6844967847605226,89.39897100078704,0,0
37.90023933137367,30.420856644454574,52.83881020420188,69.22384200558416,958.3464084989383,17.648327368146774,80.36035354415351,0,0
32.68223707518234,193.42532305183408,50.131317513011965,98.72882552291982,1016.7919998803627,12.693425465078828,16.5954895295785,1,1
45.867471540662535,85.49793758412304,19.468008693897524,21.00860159806072,1005.9755683638383,10.547992442453527,71.93536223691585,1,1
46.15903185562307,15.881316928605905,87.77957884084348,34.99295552780658,1035.8177053157165,16.38127027723312,54.07937549855444,0,0
39.858497951815906,62.87002263674968,56.540147871937755,85.73095181683773,995.9265197173214,7.155965306508836,49.421244725029986,0,0
43.98872383530264,67.04160947417455,20.851391176289255,76.96112162646246,1032.5978212708083,2.0127495704706666,23.98741127559447,0,0
19.969019641634787,69.58828231643332,54.042117468649515,79.90610695706451,1015.1147584881674,12.418571349568623,35.23749466096544,1,1
44.4506643579666,94.25743347963291,117.49259256181854,70.73137106365894,962.6264741564503,13.523551241508681,32.5104015431699,1,1
39.02145188401341,13.928229632481148,20.985772461115126,88.4589807124629,972.7179557023514,16.7408225048588,27.927608845441043,0,0
37.50086685205477,138.8301147019662,61.51857037740635,44.4248541357385,971.2644376371096,0.6637870912485244,30.39464012407238,1,1
37.86069766859491,187.66096368969653,104.54453787156625,81.28518212282421,1028.84473432533,13.299698069519906,26.0286857566003,1,1
46.75182607470404,134.1464623811668,67.2528757176528,28.879157537078484,994.7055543806425,9.207165424038525,86.45636095226699,1,1
34.1326877065726,76.08010979408193,117.21603942127912,28.857647466105256,992.2548428311944,0.8404935034281058,73.99041207669303,2,0
47.13267932697027,56.007465910097885,103.0010012158945,43.37745843695182,1041.0770161643916,15.079238071935679,80.49067768414386,0,0
15.630229446015907,192.5620714148052,87.20051904843879,44.380087630890664,1032.9394664858846,5.630423968298599,87.2753839566128,1,1
18.940313664417797,140.73719549215915,64.88381719738923,27.722757615635267,974.1893828258839,0.2480807255462958,46.876796546450585,1,1
25.54428412660001,119.67149685955177,35.66853692503406,43.993528920558774,1024.3193198731603,0.962856719567069,90.28949951919873,1,1
44.82923560369135,133.56093664528132,71.18658841288611,91.38419985117218,968.5330179528714,1.5793832438165722,23.95101699095381,1,1
42.81023975450666,6.934053345296665,69.93682021001875,99.63500129530479,1035.569609383754,10.428913780871788,6.364090928664234,0,0
44.09807300349985,119.79570163544211,13.791959647148019,27.508582785868498,1040.9626819436592,13.384005258761569,82.92867993167555,1,1
45.76426150987936,114.35447040966444,62.09356221060495,54.43419282567922,981.6946587791119,8.691919217174235,77.38796557301563,1,1
36.0673200855296,178.5046579909692,53.205601725502525,68.56716629750032,1013.1307553091989,11.83394324612651,70.26337730855164,1,1
23.310171393118218,102.47275550915813,12.50697633700172,50.760906211585,998.7667068621264,13.04448519090945,95.05310525862035,1,1
36.022787329192454,148.71878323531195,60.75192713942433,70.72832251010651,957.0932216133773,5.08783161683694,36.185309320513866,1,1
31.537267425227974,9.129749100476747,16.80289170639812,42.14514462330446,1047.1532690901051,6.626940142061015,48.20410581120825,0,0
21.863419945843752,122.15601421515365,33.681985861916914,36.55940627507414,1001.6572628445979,0.11011598320841642,0.7664032649225327,1,1
22.667408318565023,7.344272500164228,12.963090495682966,47.10885194710013,1030.2585679579813,11.440972867386016,51.26677259564164,0,0
25.27210881228426,186.35074388656327,47.641804948463,26.96742134366172,1011.7066516117801,2.276767869532028,34.52231428016921,1,1
32.75941785512331,174.84450493703517,59.22558964081424,76.18070128253314,1049.281683899907,2.6297823979596324,27.47315255195195,1,1
28.81016264591762,84.36563570776627,49.32252903186549,92.6088802045244,1021.4032644466856,12.158104281814076,30.93727178627821,1,1
43.83266344774532,191.0121022969978,98.54379390602719,20.125208415317832,1013.6401370183407,1.0227076288420145,25.760722033372186,1,1
17.08336451217201,120.75909058987754,82.39078961911281,29.159011045272408,988.383888304498,9.124730179110841,36.90530217609166,1,1
19.23587501698176,83.78955803749508,90.14136573701018,25.680613162660435,958.0180014081903,7.095425836719684,94.1725711618925,1,1
38.40004263530199,135.73399133451295,43.43039890054379,67.49286329668308,951.0131184027744,12.721920928190844,91.32869475762368,1,1
36.440071392068674,174.739718693269,86.87676665593126,29.644673312295218,1040.2453307285841,1.3288768871154977,53.39674725477638,1,1
19.97479933277102,2.341322146180813,50.644111215316684,43.6032566123325,998.6000493797603,11.543997734691017,4.373907230894735,0,0
19.305115329331098,111.72847929008508,41.180082380718986,78.33387900395584,1015.2291648591939,16.912087259798135,69.24928266692253,1,1
30.047587708655186,134.59332447888647,33.045740910650224,44.505079902257016,1028.8985159920794,8.928390328031643,79.83803405183525,1,1
43.784783078389744,171.51246753225675,109.99622830094488,54.4788176410637,981.8866818321139,11.643974931882276,37.117242343762754,1,1
36.03759583800816,141.1171725287649,82.60860221905642,49.96423096160971,966.6860201698753,8.61058676924415,14.259414408190874,1,1
46.15339623143329,69.17549214757148,18.535169666798854,22.035820792460072,1014.5822386286484,12.738046349094866,34.060416658129164,1,1
17.509916109667785,81.9257789790464,37.34609940760723,74.16965117880075,1010.577924945269,7.2918745639508,21.78925542549901,0,0
49.581258815445715,90.80032423922297,82.59290829362844,31.244237406268862,998.5589699659398,0.5507343973893097,50.545511791044994,0,0
48.74060924911958,76.84134259716005,4.6795215089893905,22.47646327354748,988.798675994687,3.200498729263881,2.335209632818591,0,0
41.46747648825619,91.70460177637814,34.70937263671854,92.00665464131846,961.6138960200526,19.118376579106386,31.396671737735282,1,1
46.09412853080384,120.58857529589231,99.2048831689785,98.72105305683715,978.8405437818745,19.22270970815186,38.94818949024204,1,1
28.49291666579228,68.07742085090113,64.96891288171022,32.33160345427897,1005.3711485358011,10.83409624820008,76.190181260487,2,0
44.17774866781549,88.08827006248481,36.27998992217925,40.746791785367556,969.4623836704872,1.1529516439804977,34.244797883471335,0,0
24.458669224577413,193.28347717328148,66.92505915000527,47.78216312244061,1008.0467600993696,2.78393402691391,44.40437492022029,1,1
36.91820124973724,97.77956635849027,48.21345607851891,99.50787111197586,1038.0314762148928,12.468119163188803,56.93773611822828,1,1
36.72311679386044,40.26242156448665,47.41652919171823,23.156762631271945,997.5546037486827,10.860491679153263,22.77497361032096,0,0
48.74100965079298,181.8909221874484,86.6571882547087,62.670930301229006,1036.9969159647685,2.6130468764692583,79.0509794274885,1,1
19.36872848883969,158.84213250988108,33.09210819016283,90.16724648145511,1044.4042093825399,2.9759193881023127,46.267560506539354,1,1
49.334558235693976,96.68148719462933,103.62570270174541,67.09852177050558,987.5329907919602,5.715671110517404,20.322309108608728,0,0
41.662936698219404,77.30810136460558,61.35305546409014,59.386038400094556,1007.7279029233131,17.311542912491046,98.07393435834294,1,1
29.265447300083594,165.5037844212606,91.74333535856611,65.88231611644586,1045.6047143611934,4.009490310568056,10.92642103096214,1,1
44.888668843439774,87.82996332674966,101.63626250484725,91.44721641563319,956.2457593619072,17.669295259721213,44.831905536942216,3,0
32.86513711514813,125.31850221864205,111.16591280761041,21.52928755438112,997.6843468317817,13.754440848611214,72.27069576982285,1,1
39.23863510379878,26.88702588162437,35.92747060460175,48.69724203336108,1030.4437207679505,5.5751974482910605,21.070496386720315,0,0
48.510680666333364,1.77265702269378,119.73850268183739,74.14570390859166,1032.8469299449116,5.892387926923863,1.4315277667059978,0,0
40.82543314965355,166.82891940013516,88.8571358344223,31.428022984067088,1025.342792225697,15.378455642152819,65.85405156700548,1,1
41.814057647845516,169.18428793554642,73.632493708495,27.088377117574325,998.762780966721,1.5529866934321013,40.75430310324308,1,1
29.248727119396968,13.201968828048315,41.85846407633752,28.879847903305187,1030.8235210009223,18.953760519289414,7.231647525793861,0,0
48.42903225520955,104.51531986734904,35.94788135446487,26.14896602209308,1000.0624268070418,15.890310889814973,70.70864772666981,1,1
16.75791040123908,14.580367073580703,48.344793915916455,43.623239523835466,973.2384323056048,5.620089978174272,80.34827432968846,0,0
47.52298187711489,81.02053890551329,108.73332025589964,45.71965609983056,997.6436986343791,4.520579956319994,64.0476042175844,2,0
49.26433903111831,120.69861920867572,42.93769009362586,71.82539567924226,962.2920678465388,17.773181605307972,50.30839507798363,1,1
30.727240971387474,117.17295769070384,74.97406353472829,25.742064498121042,1018.2617221223402,4.838633606310592,71.39526325065899,1,1
43.788717803446886,160.79170151050405,66.3001160889467,61.613591384860094,964.2875961339412,15.506923008062712,27.140938044671437,1,1
32.38433979862813,56.85481858550334,16.059403559963176,70.36461575133893,955.4332034822904,14.972904682524,31.758679526111667,0,0
15.004714255156987,102.22582784744596,5.622229023312375,42.09356462567196,1020.6976487455717,1.2537924324373173,83.93384923560023,1,1
15.133697293050409,49.36477384038045,88.90848673824857,45.30161197834454,960.1892388066013,7.204678376008557,27.039328638452552,0,0
44.49491657561942,62.66958351702863,94.67189661312086,91.34977158485879,993.3817419576529,18.19886287708784,37.73180539631929,1,1
48.742744577153786,17.857904905114587,82.44231198038914,59.5051232365543,988.7648805455647,12.654237574972019,70.38570916343312,0,0
15.152714437760817,33.39061774943974,85.56552607611825,73.31083308625651,1046.6047505128677,15.22075580501566,95.0772707731338,0,0
39.58891755371825,59.61044172788863,12.643790670102778,82.54590906759485,1014.4149221475916,0.9637202478659246,36.005046590097834,0,0
48.48799354195002,100.08022914204024,51.927496322364554,56.61596841274352,970.8882724005164,7.374143417295905,36.98132559871766,1,1
16.832425706561533,153.51352570358364,49.98053182846548,85.77439094531387,1035.0348001119896,4.239881093973161,65.73534821701286,1,1
31.52986314570436,176.031347584297,25.888881501174495,74.22505602480354,1010.7752122252723,5.906029551436656,13.660090365117261,1,1
37.80739161670468,147.71949162646615,37.875281251602,71.5866083217851,989.5130907611504,14.264137665652354,19.92152748940531,1,1
46.1575250922661,57.48191929311594,44.13431853073835,24.647356166427983,961.1512212321277,10.317238054246562,26.75926767279715,0,0
44.2418079009768,2.9386777309907686,45.491285840632344,46.987643741527414,951.9327630917601,2.4873679800102044,41.36426749186353,0,0
32.25026045566064,80.85794945097382,63.712521409451256,67.61053399245452,950.9923821127836,9.281903189070078,96.34992408875883,1,1
33.16612980453421,135.50845349179065,37.423662950025985,81.91931025222101,1027.2921481876115,10.425920953082779,97.60138232792136,1,1
19.394257516692868,3.3895329779161987,92.41898541085152,84.5724429891906,962.0207229120576,5.3116566591721215,1.755236336662891,0,0
25.265801377319764,154.6283747837343,62.15526332550947,47.84764745346305,987.173929490633,0.027072514309363083,29.98005275652359,1,1
37.626055957327566,194.83888876327143,101.64729923806794,21.88759717164233,1039.856060467484,15.66396826597252,78.03761235709804,1,1
31.029851565125,79.60105859090056,36.349887459983115,25.255588716349262,972.8235363493699,4.932072699560493,48.40770697102016,0,0
41.16055423088429,94.76196567958932,6.941333933659273,96.62318407905632,1044.2724319094111,15.703790862968168,99.13279015642206,1,1
34.0568816480092,192.55367005064122,9.072604874010093,49.254459860909705,972.5381268006765,3.9166616826854006,14.08029488926761,1,1
36.78447745480988,156.264371149461,69.39580793044328,31.757016767056776,1031.112376993347,12.71909414327457,38.81657061269955,1,1
38.594560343762204,51.98099584856657,41.42306501930526,93.39886745055922,979.0504505671421,9.399765363158732,89.01411373960147,0,0
39.77024725936346,12.44064523294055,17.676365313476442,20.627327261753344,1013.0921790229163,8.953468508208367,13.427485090227552,0,0
48.52769423698697,105.93194478912397,29.0271952935467,60.0482856923766,1017.9620332735108,1.5247843594712895,27.4703815047892,1,1
43.24379218093978,91.93297408053225,65.58925704387539,54.62528017675754,954.3899942643005,3.3149955964031186,44.554163874189086,0,0
22.321491289277475,9.995805731935747,101.23795968621884,98.49540233312926,1029.314287399674,17.07569843409334,24.197713031704538,0,0
48.62194414296199,39.385140890685676,114.17157724341988,99.58554351727608,1021.1722805746049,19.62287463583644,56.95397795671037,0,0
24.083962411163164,87.39917713312417,71.22731224545431,25.846524962161197,1012.2343264617245,19.62355673524589,19.010764978372762,1,1
42.74082907009341,181.57975875592388,113.2441911384265,96.81084835243578,1002.1459638721471,19.546158159830075,75.73102071344388,1,1
20.658500268293665,95.380021293594,86.19974104464048,39.787225265526665,1014.0615183548887,13.332009580932384,16.26997438085659,1,1
34.77798593584647,154.32538219572155,59.86747974431303,20.968249342088594,950.9038469079292,7.140586879400244,92.6194068431782,1,1
23.003687286126308,126.87273777433742,26.64910448319847,45.73359917276389,1034.8042089601483,14.577228845398938,9.539927731321063,1,1
30.004570734525174,5.833952729052894,57.70681759236108,72.99472093608544,961.8502623598151,5.777698778183313,39.783662550215695,0,0
47.18358586296174,198.65100308459282,5.389355879473903,80.88063387963136,987.1724066402343,7.849163724589601,75.42649733470228,1,1
47.1449251250893,190.18571890050967,69.25471032459849,48.569692744040225,1028.754908585878,5.020027665246005,56.40740288335178,1,1
27.55024615337056,131.32621474157523,28.847869547220828,35.32743565878606,1041.8239086675437,2.036073658990738,50.595790773493164,1,1
22.729847403705314,7.78599266513349,4.322258194971167,34.01774176846619,1036.6770354506,5.649574879540533,95.04591705752958,0,0
35.356780254621775,87.32283795375322,69.61066016033455,61.33587081810142,1025.8776253757326,5.649921319457045,35.30503916003024,0,0
46.293300588663776,189.2913026300811,107.10698729837694,53.55583951658509,1028.036550300688,9.526714666021975,49.75398521461022,1,1
22.16380381700494,118.22606065170329,22.336307730401753,46.5251759253755,1035.5030201619936,4.141516184217105,7.115828517343282,1,1
17.41526574144857,188.15690410062157,60.83045255542015,52.752965745361465,1031.087858100792,16.71651855821032,33.21910331156046,1,1
39.276632011582834,154.2245631703773,78.55808242391454,32.12760598400795,1037.5883083517058,10.781891054720173,28.24724263700037,1,1
29.882986490319286,7.514218079781476,15.344016146690107,81.24374004126886,950.0011634755366,8.331316569645843,52.251018108558846,0,0
16.91220470003403,194.61563259446658,27.135039749960633,44.33589757090247,980.3942512255028,4.608333242346998,0.1473822086311416,1,1
40.52706779307987,193.36909995985707,26.915217994205406,73.0437753442738,1024.1896326958715,16.968507581810496,42.262919701360914,1,1
25.602581697415022,65.05902680460622,85.51455997182154,85.34235732045089,968.1613967756603,7.418820163155305,90.19401967491501,3,0
43.23427318931587,196.97168055249517,90.50979116184969,51.45561608223378,1009.0637833994638,13.220285084946406,7.845581631712395,1,1
34.05739356863528,141.86416569452192,20.078556480127247,82.45053739404457,1008.3772780514112,19.04443571395189,4.24222982068917,1,1
24.286414814441343,120.31077585996482,35.587189464711685,77.15393312569938,1025.900528252193,2.050319281329489,51.38544642067677,1,1
32.81116944568696,73.85615404310822,111.95098350836065,86.2005055898577,1019.7209381909637,14.286532714699952,46.17161438131191,1,1
47.234808238380154,138.91908545065706,87.47772739869798,88.93527230298761,977.4071589342191,16.14141807733406,19.524060295649203,1,1
27.086968328571075,67.12209085396854,117.42305620669687,88.52297789983415,1020.1169861590259,14.541135232307802,56.20727944025711,1,1
48.14817334879817,99.2517505764723,45.66212518438734,33.04282695452728,1028.6205652261058,14.68887864151183,38.43550385241349,1,1
15.881769488573028,167.79946554360214,1.370158014488836,76.29598237032408,1047.0257109726058,8.75322656296407,23.497340499595275,1,1
39.67048535151836,163.42562840311703,65.57163792934168,97.36282202049169,955.1668721657961,10.095911966090563,71.845394732255,1,1
45.19241649022126,35.85112238155801,96.00041781164177,64.21656605748362,989.6553681989964,2.6343005715818713,86.52957589089124,0,0
20.50456228629004,61.95757184181985,34.805463835492425,89.71312273526834,1017.2702994208898,15.933627943827446,25.046789879249896,1,1
36.87059348624496,114.34919662874974,99.93964521459253,92.48696483850084,951.2156771477387,13.480398381175853,5.1835799119729025,3,0
34.21005327770746,57.52654580873564,36.81319194265694,48.23668027618852,1012.1292449049611,6.680999313375384,73.26990505902803,0,0
29.15845849508544,13.670640061991723,94.05118109809287,42.86066596741648,993.2766879599262,13.708877664438031,33.2456157148712,0,0
16.980497965135047,74.78420940256272,113.33382992331642,71.33875178388465,1017.1479148667207,12.645643072752797,19.899213895943678,1,1
29.641685243579804,150.18795967266365,12.164747706379098,42.22822208717698,977.6319108465854,8.64037855189012,98.0368740942185,1,1
17.362589133933767,103.74019887611901,21.523761841465255,97.65412363277953,961.3303504727464,8.072020047231824,73.78849848346061,1,1
39.65940498096059,84.54572737878645,41.58290015432619,51.808990284229644,976.4276263158639,4.106658774135996,48.303969755889,0,0
24.398681462366255,57.492332979450026,78.81072761694685,97.48298653599137,1010.3637200559375,1.5395893412993256,7.558361385406698,0,0
48.299812729594805,59.458158061466726,11.048038329897052,67.92356697203053,1012.3648778290266,12.970096402373763,26.74020278575413,0,0
15.528873947506627,193.00307389089437,30.1071654829323,74.08210304420379,1020.6629869878709,12.200148341589713,31.290739421364822,1,1
24.488368881742304,119.53365654054062,103.93147603340299,95.73869831387165,960.5905804403758,3.096572251954397,94.47362587830797,3,0
40.77873299171774,176.59876496595462,24.315916096241178,67.00686968875215,1020.1139594417474,13.602237708939453,40.81516908666981,1,1
15.538821209195797,116.58521136085263,30.372184701553053,56.020339691431225,1045.7581015083817,7.980706352848694,83.98016066644267,1,1
21.59892120122379,134.49209960500576,117.24083453267322,28.15144806983494,950.8319942227192,8.671655852652286,9.26254830513672,1,1
41.1934522386681,182.90973276971178,52.08251672505106,40.69693137243527,993.440331900661,14.468956357000021,0.9054161580370979,1,1
35.6308896319644,122.65833697747581,76.52258962751226,39.36176639847018,1021.4052723378127,1.8278297266355281,19.92703364668008,1,1
45.71145163290687,147.74463014531327,1.6494664813614301,39.87010082958402,971.4406482993164,5.4161265607394515,24.755977027988642,1,1
17.1884203509996,91.78810331936407,87.92801697433981,68.53853797739491,1017.2871668598079,1.622983570724783,95.14907101767872,1,1
44.34721418450587,161.01806369913254,98.7580566050121,94.6168406506209,1004.4253966113698,4.005640357352518,61.678360785254114,1,1
41.00085227837786,147.58347867080508,62.57388290002561,25.476697546686246,987.1112938430127,18.415332169267145,58.4448909757426,1,1
33.84161801394997,53.770702876438705,44.21387038998947,91.62768713225354,1016.6463047526836,15.747740535046656,45.434542306765515,0,0
37.05865268096552,49.676721748641505,84.65529963401835,54.20810669626698,994.2545514814746,12.986446491537633,93.62806214689266,0,0
17.24022213130173,164.94864746940152,35.08597324946317,55.51355636051022,952.1913328775009,6.020921556686261,50.26312426301305,1,1
16.966162707160365,98.21914587663304,111.25327546301128,28.431457448624418,1026.4440728075504,8.193421067519854,65.5173714524338,2,0
24.10828092948303,31.898452508271657,19.25551371254717,25.639355651451574,968.5646704901243,13.284387699779366,88.16906118435081,0,0
43.49439899569066,137.02686197489683,13.25182360933232,43.13499570367598,980.9806875322469,4.9991389279524245,51.50056597097231,1,1
33.74438352078854,71.37719503422204,42.45469904837232,86.2844478324865,1028.9292848319685,6.155916633614913,91.37884438732593,2,0
48.348525595087715,65.34850840600816,42.530993855166585,60.45073227375671,1044.1120812533673,17.52638866284623,10.25679625835898,1,1
28.74557601449957,110.67423794995437,60.375896706184804,35.50904543495142,1035.8816771168154,13.538815659936747,83.79083748518036,1,1
45.05674977723153,149.67117073314796,52.70527214996608,68.84374040123396,966.0365406119743,13.472908349498153,17.925325573928074,1,1
39.28823566785549,45.91963215079373,14.106156018026397,33.222759211436596,950.199213521907,14.374792357070605,73.24010490583791,0,0
33.022667246964076,32.27256021107674,10.02652050128277,21.53031731498296,966.574817696522,17.817110699662933,24.153684170168177,0,0
27.39949645260255,21.069096896266636,26.683356569780436,61.53796566241641,1010.7752683095653,4.907046283324221,5.773215922511721,0,0
28.686150419458954,46.84067418526683,26.346470787576234,96.78902421707642,1011.6300485925724,11.137568863441917,41.57751035233219,0,0
30.01305167005505,108.18100076761617,83.57157684433287,76.17168769454636,967.169390770545,10.002255041532539,41.195809503410196,1,1
45.468443819428444,126.28378424367529,63.90048796991782,29.23157137431339,1010.5637889323411,2.3440781136046684,33.720657556575205,1,1
19.999468768501615,138.41472940487378,24.750253660338313,51.34874985504208,1039.5674777618779,4.086327667979406,50.780506395877914,1,1
29.674508140810772,3.6248082091459466,95.13097362873754,25.52367250516798,997.4255020976954,11.213565898778999,62.842645661458704,0,0
39.102107025775645,50.654476704543015,1.1974531990139248,77.87549298839295,1003.5656599347578,16.722354064144977,82.13883629006943,0,0
44.51641587257591,97.01893199590803,40.03540750042388,83.3246562073096,995.1294113029255,3.66884392806869,85.49740195614743,1,1
45.889595687032156,93.26195122803402,9.083967277174496,51.0260871933545,1030.3537659462604,18.035480570924573,20.347274249759582,1,1
17.344076420884505,175.47009062656772,46.72859267746504,63.34087714140506,1046.8065812050759,1.331294558284457,64.83180074520956,1,1
17.593689790120347,75.09378569330008,96.45774542321361,54.67777862045075,1049.718235390295,11.181185698932044,32.11621526359535,0,0
22.70389640666636,70.10410685723237,44.7039928511461,25.497094217916878,986.9574199426773,9.284770394784498,72.27377522388046,2,0
37.98553196525628,141.75313104583086,1.0036418252228518,37.41339196644289,1016.1684288399856,9.679787363594944,0.5313475668345946,1,1
43.15731248511378,154.56191465806748,65.81029955922752,25.31706606210177,1026.6515049532584,11.674271754627279,78.19599771579591,1,1
41.31114473385442,160.60041439156743,62.16096796855498,31.225961455481198,1017.1157473379689,12.409475701039412,74.22531871990871,1,1
20.945835211775737,38.99503998005785,106.84914206631942,79.99822387616567,1040.8228488700322,15.174306423278415,59.71553059903019,0,0
37.89464579597558,177.82558478800198,69.45681054143286,70.59130594627099,965.64767160036,9.478424402322055,71.6397111958099,1,1
24.48299444107279,40.45083610490698,37.65921698692986,39.32005023942668,971.4912637036396,8.49701685736174,90.78385138835341,0,0
32.74708763585514,37.58407616306461,9.236600325704888,75.69249161103401,988.2798764436388,16.436618931707187,65.95107686407702,0,0
42.868450768947895,54.38920788368975,83.08307069532698,41.124958775497504,1043.906847945029,12.727485630667488,32.451180017534206,0,0
24.432915180229543,38.1853170143287,83.35691506724733,37.49724903983419,1009.5303265927489,5.292700538507146,66.19689447938686,0,0
43.52289049891887,155.60504862893063,91.3021597116938,35.01779245538017,958.8384946984519,13.978976569747712,36.83472137943513,1,1
30.132117924117154,6.229818558678213,31.149173913005903,22.69411230995712,1037.9185772601247,4.867933664370609,55.73371695730081,0,0
16.364276223139566,133.3694782611316,38.763281490491266,91.83353495661326,1038.8118188934036,6.505812367234956,90.09608956904678,1,1
49.86551857245726,165.0831328247896,101.38456173062748,39.920698888727195,1007.6702398857756,1.345118279347357,9.491793682166971,1,1
49.96124142116517,65.32784988518219,89.78206944586157,84.53320424214532,1035.802327100723,19.95256594804313,24.149648525686786,1,1
16.41227894008949,82.2383035989172,15.609680379473634,21.79407113296441,986.0426827141487,15.67476502150473,56.61806912250709,1,1
25.947229622362393,130.86840109854393,27.842181637057287,21.150515685766802,1026.4353386436428,12.474861697280183,76.23026245009599,1,1
16.362830584068295,167.42392556613044,74.3431440043564,65.07162805701121,1012.4614048114531,17.288664937367283,58.69365065589071,1,1
35.33326329608627,198.13583141315317,90.80762004822816,55.383504436090824,1020.7397000032928,7.78460943383577,22.8875462483499,1,1
35.889815691071576,185.6364196227903,111.49674240185553,47.352422248439225,1002.7677466221695,4.232717971397224,99.56311094988834,1,1
49.33912677537775,129.90178594148946,96.5296871612968,77.208012902696,1009.3158219039468,1.066959939777954,45.476434255266106,1,1
38.61752057585937,135.50632277673694,44.77471421068603,95.33535893264245,966.7357032236781,10.007188924311212,69.08839765508228,1,1
39.39975320621332,129.7277913537631,33.03458561422322,32.496525494929756,1013.5940326826711,11.986042322788755,17.935601028924097,1,1
39.679870094969715,91.03439834673128,80.13127099237835,86.98936638161206,966.9728428576923,0.3828973599367336,77.91025863957867,3,0
36.339409880341556,139.92791392442433,100.57859699863711,84.22487478596004,1046.0920146928825,10.718701577042363,48.84956326599054,1,1
29.066051996175553,30.738208568840907,68.71286794584269,42.1610019460783,1042.1307512212975,11.663816085541951,59.284018050811014,0,0
27.422363130695352,10.397870395541498,3.8092518447586343,53.8668115322558,958.4565378097238,12.136939110802782,88.09730056396575,0,0
45.90201857815528,131.80908202644648,25.34781977675172,89.03974650870977,1038.6093435313207,3.933071699059174,73.74260857706773,1,1
25.028184212449304,160.52806247058592,119.66854798843232,22.402080426351425,1039.7365865790932,12.452610671973162,97.33826191648211,1,1
31.275333113424967,169.47758611427474,7.487288231793268,46.822324006263656,956.701653775121,19.50686266958141,81.69739072718367,1,1
44.83915974360897,187.59304628677884,10.212418334374242,50.84780740106667,957.1034889044003,4.215862031000572,22.936577703767234,1,1
31.418752386665254,53.712433490728515,12.117372818131331,33.399287127528616,964.7275563552091,19.461535958245967,75.92925069184736,0,0
48.87165128443467,87.94809730158171,33.40421779951879,83.86345577673494,982.6253918041147,5.987667474106965,23.25059922078312,0,0
19.538764237848238,51.292612203353194,42.63836981686652,73.91953665165843,956.2564842219451,4.210138793306859,80.90236402916764,2,0
20.142267325431977,68.5290293045043,103.75907062297681,32.39402489147541,958.273683561819,9.690759901600217,30.24195112785364,0,0
34.71929275693489,160.76097809669503,16.45781857832918,66.45592676434279,1000.5508760389864,2.8815757202639913,62.39984855289824,1,1
24.577414625127005,97.5668637088025,9.872678913247427,56.766724577089846,980.6463468042821,16.447624223707088,5.697872699736828,1,1
29.65125462214155,91.6862848262876,87.00072915589425,65.94300600721688,1016.7212337194181,15.540985713035123,86.22029736581888,1,1
25.985642385286468,107.60454107278059,100.81296941270398,99.15609047720451,1038.9519311043764,7.429345252487536,19.516651721865042,1,1
32.128738809230605,148.32829036720844,59.10828849039571,58.65446906509348,1033.82304210818,7.228075581343727,85.97946748116456,1,1
29.238168033310323,65.64662113566789,54.47878934396388,80.99575669398948,962.6002027863994,3.9283843174403477,95.1444825663092,2,0
21.142206958347508,113.54546358621091,69.51773599943255,59.16995696401958,1014.4745248576819,4.596534515952369,55.266226777674824,1,1
28.0260639336414,132.3334519258378,16.946825204777937,65.67019334715809,968.5270355383324,5.572861262300728,21.87098003235832,1,1
21.3993222954086,165.1421903121334,34.28490811930684,94.16990254915595,1046.992652534519,11.425209398741947,14.30011226657264,1,1
28.109188518285343,159.5464526696428,44.08688744364846,26.961377464223098,1005.6784910928188,16.902417029920695,79.59263871435024,1,1
21.129309904562362,134.55292288249333,26.460511612277653,37.45660276417378,1037.4071773305186,4.993379054804603,26.32473465180112,1,1
15.022868676645484,174.13380682510353,95.11137758509616,70.18631480725423,1025.0265763938842,3.040971348489836,45.832359458757544,1,1
27.29267855720733,18.7553052514033,58.33565822579089,93.65917202741083,954.0059119050694,5.829218269875877,20.754093620570345,0,0
23.33513287829937,181.68691037587504,56.16828650811482,57.3039530351855,1026.0575642455283,3.089844080098516,48.72653541000508,1,1
30.04948249423709,119.38213810933122,119.94692439005263,81.55591152656376,989.7865703017427,16.55106104548094,17.070836331248017,1,1
16.066229020813605,40.88967449285461,40.84938673371116,60.84646059676479,1011.51291405412,18.212114344288434,50.98540095504577,0,0
32.54464756190053,10.048601964596426,4.189386318746857,64.09279695330977,993.8178613248344,16.783607899605972,16.067958471184518,0,0
15.874008174096735,89.80775358602517,28.4974268102709,23.969149867106996,1022.4598286847629,2.2318599991449495,60.83195000077717,2,0
24.83674125584112,34.6992100710044,45.5701827503181,84.11566209783629,989.2093576904573,15.015392984221114,12.548629679915068,0,0
42.046999688277765,47.38666498132973,81.28717558666473,65.26252438727971,1042.9144717211686,7.74645035950628,6.616518883444044,0,0
15.670441994293851,165.3717121945506,62.96827651937186,82.01952414679594,973.4425600011515,6.901674910264674,3.010387221131894,1,1
48.65223136009393,133.5735813401627,111.98461053111674,41.23971259432579,1011.1463611225661,13.569999365852755,31.754970025758844,1,1
44.68382322554705,189.43229258004956,106.18261412352052,79.1253580751498,977.7464679724955,5.632320842112635,96.3360320446038,1,1
15.35995735774922,143.2099946484289,84.74953950663146,69.81516327598379,1049.0108846086866,6.237588715274505,33.997186379324816,1,1
17.762879103129443,88.5596273087475,31.32582314818177,47.47093617421154,1033.4571790255627,18.709690270549913,18.573307200518563,1,1
28.037812604371304,185.7261124230788,7.417015282706716,27.38884224891028,966.2790989206229,11.904256682537495,15.047227100599747,1,1
48.882673350775676,89.34290545170407,60.18215524201997,39.73268926443252,997.0960252434734,13.23827265274023,75.11771369540428,1,1
41.385382894846956,115.57822253881767,108.52317299926287,85.39262778448875,1025.7048114698625,1.1121104336092125,0.6877962219649314,1,1
22.435654701841553,132.70471878269046,49.3436986659055,52.19250074394494,1038.4586888229614,17.911256962636774,90.91752640535857,1,1
25.985732678025954,138.21116254785235,32.59598175292436,35.24878664595598,968.4632457347369,6.842152417271881,42.99576197798217,1,1
44.083220986927394,23.97821869454242,88.1911016873873,62.516393135144426,978.7945342675993,9.856391690656492,29.994206977702266,0,0
35.86286843334071,86.76878457104884,19.728663489465447,29.326645964455736,1004.669568207213,18.04826066572207,34.395768655768556,1,1
40.655003752791814,131.7322709879534,111.78658971713772,85.67848138393127,1006.6605258905463,13.140609964682145,89.83864665840349,1,1
28.983157460542717,65.35894117155547,1.2973300362235607,86.12408593531714,1030.0980700403366,2.0890903620030277,57.68573811327003,0,0
31.23935943584106,23.741819101822294,117.66818724728682,37.17567099706844,956.7234180090561,11.896947590038192,73.88666771330327,0,0
16.135520611651543,131.74352774540444,63.875025114174534,28.261200710003873,967.2523876946362,11.35948594632161,29.63576135132884,1,1
47.841050502796065,163.74804589681017,118.02806478163956,40.77366711603312,1046.9723632797977,8.624677395831156,34.751879531375465,1,1
16.762233443927364,10.553051571920523,83.04135071359856,56.63431955472223,972.6521626036106,12.279406126504654,25.285811825011116,0,0
35.21711140205479,71.84174939653806,98.82626719341829,85.65569286134235,997.7350398122401,7.016382186700312,36.25597965590946,0,0
43.200008398387624,65.6358965595224,25.087124844821524,26.775067350024546,996.6693120884408,9.642641978396838,84.09087104029072,0,0
22.74335437561224,76.19825473367999,97.00868866724291,85.88988885991787,988.4611075978768,9.182480465733619,30.328589084928293,0,0
47.639420744675924,23.728753148316063,112.04993076017641,74.70931614682746,1003.1572152686731,0.6531812156899175,47.55961918220083,0,0
29.271183675095628,32.24376239502451,78.76915242007883,97.69207258946287,1006.2188811064525,14.295065528878917,6.845045256601678,0,0
29.618344853594817,23.271697032899176,73.53550026438126,95.07857265713237,1016.1777732471638,1.5360609662884306,35.466620498508284,0,0
34.2732182804298,80.64155122665045,100.03728125702068,85.17368037679914,1011.1831020103222,7.4691589026541045,25.533637376324414,0,0
18.705601137459524,70.9795366973108,49.58070206492634,74.06583400832588,1015.8159824297574,1.402162792825139,39.525931543115775,0,0
21.362260352607667,31.36254106336114,99.27625796846951,23.353217337300602,991.9182875902121,3.364073115330364,87.9330215678474,0,0
34.49641796462623,46.2761272753696,60.291274459965166,78.51890877624926,1045.8118008919434,4.408920084908379,88.61817721293451,0,0
47.70064399586216,183.28410890641325,76.24972282342918,70.38565235477662,990.3210633183822,15.047957646075758,53.12940183509319,1,1
38.710332492990304,85.69158076975909,87.77957568517668,85.95772140836392,964.6436256602816,16.65859431148456,54.029653179030724,3,0
44.563306818157855,86.26034126820292,45.484858245964205,93.2048586013778,975.1169267548402,16.884246505722864,48.40205725094041,1,1
32.99334048929409,61.6936562978968,68.76506407428188,46.0168957020969,953.9269414241652,5.4399721068871205,0.6379043406590679,0,0
49.242417546989984,193.1494419639495,47.4186356966766,78.26966834717169,984.5806098410425,13.421863141719522,80.54300430459791,1,1
48.13646856422842,80.0424551699344,93.99575795472572,41.274276050569505,1049.0332303793648,0.5153919752870229,60.3528806501121,2,0
38.082709357796446,137.60911141482578,14.44650945469068,95.08238267785043,968.1183279050083,12.455068064796821,22.267607912308495,1,1
25.75257459574448,109.29170834562487,50.06321022774918,32.818048078120505,967.0936402420848,8.362895763255993,75.72829782755008,1,1
46.4287626396726,16.82553245187657,47.17246890712813,28.01964509783013,951.6592480632598,13.234373652879132,60.24494419665878,0,0
20.705668983521015,46.76256661861282,2.8449304373422057,86.7957764555523,1047.4690596048551,2.709190735893816,23.147521376529813,0,0
45.39433333814269,185.29275959123697,50.35528593681724,24.049797781525932,953.939183369282,11.47899732138021,39.2895108893179,1,1
16.002834965217907,116.65047846251136,1.3563043906826966,82.98975665194183,980.6432822703372,0.805160060184642,58.835222098315334,1,1
28.918954505156915,194.7600826714299,65.30383950044427,42.019134482960666,1020.9438864633975,5.429840050854226,90.42432914075651,1,1
28.115268967758176,109.97371255524104,6.068772458907463,54.08969903617846,1033.2363539660996,16.11297610726684,22.431855885352626,1,1
22.91276748536969,163.46106244264735,111.64781042031906,27.628873701840284,995.0058639426226,6.749085579284579,87.06884554574394,1,1
17.92337201380066,42.225188511607485,90.29620051037932,24.103507918497247,999.2535380714289,8.8421406935944,33.44011789887487,0,0
28.810031036162332,105.98811738604658,19.364083006605973,65.75967026268742,1030.5432329299986,15.20321859580318,15.389990469377368,1,1
20.22373144095159,53.63487354898267,43.32896716092446,52.67644651267861,1017.9697216833346,1.133608643316708,3.4672704226066386,0,0
28.716869703036814,139.4327384275961,23.212241154777907,71.32035850050013,975.98281379403,17.721722176270326,89.56899442666165,1,1
25.405052149846426,45.9987507926481,49.35647664794775,39.242526814411896,1017.2383843291703,16.52129369096571,67.3092130911217,0,0
43.85226565372723,79.39843244149483,18.758036485063304,79.03607579180738,986.0474505141553,13.42541650458265,27.064394198176565,1,1
17.843037218233544,198.51635909755268,18.744180951671915,99.07367951707849,1047.7279932566448,15.876362078160792,65.94229620819976,1,1
35.223246758787965,173.22030907556695,34.73274259433855,57.41449699879016,1011.9389969366501,8.223809517389821,42.7486454090268,1,1
26.559963362572955,112.8463633369072,102.06894336181392,36.12227024050503,1043.443303875344,13.781753074964593,82.32732126800302,1,1
34.4666742420504,155.90334028481269,1.9440476807360652,85.47043398236282,954.0138859085366,17.79826752725725,99.19627472386433,1,1
25.292361176187224,42.06371125715873,91.84360366296488,40.242107273620256,1036.5562383172203,2.056851843149534,12.595519637935826,0,0
49.27030442852155,134.76777965400092,101.62646693147434,45.94635018812144,1017.6483749520604,11.884836546171943,60.3150120122947,1,1
38.88863608382026,115.07183462581972,51.487484316319915,42.07381555044375,1026.8581330913203,4.525448600063724,69.23543061544142,1,1
23.166648792726434,125.06603399089077,89.64939205548347,37.497111112523136,955.9943300861308,2.6194748598834816,60.59969672710255,1,1
44.73062421790074,8.999364247084873,88.09815108499755,47.305491676004166,997.8528369919522,18.577190996911312,33.19715047358455,0,0
31.286792687882013,2.736482952136221,9.791846400580603,40.68732729078272,952.7852240821074,12.627506520965019,42.63983568016225,0,0
34.185082095480766,34.92943717926591,35.51184353239393,73.10595798821801,1046.53027236304,1.008335472044184,89.03843208552661,0,0
35.190842045892296,112.78391335112474,60.03342422493124,25.55152687233467,958.9876851736161,12.018240113181722,34.09585714355583,1,1
47.104382330218826,81.31810747189445,17.19377504431693,77.17750668016288,979.335342144101,10.509406147117863,69.783278550517,2,0
46.50924389207246,158.4382389603352,81.16332814472689,74.37065459161148,1044.5924644032086,5.916481949930721,0.11120941961874076,1,1
24.518409578936954,43.5782759253488,79.42015021367978,70.69692798124233,1009.3461382704724,0.324868864189074,72.87780544506475,0,0
26.323564436992203,133.01119780132623,66.7894114202584,47.418474034232574,963.4576267104108,1.888377953209619,83.15183331122236,1,1
47.14391397285453,129.95760935285992,12.412093783258005,52.162177351059256,1022.8939200105158,15.596417680201363,11.82186222910886,1,1
15.001075159588385,142.427409176121,42.791541118344675,40.35850652946082,951.2897469789525,10.805988135229994,85.11507354259817,1,1
48.517107619540575,113.14899012265785,61.7353593287873,26.80451083913929,1004.88728015426,7.599581579307893,60.71352808835769,1,1
28.605422175679134,48.05982469007335,11.39583302740518,45.19347556711166,959.6644834287753,3.5379390164796787,98.73361585795459,0,0
30.543624491731652,106.37435330100331,104.83422344846585,99.64551203925502,1008.2714449344681,16.249476420883433,32.694102433667524,1,1
25.701038510655188,80.54074419891204,80.7008715208379,74.5753351404079,981.5239434649451,2.6641984827325738,63.239625646550856,2,0
19.491405176606758,115.69850164586602,83.21065536675708,76.04891971155612,1025.3472110659598,17.45718843131329,49.995899196478845,1,1
40.55872163353499,123.83454707316734,22.396792775721906,22.055171589552653,978.4541385676933,8.860674126752388,61.71059444286563,1,1
44.74857656761219,39.24914334123313,15.06597478781725,97.0783957979462,960.8044559376407,9.569821402143784,58.55637287933019,0,0
33.94810473176034,17.206431406588642,6.843229680434324,28.438674196882854,1008.5587683872612,10.886897752686423,23.374079203674427,0,0
37.322094964595706,164.01350041112988,4.989475181591252,59.85039548384339,1018.9310412102691,5.046238541393741,30.77709052931491,1,1
36.47732660462843,179.5870586887474,97.19093043634793,66.65041752796668,1023.0221717757249,7.2964494041559735,64.09655280987577,1,1
31.316355689464494,37.987227291512184,84.20859286527086,64.51717098790576,985.8621581953591,18.226783801572616,2.0934117826733267,0,0
26.05206029373236,11.376279555529312,91.98327794659527,76.16859632910341,983.1352218736317,13.51325804414146,39.593722619594985,0,0
41.4688826997852,90.83673254734121,49.473567339799864,94.77839323906407,975.08790998907,2.4089467999313086,58.45431132594582,0,0
48.92626342994626,75.56784274543733,7.444411635453783,47.144421384765394,1000.5931654319559,3.238460132644274,65.8102218056492,2,0
49.92122861535702,90.34789519628876,42.567426807625516,52.05633334675733,961.5146178395202,17.665472028524476,41.4825655521352,1,1
28.554604399869447,131.93805458609486,53.044010511734825,71.85867750462768,956.1446290130788,16.27446687444455,94.05039528794026,1,1
37.70678851557851,190.91318577176216,18.171877724395596,58.1932951584283,1010.1806733945448,11.634732948423734,40.14617790890432,1,1
26.83295432781915,25.36480451008376,47.009094067473384,33.01286520843881,1023.4365676492218,4.1766187098918,5.856530528453385,0,0
34.3328148236032,119.04594654388032,104.62956735366066,66.15852899341455,984.5480853723445,16.06023763052641,54.027889318742105,1,1
17.774809962091712,113.17011206264934,108.96222545059949,51.70501003985764,979.63258018998,2.869389140360401,15.144552193535732,1,1
30.14700195196366,119.1359648323059,9.67384862035221,95.16548712201326,1025.5133617445197,11.732478365673254,82.84386709389908,1,1
17.806536488423966,95.36777554662488,75.61117522339961,86.29223248946315,1028.3469560049268,5.541384994267993,94.08801695592042,1,1
19.35210445008046,175.02672372423044,116.51282995255423,34.17228185781005,1022.2066064203785,0.8057103755599693,40.542282513915495,1,1
33.06991547191859,116.12904518192681,112.31246978982713,73.78005498353558,998.1277951219237,16.193500725317787,95.05328209544089,1,1
15.77231520388018,196.50425445120774,10.335856687641641,85.15094234150091,978.0334752551413,2.643593155077435,43.98556397138349,1,1
37.53848028066648,76.190369004695,6.547848993923875,67.95689117269733,1040.2403276110674,7.664307318945034,21.633277763082702,0,0
30.490207107648537,9.672542209756173,98.45851013763297,86.10726487601494,1008.8000463429628,7.062057778767789,79.97833644457833,0,0
34.41404586759285,165.18646171000324,75.77505510996248,82.75243785702378,1009.856299321776,8.282821364313325,95.79458599261376,1,1
33.938983870759564,121.01790370810768,26.45851672976991,70.05206315418212,1007.1607649482944,3.696767958940499,5.958709735314372,1,1
36.15257619001699,152.73845387006412,62.808164510640985,38.14181002557166,1016.6521976693035,1.602114532192045,44.183370480195464,1,1
20.717836543944706,36.891810211976676,24.275273898984437,50.93656456351823,955.1150205620397,7.955868818581964,51.170744711470086,0,0
31.915299973821384,76.5568200806081,100.6975929684903,31.62613539364033,1000.5696743781374,1.240828339131086,7.1155678877909745,0,0
35.08530473869837,113.2036849775642,105.36402154133484,64.62989405280585,1045.979102040485,0.9738969679985954,9.800768478074106,1,1
16.542305154963348,37.05537006670801,64.95241331300137,71.64577451419424,954.5585157948669,18.919417796911986,84.2165376650381,0,0
25.38143687549826,15.437506045293592,20.386448786286874,30.155553100397814,962.3283779298947,10.371233773314678,24.58474424934003,0,0
27.534890078520057,197.9010666768645,82.11770987104137,95.91845336376011,964.2556555033116,7.642789496651385,55.47318032823543,3,0
17.68653216610583,0.8374887255915731,80.4521200556301,71.34556134411483,991.0788809999611,9.792881520640652,41.54430005920896,0,0
15.84017656957111,67.07432124349249,21.24987064767478,27.8739351281095,1045.672043388935,11.987194500843312,72.86562842366027,0,0
26.03773101431411,78.62942589880304,28.430879267606816,27.75725367723398,967.9031637441584,15.950280905929716,67.75458051837758,1,1
34.14251065949169,95.01797457335361,110.69211403873493,25.818795822293474,978.0600813237916,6.998757071414281,78.24258122127878,1,1
49.738011705668995,48.13410295143061,104.91688009644967,86.4498208345433,972.4657397641766,7.986651603984452,40.96728692925191,0,0
49.237723398429544,36.178380275779666,95.89895653257385,46.73541713384879,1023.087034577616,8.400220085913258,57.835976311654,0,0
44.14141206641459,160.83311299677683,103.97078202476402,24.769386027572722,1019.2050553039745,2.7997475344352574,41.5818568018411,1,1
34.200594526914095,80.54789694936615,62.3534010963609,99.72210470388953,963.5217313712855,13.509120906728512,39.600096638561524,1,1
19.655342961756507,31.747352674861908,113.91277274947403,90.36811973694097,1040.7041960415022,19.83065551654773,20.831539000851794,0,0
27.44037680774216,133.84380598497333,58.05630478327767,53.47116267026668,985.7811249335593,11.875612638869043,57.5593428640082,1,1
20.651024192248403,94.34796750368781,66.41661314518198,65.62295509851124,971.0107192912352,14.845427845045736,2.5199094821069634,1,1
27.419114944010694,156.0425297071267,67.66715052664829,40.89299460086882,1019.4953119343047,11.347818883121468,79.62436094563871,1,1
40.72588151664382,122.02158440724693,58.581321037297684,30.654570053401873,976.1333017885383,8.381989458341705,59.92992870063887,1,1
32.97977493253567,57.636905191905896,0.7757229347652661,59.69913775206511,978.5625988562243,14.692166014210702,2.394626527048349,0,0
35.468973395702676,188.29484750121307,20.929112053379942,57.73195926004763,959.1421991817139,12.513638245227053,55.05316805962256,1,1
29.25779334744913,104.27540429474824,107.58895901628122,35.70354418488536,952.2564511705348,17.23329769398202,57.71170823879065,1,1
46.17304594116449,119.38904468263452,97.2193307951643,54.373869068411835,1024.985993128827,18.26082933779712,57.21229637222063,1,1
21.327480269683285,53.759523006039636,23.837349227688694,39.74856220765864,980.6415449351036,11.10267573506377,58.79916294638328,0,0
29.92749115346514,123.08415596416708,9.78899107336391,27.023058964652797,967.1829460357659,10.361549960806895,21.399467869831355,1,1
24.914954122240207,80.06256723459882,97.42393488124559,21.10897087302881,1014.9378820236623,13.377530620813706,79.86557803566366,1,1
47.64635286711096,4.027569789857965,18.454044661585943,90.89370352447945,995.8518562187015,11.29181277866927,66.30272037231474,0,0
38.76733115734731,186.34808066330163,119.63393008940035,77.61259687447522,978.7221209205151,17.595048045886873,4.922091454076161,1,1
23.087829850607367,179.47714349274298,30.742981732722594,37.65208476973988,963.8125293140247,17.18223515293833,50.00582591910867,1,1
38.621262106895415,47.813276815005935,90.96485052134598,80.80044359696788,981.25980249083,8.213652660205657,20.969027743020085,0,0
49.17963581630165,129.12051541168233,112.14526568586186,44.270843490330655,1028.189091299689,15.31717287769484,69.16556518665415,1,1
48.79736413433802,78.71106722126311,15.686078830770875,73.73670873952486,1022.9309800477206,11.501211469176294,20.681789313339628,0,0
32.655957958427436,62.43794731382588,51.29598338000269,71.61748606757311,1024.5214742690835,4.644493818026863,40.532536064695336,0,0
24.42065498470702,39.72632277237382,94.00646639950061,92.74021555495939,987.0232185684577,15.025578487475338,89.69952893644111,0,0
44.6143473685581,36.56267770784518,114.75502578160335,50.134115234357,983.9240661173836,1.2486265455556067,48.6173654104883,0,0
18.815476547432503,49.707964185485196,38.03311461207377,84.70610587933473,1037.5488650395896,6.049326349229394,85.86981212445738,0,0
45.00308280794269,152.9301900769747,17.603413681821785,75.22582775205832,1044.5024064580568,13.65080957534314,33.16168491078339,1,1
32.520276110079095,129.14500867021073,61.268449047420425,29.596235338477584,981.206404465202,16.04792061107265,86.14180460955174,1,1
19.805501145044957,190.47735047974493,39.45871414183312,72.9850990984576,1025.1825145956682,16.238924692757667,94.57497022259301,1,1
25.95218418100879,171.7012909103109,15.802428412344845,76.40327250828742,1024.1977729513985,13.55446482402641,25.2314736135153,1,1
45.556510145532116,33.771692674079,6.4361749824997005,77.39719924895297,997.5475715232734,16.98196039917352,38.3397141058259,0,0
20.889750597769947,167.28843849397396,65.8691557968086,35.13566339122839,1022.0383998586445,10.22227276979001,60.431298224031984,1,1
31.131441837230366,165.7417967636013,99.54752588196598,76.7511057459509,960.5401377396462,16.777077238081375,67.10129805329098,1,1
39.39584581015048,72.59656808077433,105.5135467388408,78.0297280187886,961.2590466529194,8.155560688123254,88.63803619601417,2,0
16.651884559408266,192.2833239284099,81.49950819834754,70.51007821147013,977.0559256487992,4.975835774783541,94.20582194885955,1,1
25.439535898194293,155.10105934379988,47.1746157848495,31.14032566277632,951.0715297695359,10.885146740305016,97.57788185489326,1,1
27.919766783322157,71.43846679860897,41.29099414193305,61.64350698438867,994.0664883424294,17.59829253454029,50.55207917234903,1,1
32.77152433659991,27.67431894411132,117.92874490924632,39.99783126950638,957.3364067459603,13.262924979504175,59.53663701568727,0,0
29.530097889746102,84.4384467761356,94.20767052557174,35.65701120797193,1032.025331894489,12.974942277900363,41.89697737795244,1,1
31.0310015804354,51.32944143721916,90.25371992363698,61.029979384421424,982.0854542749844,11.921002315219004,99.5734452051323,0,0
30.234179787979386,184.13828015572392,41.40202079094793,24.37861655399887,970.4242106368429,8.373902866553685,21.963492859456903,1,1
15.007946337638943,183.00030754950544,101.26552934771148,79.38337851895577,966.7814595646029,2.407271524199721,6.760474947238315,1,1
40.34102160705224,185.76159213757705,51.66429850956444,29.531253759683853,1001.2392820732107,6.976638149172603,37.48249243499977,1,1
36.74657184544975,143.74362265244048,13.272431864779302,22.84721846451811,1049.4330302685714,4.654566978311037,5.383052490845907,1,1
21.6456365183572,7.791569269692844,47.0173073540606,84.19214275610594,984.1244449757721,8.88366813756733,67.55867735674389,0,0
32.811292452445805,172.28913720426485,103.92428100549078,20.79285563929229,1027.80463064832,9.214672004833478,98.88405413036631,1,1
31.91312265564023,197.3791890776595,90.54832334468838,39.88839076906451,1003.8394979286958,19.842712789571657,85.75306077519237,1,1
18.40784128269274,141.2743993619992,41.46955030449757,20.55858095042785,990.3480969026999,4.695088434499426,81.88692705204716,1,1
26.806571309601793,165.5047387907634,0.07175266017543702,44.62553200208953,974.1165214307762,4.671347221372219,6.81866197654627,1,1
21.54934946436756,111.10991397712398,34.963328740529334,53.391582586331836,987.6866880347188,17.51809849999789,90.52989990105155,1,1
32.2534940079551,66.03119006312087,12.816084480283635,96.2722303505676,956.0226944900297,5.953005551365608,29.806620117000413,0,0
26.21404501490752,32.85736865448185,93.97937171084367,29.79982895727914,1013.4906659153163,2.476920534116349,7.053563759295656,0,0
46.83003262900568,38.02575326374114,98.55001854716451,63.57046968857087,957.785651960877,19.10896382876135,24.696116699189254,0,0
45.08758708734123,33.76200115691284,102.47314585702235,21.05830503242352,1001.178045656948,15.388851588431136,93.47955174927833,0,0
46.82207476722705,163.92497390952897,106.5829619593565,35.937574866966116,978.4184295711729,5.77937049842117,37.70539310016988,1,1
28.766223463481605,108.9110649309351,19.185571603972967,75.29973310287915,966.7566539304506,6.20616964209095,50.33451306061541,1,1
42.87541965332171,147.89384664774545,77.46412276926267,32.461860846413614,1004.7045345615578,1.748930035997709,37.73631767966508,1,1
29.473078560148572,7.962287889150765,32.87857193639662,96.45195738131915,1045.363260782969,7.0465410850507855,4.310010894832406,0,0
21.268322876486355,78.44355868670803,113.73356375630757,31.295925082974794,1026.3515843668213,2.1736507874938416,98.12575773912768,2,0
28.356577468819722,155.0469077798112,41.11092993733582,70.2135101727047,969.2016084740037,2.920420385939251,93.80641395681313,1,1
47.11765472665517,177.49378804257648,75.05201401999122,84.66145689730226,956.9036936911375,6.695780837813583,31.37031247571562,1,1
37.247586268341465,71.1915546941281,17.820813797241698,67.7173660330835,1031.4383920669081,7.642469889199464,13.22687150984817,0,0
21.884086905948806,47.4966610338768,35.98771115934434,71.42360564050473,1010.094548453772,13.921597231340783,36.25019845315131,0,0
43.83991781579924,40.81753223115206,56.284889702178475,84.07509772331443,968.0158647732619,2.197262274815659,88.36839676879897,0,0
27.002538196571855,136.7740249818064,3.0418325116726175,75.20375107275598,981.610131154697,1.1148170717488348,60.9812761548117,1,1
23.428133562561065,77.361448410376,9.669697474381632,31.773060087595624,979.7977235495844,1.7951900112031427,91.08262646863152,2,0
15.211646511439245,96.77204377286228,14.789694975906173,44.61432715823588,1042.6059559818266,3.233891065479737,96.58323197183326,1,1
22.20280319462976,148.3132216933659,65.6012717876774,90.75829820774074,1005.399325550313,10.691184383126174,19.54580003683999,1,1
20.818027671808053,183.29783022310284,39.34058386200409,49.766580397031674,1025.9823658428388,6.776469648456147,95.20624466390028,1,1
40.82747191495801,119.485848514684,105.70741926537029,23.968472667958622,975.7062692189209,9.3007266844182,22.6978539471521,1,1
41.03668155557531,183.84160621074503,50.85241439171081,47.37060800895159,1046.1550732137566,8.897048656550817,48.90484004492832,1,1
27.307745531966688,181.90969460242766,68.27465799382209,80.97396697453158,1031.1806718350886,6.836980838345164,43.369433132038004,1,1
44.696512104219266,72.65107033516205,95.27221601422215,95.27938580595497,1012.3210373068007,14.832545749037777,80.50973120411349,1,1
44.57638771138249,79.01066757135919,6.151615101119781,52.15010169893916,1017.375622978409,9.007007715615856,74.89631508603985,2,0
27.494385031403233,126.94882822080591,22.37037658247695,79.94955493159655,1004.5695968813026,4.081287770932011,29.191117349780725,1,1
41.201304800364134,96.52024713230414,25.923772847168664,97.38169522962382,1021.5125019816887,19.142696650795923,42.71050453603432,1,1
31.628511924210216,179.59104323700384,63.005920829446154,76.58231295245338,975.217287749553,8.934529374052811,12.34498658103551,1,1
22.20930125569366,0.1886830535262174,4.711806197839228,98.18270585415435,974.2353695136762,13.266214190080039,83.90996987996115,0,0
34.27311607327975,30.62890001679124,87.37397248033997,68.02011280796664,1023.1250589347375,15.394932457141744,97.54103676847451,0,0
35.07471480093485,68.32822253812037,77.81574682802845,25.475256739410092,1039.7397318321587,2.3876202267639357,32.784283788581824,0,0
43.551088321914236,119.46247566614237,47.23626243329305,57.874852750001715,1035.454739320218,6.800087721197842,86.96496848121713,1,1
18.0847050841842,155.35968744172615,101.70571596656836,34.5454122269871,993.03465323722,3.3099954932731124,70.66041289942177,1,1
33.73717188215799,127.0646693416642,23.578436034745337,36.93966896419356,954.1497325509906,6.441350703914594,55.97446613336749,1,1
45.02772198990651,133.38548949173614,52.24755880797017,96.24960915153102,1021.9245200575832,18.603304057251002,52.75879732721657,1,1
24.061649617759887,10.565337272944397,87.13018217806206,29.70423984044273,980.2775128271967,10.649418157677948,56.441658777974766,0,0
36.02041189454976,33.25106606994013,45.56848857859785,69.37553816935733,1046.9818864633785,14.552622753993774,92.26037570939579,0,0
41.67742204099619,118.34339377848009,23.042804296361346,73.33485215140104,1012.3379565959907,12.049383409145328,48.978586798824075,1,1
33.50298113962465,66.88850542362081,62.317523117076384,35.80447245427826,1030.5174397360377,3.715539093974156,8.496628988946641,0,0
30.268610922500507,131.66148790121238,52.526018992024966,42.140330556104686,1005.817118389044,6.940046708243999,93.28676901266331,1,1
47.292579886125026,100.4743639944191,39.34607928219102,78.97059311653112,953.6712943483067,9.495380120873024,33.63233942703335,1,1
47.218755978589414,2.4006054545365085,66.33778508620189,79.25308648533007,998.5017987524042,1.7080606032544332,97.24613900279022,0,0
33.13036509816342,122.83724886380227,28.39317392490088,58.679846808544305,992.9149491958322,1.4979168400396747,10.616035354746723,1,1
44.31153818665711,47.963990441318046,23.394992579835666,60.39291610001114,1026.8747131362513,1.2389303715797584,57.680791963825584,0,0
19.172365499420067,7.2922101651236915,6.329274259466087,86.7331286566753,961.7972483628062,0.903027288245839,43.789988714291226,0,0
44.53977151797086,52.481675297860384,50.60551410310997,23.193802605100096,994.9078514134876,11.552261612742674,57.090705375214476,0,0
26.63493422610278,63.1066361326271,12.794834272391746,49.34386565170147,959.9494668872965,15.331918894241031,96.62742977481858,1,1
48.95260598333474,173.01421987507877,72.0950579207543,76.0692557795104,978.5205802680414,12.615408403452413,45.56495494398774,1,1
31.870606892192637,151.5553120750316,33.8302026716702,45.44316893556159,1042.4641791128636,1.124485897019445,48.56342984133404,1,1
46.94802801427516,122.0726015636314,65.56884890545585,39.979534338348415,984.3275489064448,17.04096831609386,55.921813176845816,1,1
33.015976781487296,19.915942708005787,1.9233787746147746,97.09481509496393,987.6986167286842,12.064261241990087,7.971507318728499,0,0
38.909000000306634,186.5133417411922,69.07983035969036,30.089225790032845,1008.1721527473477,15.326944262093047,40.64165365740187,1,1
45.794321177951375,129.7365906714729,107.9098701947043,69.88042489978697,963.1287972004824,6.193834222103782,20.17949482524569,1,1
46.808927420090185,152.08001345749653,81.16780426920073,44.07730557052973,968.4044772050213,15.129021759778237,47.41579458790797,1,1
22.902634325272018,123.32439563305502,4.840062256614237,46.09362033026028,996.8556994591135,2.959166682188117,98.46544775908396,1,1
22.3184077606365,26.070626008653107,24.424184866427566,81.52489065277794,992.5505659271843,11.30831879505076,2.1009156986360744,0,0
16.205095800066008,89.16510996540323,97.99862918419483,90.81911029660522,958.670656759564,10.767262042020455,91.32296862792705,3,0
28.57904640392602,165.91316628567373,16.043478527932344,94.8315591734239,1025.1423317531303,18.826687855738033,67.66172335525064,1,1
27.719137619979946,187.6362345049445,33.06801315710142,46.5738017649386,1020.0808418001741,15.306325990507725,92.94034838491538,1,1
22.16808431696733,159.5996070438448,88.62552640763562,25.10356450028783,988.7223141210206,5.655309141201972,30.44904243540304,1,1
49.40314078441453,128.55548269598557,86.12113893521995,98.12941098520074,987.7201782457639,16.03680336905612,43.45309633044954,1,1
45.43367851352429,36.13150826226064,113.72234124771356,37.50173667287037,982.6220506980932,15.12384468213561,39.37551415654067,0,0
36.287398186825634,88.9147002138857,89.08439245077382,38.266500189488866,955.8457987236877,5.998587949461324,47.43086648684303,0,0
20.88070182674375,70.95945793127774,47.997962195228226,24.591347495061882,1008.3307248184204,17.68686855942575,15.174291295305242,1,1
35.92328046905299,132.94784098216925,50.3201616503146,76.0878069891416,991.0731543491012,10.092745759548698,0.735304455442698,1,1
39.21020399471411,132.2685357889449,4.6081052791613475,49.460008591610645,1047.9031840791667,8.414731251372336,50.19454051318417,1,1
46.847555535590146,143.45237517315127,69.84841573490682,83.8243745072858,1036.4366266455972,9.137761434745338,47.51083649318354,1,1
28.51178274781425,193.34122800369212,83.65995051484205,26.65784529664578,1036.2959623313018,9.611198816725361,6.875390642248746,1,1
34.24010393071589,83.43285579514041,105.32992858351498,36.319568288750986,1032.6464609492182,11.153773823709054,5.461030321346905,0,0
49.01458554639196,102.52304882063999,34.9052225077899,57.55254735914065,1035.7857783517488,6.09806248770127,19.26763964867003,1,1
19.517493642580853,59.57187967804225,93.60577044480522,57.730109215620935,972.748160369354,3.323699992194984,33.27294765103791,0,0
47.89735305099981,68.60534251800487,118.57488911455624,58.818436461228494,967.9163918290151,17.822801835870187,46.03553731348269,1,1
39.83849702265836,196.74231664183034,6.02104203839688,27.735564783005373,1022.0456741462756,5.6365000659094395,18.430139695009906,1,1
16.377665793690532,4.369342397240361,92.9382723743749,30.754674189564,996.7720615971151,12.11793630358966,42.835180056884624,0,0
15.948732831768158,156.70030051758178,1.2615869449984185,80.95119155019873,1039.3304493788123,8.656798421143446,53.554247309779825,1,1
31.69441874161788,77.84172372468777,106.49094424444323,91.51468085359924,983.5816364641535,12.30139508029396,92.69075621458641,1,1
48.672047462947305,101.79180808440951,54.33897663411921,42.29554527428206,1045.887187319041,2.856286089457347,57.9829576047725,1,1
24.889259363152362,55.80165806955932,48.59623048514261,99.90343486525236,955.4966306839822,11.57083636407063,8.257215803527718,0,0
20.408229049668165,87.91258835457974,61.255215761572956,40.70339266916192,981.6457130874417,1.7393404051186612,30.32197838442505,0,0
48.82954537831904,188.94147633449634,40.1853948164382,65.66831490230092,1040.9595391110945,0.12367645281793349,81.06835703375918,1,1
48.192934347612166,18.26514686671141,19.373722323950524,96.85970422170843,1003.7540143640347,0.28393268943447403,25.763199876352914,0,0
30.748028599410087,138.58178220495353,87.97924537641595,99.63372103403648,978.751119938376,10.764402037369505,53.332354785960504,1,1
29.197584080653314,33.83237876848404,117.2947875820611,88.26537493332688,999.8333028294237,12.064908453680596,22.72610535596623,0,0
34.03254746371114,138.99402662429517,61.82004340639065,99.2228136467953,1011.1341656247727,7.419474251843381,77.21520276158381,1,1
20.966187905357472,76.90316274125331,41.635074045310304,54.54456760862218,1028.1779825928727,9.683460643268148,79.40144502659628,2,0
35.177111609895306,68.41388693151107,97.19744924201669,39.06317364424733,972.4382979799796,10.090058481096715,26.084924596208893,0,0
15.318046223292571,129.6595054597603,61.33125857668776,55.64142515945289,1046.6968514618316,11.423983679258274,86.34315777893845,1,1
19.880758267180607,113.84129262588554,104.15755520770834,66.64846058239183,1021.8014178127002,7.4408713562441475,9.244951703706661,1,1
31.0265103294475,78.8958781677715,104.04722188547368,39.51962418819778,1046.6734227535107,19.162762396089924,24.76316430714387,1,1
27.181818441706216,179.11114817477701,115.9946665075329,55.47512822688353,982.0997045640897,10.521880265030841,68.77692063657348,1,1
24.571608038124293,147.29463492381456,6.198882853756924,23.943559421153317,988.6287705145545,7.069463841214412,31.56332153671523,1,1
32.185691693411854,64.14671646231425,23.07095021617103,44.75756392708807,1047.4904272810236,8.222268339896972,44.47127768583358,0,0
35.1790746482899,196.66815368284531,28.992153172291562,74.50256884259471,1021.5984693541724,12.146488335861319,8.857833963664408,1,1
38.69052965396517,12.818942207235096,71.53711794598763,79.16649417773941,971.096989061995,16.832440150855483,3.0353805533004263,0,0
44.533450228040714,92.06581012855301,26.11055279179734,30.70225159951744,1045.3307167582373,1.4533117516231342,19.909341993592566,0,0
27.17378216015661,124.04696979222409,65.3761302331318,30.05147939298512,978.9727983738214,4.775035421720482,21.354285449034137,1,1
29.390051776799545,140.80629051833137,26.094351866068312,49.33431037623851,989.0917426841162,19.529130588708203,95.46663568790689,1,1
43.004815396322655,48.331784163837035,8.164477691000362,45.35233101764998,976.6794549433831,10.118516002927878,77.7727910067793,0,0
45.04130286076003,168.9728170821017,43.161067346768135,74.97874747685464,981.283419752422,1.2181108647036543,70.15652656029422,1,1
15.343964339942575,81.83651749169772,39.525512316249085,75.4702030815082,1026.624547276038,6.081892719425676,81.16270144448535,1,1
25.28708661767268,89.26527199731224,87.24222324169607,75.43361833798309,1048.73684723122,4.503220484318637,66.23179135395823,2,0
36.33886678965221,183.019690898006,18.763456997385006,80.14385308695464,1006.8268616268768,5.493317395758108,47.44349141471741,1,1
26.682180897442922,115.86268055769217,106.6800732977599,65.54439875297616,1013.1722418326584,10.374956942294189,5.116550644547591,1,1
23.1500494906633,98.40034588641655,37.22823404936457,34.54108782089554,1000.4132841918438,6.456195868957007,25.810764317341473,0,0
31.23948961041333,26.65685161643463,111.32948796904887,89.41616783353912,1020.7620585740535,2.124276551769124,77.5877254469693,0,0
43.27850648381566,153.55292354286755,13.67590645430894,71.51263656542118,1033.4324795749399,11.547068024393354,64.6407375228089,1,1
31.042721779920715,105.74146397681052,4.125223002207026,71.11704175786276,958.1447212891159,8.700291886804468,29.265509766740784,1,1
34.08997825740995,26.683267104641416,82.99720823679819,83.60092295427762,966.3354449743157,2.086261747037643,14.551548278735915,0,0
45.69946466644756,105.63785235127123,56.07131952090031,28.53694552818834,1014.9556006756961,17.3599918379018,82.8185869323453,1,1
36.91191481432804,15.055743330334725,13.487643261121555,23.944718968785974,975.7479216492469,2.713229343207555,26.004804025243388,0,0
28.477031950163656,188.59655681422714,73.24512717380304,86.79790285463699,1021.0351500712333,2.250062610532635,73.59204063739489,1,1
24.628460854569354,127.82156939894126,40.91543683715862,99.81378106117273,976.3551479496778,5.582609415485393,93.06722555623983,1,1
15.862554162271293,139.33779757463938,87.03916688830537,86.91028619283195,1047.4439310638475,19.51203838313305,6.527675756646389,1,1
43.764376296351585,129.26198673147627,77.68105612477095,30.267994129175584,1015.0187166445653,19.649651612024957,91.1818569539447,1,1
30.36957312816977,7.989594657218868,43.47521880002458,86.11122492804442,1020.1499101465166,9.186873111879128,5.510153515883109,0,0
29.941315473815592,93.8049879435767,111.42666394729632,71.28688828657275,981.1652916654649,10.506365289014427,6.605530782216007,0,0
49.03988824774079,72.0119803861452,57.344082589576296,48.42271793895381,1018.25117301162,13.24464316659186,71.53223105291356,1,1
24.385013036417227,63.13369623281319,15.030147731544954,72.440797747689,953.9797127335653,11.953646710469181,86.96958848516338,2,0
46.17912519013717,89.80755207399234,55.116442585568855,26.157534640641387,1017.0765025443036,16.42518840745691,24.465505460471306,1,1
29.745530857167765,167.76786735305407,105.25445611947457,39.45439842113807,1005.0570634541364,3.849863012716541,10.187876413955655,1,1
46.88921754871851,164.10150084642183,91.20418821638087,23.901305505051234,1034.3728792710258,8.760881518107675,34.23951232958596,1,1
34.12667263588818,18.270648544711165,90.79758592228787,66.59480615106366,968.6590096873167,3.764643995380912,18.424865157267423,0,0
16.99508356431769,117.55968987433695,100.84178131062097,21.399857118991086,954.9004644971274,11.455405533738915,81.94956853860523,1,1
26.435861169902175,69.92287976154444,71.5615796996131,41.93703112993176,952.6608366077684,14.704570362031921,62.56499129414531,1,1
35.326459966948065,148.33682579836463,81.02770050744451,36.47055905426569,985.2481046943351,2.5222028335725,12.985701341788102,1,1
38.666851122478874,171.72002139649965,115.52791006333668,70.26776940395555,968.4101323360957,2.113006908978614,81.28509715367578,1,1
35.25647667259997,123.65700420274396,93.7754506505651,76.26217821859612,1033.4458252856098,1.1242781091975695,74.75206367465049,1,1
44.779846506273344,57.227008491662865,76.85367287919034,45.13296510695777,1045.7971066482455,0.6684714487100751,57.97928438329551,0,0
20.82762414673303,142.44404103543172,21.10683401023945,38.83066095186861,999.4370811045758,18.29669899993756,21.171437214797084,1,1
20.048400739133623,151.79536637080614,60.074343880071716,92.9428089905417,964.6614557159842,12.918557860460787,23.287914615181503,1,1
20.486615002807376,136.6858830314541,71.24215438904798,80.3861966689865,980.9462576446182,8.959433127643798,40.547167633041845,1,1
49.443131238827995,58.44979134787758,35.37806860161203,48.36385670628859,1006.4594081290321,5.046454885274905,91.52899403792739,0,0
24.298994770319222,179.16314631203895,12.417007637590158,72.52501619197218,1040.6985518438244,3.3749887679645907,96.8326960099255,1,1
30.850917614542908,189.1430216882049,81.21840523560564,44.12694958988412,968.8302524917107,6.074700924501988,9.301740926267499,1,1
20.03537882201654,20.932088069296228,50.75322524898693,83.64627010060691,964.1383554216341,2.6064086634467176,64.34289495173307,0,0
21.901404368882318,19.52200762179832,20.021829384669317,93.89851167014208,1032.1471252776191,7.081291247101882,65.58207673273928,0,0
33.80464857838133,135.4248526965128,81.92053829553112,70.29872120479943,976.6101368537309,0.7801284152563626,45.55667819901088,1,1
46.184085964174635,113.89945170371519,99.88692500422896,99.32994743689825,966.3616204138276,13.835552782839645,67.42935737000246,3,0
49.29844065753974,197.12014679056006,82.40143340689553,39.489183358575545,1029.8555838130599,2.140582684220762,78.06993041716287,1,1
46.85686434506437,76.56667895368705,75.67623539796966,54.411418567746104,993.7765054988129,6.207417782162401,76.21296204503246,2,0
47.766179745827685,188.15017184689222,20.97375418499206,89.97949197252528,1023.7431441427123,5.056748013805786,6.728461292151455,1,1
24.379904340953228,182.4416473563051,75.98144098749268,77.68437287182975,975.7152351109096,14.387763111496405,2.812150627792376,1,1
28.136247102055485,125.35066970846624,17.531587864958425,85.84028595575478,973.5031298811919,13.045622256368926,40.51971425753297,1,1
35.86152584171765,21.490110525781624,2.029535990592879,92.7651541904241,976.9630008767183,16.393540055609183,99.93503004722002,0,0
22.400094029961892,53.03414823667112,79.54317451615988,97.2358907680497,1041.5814348190743,10.057510401311697,79.51102825267246,2,0
19.751104858496536,195.48763684080245,115.72238808431838,33.09831663033368,979.9423124803106,2.0030999501353386,27.17175988981797,1,1
43.55845262953223,75.6631214330519,10.607636057611005,47.37804198231237,1048.138333424128,12.593671905184058,41.61609464061578,1,1
20.82884797240445,197.23535945673896,98.50188111157546,42.51818419607355,957.006869572119,1.1325111475511607,12.037814950553383,1,1
35.32690042650476,185.75268424109848,59.609211360718135,87.43563859649578,994.5886619859808,14.171670915356504,73.18727372865008,1,1
21.088729706616853,72.24321179516235,76.47625878456287,25.655728654749296,986.1540187762956,10.695989325623849,99.62244930446387,2,0
31.608674691785424,163.2113514228647,51.84807420799413,83.71125780957671,1009.5414801620109,17.731908830047967,41.09425523501099,1,1
36.15065469375176,126.00373612376548,50.0859530160568,31.54496349499852,959.3559406912335,0.333431011992662,87.35342642452146,1,1
23.27662192835431,42.30134985635361,88.32424805112787,45.60128904699134,1000.6044692411837,3.250221305949126,95.97457214619692,0,0
44.80534900060331,172.75792459300067,48.81284982864062,80.98889709657382,964.387615538978,0.17238005183560556,1.9972932578028124,1,1
35.53106080915961,91.07898104958817,62.16184186902237,20.597051233377552,992.2686619657426,14.361363224017216,44.26937019674359,1,1
40.62767222092778,46.60379287936696,97.57704053780705,67.07449923627618,971.0763099429906,4.734409517076658,62.8030464569537,0,0
44.04788576243551,83.12555640583103,30.996051495311065,89.36092855284804,1016.9268291750835,8.96170974566153,48.790019527930184,0,0
22.148976377773874,125.36052601296879,43.04910126514664,99.65161413394794,998.0183515261888,9.717712123792264,56.58517874106719,1,1
47.086460109156135,160.16361997195006,54.13560837574097,77.49594127782368,1008.6235498780761,9.847340974024979,19.231577278435054,1,1
31.237769220921184,49.16371740451493,109.78105798219856,46.83254507970776,1045.2264014533373,10.661105801894223,63.15443786761603,0,0
34.00291555712647,25.87612339334018,45.09854628095292,27.931688982209913,1012.2954044183382,8.93748390400878,77.79849715709368,0,0
22.716466834977943,32.91321168586698,48.759867715652135,94.12683065747049,1021.0421815012412,8.378472495858373,51.727216975431055,0,0
17.947455391198442,196.9151792752226,79.96887656339027,42.832325477073795,1008.5808394215244,2.1896473213798795,96.58366688075836,1,1
21.117474575917807,129.60606361104283,29.454535504671654,77.40491061188285,1027.6821367240282,13.468394578228652,61.44994602551925,1,1
46.23641828832041,15.725342197951608,39.709771893623426,39.86299837046768,1048.8013962065422,7.78779559333747,73.26126992403988,0,0
38.96538073583516,42.416247495475545,28.679721625386158,42.502765084242725,991.1127278259379,4.686501313010536,1.9651482746847804,0,0
45.77875698825184,193.1219662761768,40.988446443788156,47.080550354037825,950.7091812774371,13.605013766607481,82.54398957486288,1,1
20.13129051260011,31.93326987343015,94.80998999657253,69.30325986833157,954.4860557627717,12.450939809245634,30.891772284376607,0,0
27.905380441479608,153.94628365937604,97.31222312071327,52.02853014718645,1044.7152936006355,8.129254359041445,77.18360352301099,1,1
31.935704259749066,179.5064653044168,108.93134923802144,26.99334462968671,1043.6493331310226,16.510696830408314,79.13107143126669,1,1
22.031896888993288,161.02384175093297,102.01592816220442,43.132026756332074,1045.2260078362324,0.997202927983285,14.990925324713967,1,1
33.815339831803,115.15849422446193,77.41800999610841,21.357530345237315,1046.036677462213,0.8917618546828798,14.306195272340238,1,1
15.490508113411995,113.37168665881893,111.87202607051667,73.27577328643713,1032.2657468480427,0.26562406917160164,54.20152984797261,1,1
31.084704212693268,99.7935888441586,8.665582240222554,74.7548288855446,1000.3220414858635,15.30297699722528,48.52906340617154,1,1
20.228357267925123,129.6513908155644,20.686363452619947,89.7915650683852,1011.3116239069242,3.144077671139085,96.23380574812069,1,1
33.14279121673622,14.579690374331001,75.21994852980806,40.255912561024815,1030.3693451877302,16.356441471323812,97.89473558546618,0,0
32.56543358585763,90.99137594554743,90.41707265357768,30.597652507354127,1004.6915513793124,10.924952002617019,8.947312281038721,0,0
29.629442992741975,170.6569597134404,102.73843463935923,27.939013193574482,959.0720882747831,5.2539095400387055,87.47660625539935,1,1
19.51159047757246,143.99936052548924,12.139874353572386,69.85102829982603,985.6067299119145,15.77827925931734,23.36904488253636,1,1
37.372064028648595,47.13650691517699,85.63923397345846,89.8942427648599,962.680179912676,17.33191377191007,59.35752544142979,3,0
19.44886718034584,85.5083710719424,19.303235218211746,76.02783110932556,1025.8868134417949,2.115930405455979,50.613985269464436,0,0
43.5118769609071,187.2326083101993,61.6221440090124,96.02233788891256,1003.568897045603,7.883809891998159,84.82031285528954,1,1
32.25439486603312,94.38050211290461,58.837498729179394,87.74280014957964,1033.1941541688052,8.070399848804223,33.3299859870525,0,0
32.21748084136952,114.55450194742181,28.600465275359635,83.51640677724725,998.6482765732422,6.680910968399192,10.68209929639906,1,1
23.359580614126244,189.85623435119675,36.61196241834319,33.50874314936283,996.0672791654994,6.141754867204973,3.5159250271194153,1,1
26.310082604779602,108.82172478789371,66.20548464239603,48.524713694151096,994.7302756252601,19.31035836469533,37.73484772303116,1,1
24.037938464099405,48.69340881335202,54.9317535244961,80.76161189735552,970.5988184188474,14.185922542815362,2.1149823349416286,0,0
29.66265422943811,155.17301304055738,40.64795469293177,65.09896811563195,970.497923282591,14.839907822523447,5.227910326875962,1,1
44.83899257064252,39.63927728433363,104.92776380499969,48.20233930404139,1022.2683574474487,6.384505955723769,90.59116712346476,0,0
19.432299393143104,35.70395785451974,59.16361501905627,26.55507512305169,969.5980184701762,18.875327644240286,97.64896611478872,0,0
28.169076526564766,184.65720420278714,65.3789610808118,41.579397269901364,1020.2398721080599,13.178036131497144,98.91253191087334,1,1
24.276655059324916,134.4119005323471,6.242850603533627,29.09168309573755,950.3918374951094,19.989213621193464,80.22736971474778,1,1
42.535305515673926,101.94521505763593,36.00804994865279,32.101142757014074,978.4674738846463,7.519424438582782,75.6310096980294,1,1
33.88816261161033,15.496725311096537,2.163481075069469,28.186574362725054,991.049871369738,18.663858340980365,63.74024812092216,0,0
43.063906495643025,93.27491890090971,43.39992998340514,28.67202981732982,1037.5933022186205,15.663200580558057,16.811809759772512,1,1
32.92911973566912,97.47496158424897,75.01098632238343,95.6949515193009,1007.977144176248,10.804345335572371,5.032293293466394,0,0
17.201761660630837,37.469358265357776,3.8964926030097935,79.468231645601,1022.3330303993963,2.721124688632859,83.60789007952809,0,0
20.41751121961392,60.23511739947176,29.877227899363803,49.78456788584382,975.4663765889962,9.779018528769042,40.74078813546854,0,0
49.52993217727643,11.185270025645133,17.061765166482196,24.2260715126882,1012.5841194982376,1.0901855482743916,83.64397373761233,0,0
32.91785207386747,105.40152491630674,67.39134092546331,33.66509650449686,969.7690303114488,6.376346457460094,59.34964158218514,1,1
22.354122157907508,23.266345426652247,116.41402637021186,21.758545184769833,1030.269740533602,15.760702991500441,29.7214113845096,0,0
19.74693156025597,29.125729341084682,83.6917940684631,71.42452728689389,1028.2745674251387,18.749623447982092,69.1927363266592,0,0
20.45480377930052,48.68852335308213,101.06324770477374,36.744486066736684,957.2522316954481,14.06560108084501,40.2526355490142,0,0
47.20140183910662,130.05101421873232,10.85027733499929,95.82852538029286,975.8557263640246,6.744249808125716,40.2260413683542,1,1
16.792850374150962,99.30308444612098,14.79821892903507,52.077626135068144,985.0709787992084,15.456801668530067,80.3170511632731,1,1
20.36945088361808,73.31023747584524,44.80237932381981,32.112835514886804,1029.845350505119,14.144566566708466,19.038178629703474,1,1
27.835266800782968,21.161004971302845,75.38479165116527,29.709753963889575,1048.5934168624917,15.613641493757246,39.023854958399504,0,0
35.24973762977741,182.26836324328175,66.49191364749913,33.95987891183641,987.8703355581159,16.86289730059491,64.42130159896179,1,1
37.77535345168301,173.36429713769783,107.27676689550056,93.5834057423549,959.4849193253156,10.882520039262019,74.05095212183186,3,0
41.49243957944549,121.34324039400077,20.014480222040902,83.79364431533315,1022.0111333514945,1.7227154309807258,46.380982467437626,1,1
21.089208983263127,67.49540914259438,2.169731064682252,52.02638947286066,1004.987692115621,12.391651856541737,66.34903451287101,1,1
44.2701959585861,43.092581455146004,14.457818692616154,88.12297375183405,965.661281489265,19.495201626723905,84.2538229398637,0,0
32.53068120613597,196.28428498440505,11.685207492960505,44.24526089400813,1013.8224415040611,7.000137369463575,92.83725519807918,1,1
17.296913086223615,109.88236641219291,70.90395208741374,72.21824990217793,975.5666223331814,7.291328550397289,84.36805296649777,1,1
21.822996913955592,165.37356943467242,67.5186507483291,80.97500089552656,1021.3607366263471,4.150229907697581,56.88127364338729,1,1
45.370310348178236,86.42324736038587,115.99089242679801,56.17720800813744,964.2785636667885,7.788693601553465,95.17024063905372,1,1
26.1902297268949,173.61963197341257,105.75008180182678,48.01492194655688,958.3257658050632,14.491158183176365,31.1512299013986,1,1
42.40232649901503,88.53096965208663,58.23200908111459,82.23275253988294,988.2363331061628,8.862546906458292,37.619046876962216,0,0
27.856918034704798,105.18931538029189,97.05593334013808,48.941464953805266,1002.4254720537737,13.414546508852016,26.9439446303655,1,1
24.713298171583737,186.68262540469095,86.82414879973064,66.1749340978647,1014.7720054420612,0.5859888620683673,61.81029655616969,1,1
32.832810562847065,109.14993595588713,43.13085921969805,26.51791181703535,969.3339233612052,19.014894264253435,40.8699562270934,1,1
31.333910454080247,10.541957970687799,4.507947545277671,77.37451576374062,1003.8094664121111,10.174119684325333,24.312453042266867,0,0
41.066275607047274,33.64731582169838,22.792169239322405,56.85697370786204,978.6279862111941,4.949259624662927,64.52376445533316,0,0
37.78401108264906,164.90341395998584,50.1250280367571,25.84680728209202,977.3666384921457,19.60010926393634,59.62585752327021,1,1
39.84079796803571,1.4715659250829072,62.1846878619025,23.00229260254425,1006.9230212091448,18.415416992721507,96.84191305004079,0,0
33.91934363861235,91.6409610504432,113.40205130981929,73.8887865597356,956.489927953841,9.314511553349952,24.02450184643039,0,0
31.443151250703856,91.09311440127235,69.85737633776904,48.541639227940095,966.4270449455928,10.074388691799125,83.0202884345762,1,1
38.24042798236608,67.67357318504317,112.26276273106286,92.97660569993457,970.9348399384098,0.7883517024072595,74.13087083507622,0,0
43.966359147220366,193.57291319027107,106.78036729059728,68.04278145651318,1003.0052339212381,0.5568210252517258,24.665644684477783,1,1
31.086516310652424,125.70078001671357,66.87021999820928,79.41087917453524,977.9766930887041,11.299052153049464,8.814224339079214,1,1
29.478293325412245,150.0321665909202,83.20810241148529,99.25141897377432,977.7891125987755,9.963785983479582,32.95304137739967,1,1
30.421108992071115,171.3900259738776,82.10508902261839,90.59529530780654,970.3511108331886,17.46722235682876,5.976227417838443,1,1
46.10097481530033,65.81475589214558,37.75051600968798,60.96708613589311,1044.0690187723233,0.9556272936281074,35.22309750707453,0,0
44.98001960391675,79.21089548709335,23.89882771164804,53.98353450651294,988.5552501491669,18.30832402933407,76.19343757430971,1,1
32.67904445104023,197.6741133443142,55.8333037531108,24.65902646562202,976.2274321814984,8.721409604386253,15.690262414612011,1,1
48.16477942134151,153.36977956355463,32.194464051332716,67.26436268143327,1022.1449157109572,18.82557857813596,88.16353491754107,1,1
33.031727914837475,154.93052395860352,67.4573704593102,64.21631120364322,961.4741958338192,2.5227531603230413,52.95336150224574,1,1
24.41015407426523,4.207380492093726,86.74070446802547,22.598927735213195,1009.5276841104054,10.783875882546287,96.88146905778045,0,0
31.947459877167457,12.720287275559471,66.2025561367754,87.28769364928812,1049.684928428144,8.60686347378145,32.02987424967425,0,0
46.73286539331996,38.24842581522427,73.85146980395119,52.45715393447582,954.1082364955555,6.945769486113955,26.52285225026746,0,0
39.01319038802204,189.75809953838362,32.16566248543653,84.91727513213453,955.535981693841,10.762420200796264,7.055006370989458,1,1
47.69115468957238,153.27025611147803,78.95398934455108,85.91171052997313,1014.7519795570163,19.37888794348582,71.39579478647715,1,1
47.363051335378636,103.42637840212761,14.04772955782352,62.25421771384137,962.6872828063093,11.8498695835281,48.24930605276629,1,1
36.79013892414736,2.009396210966319,23.380858998643692,59.30643455297047,1045.0503561589135,7.672180807103168,42.43720260536347,0,0
40.014363115231774,120.7585514572236,35.871138011799985,52.86531164539422,971.7699798857233,19.320429182604173,13.063438155735973,1,1
28.01428745982468,5.167794444002238,26.613539032025567,82.4376910704124,970.117523228888,1.601268050579312,47.44531798445233,0,0
15.348923215708147,16.953230885266635,96.91510434755702,81.71786758876851,1041.5138820404895,17.09030871821499,68.3175563239818,0,0
16.8316500055232,156.5697235973315,101.46129730086726,83.92657166175636,1000.8479035308026,4.658036772989633,84.53299756887267,1,1
40.45069834090485,196.15223487777033,18.68311173071195,38.053166644164406,971.1798149881503,15.850795352426735,18.690729645011817,1,1
17.333094043815713,199.71216131712572,2.9780653734178975,86.81952481270925,986.5366841550652,16.832309195156306,55.4620491211145,1,1
46.55709303202261,185.23859728292533,1.0917817536931196,26.032974079423063,975.0358729570855,13.386308327270033,88.8272196511506,1,1
31.097968295288698,121.39462325485309,22.619982335467338,84.39734671053483,1046.732811135347,5.371978658291949,49.48259516005463,1,1
18.01406386772308,111.82733129259368,60.33401302160166,31.554918732406207,994.2066213118075,6.682093041731266,52.18308753051893,1,1
35.497901740007975,1.6991157214419017,91.32071795394664,77.04114334893927,986.6286386206522,1.0587187113763652,75.49325397850504,0,0
48.431130616734634,48.030319204402836,38.822953648444546,34.7050311585452,1007.693612334484,3.096827892949099,35.619394346137945,0,0
39.3954554876992,112.02319660186969,46.37550771935223,53.61996814460335,1006.211088262323,0.11729455774322606,7.8509868453609855,1,1
45.84403237170541,15.575797818258152,84.81643154526061,93.60305312872421,977.0683604301731,7.409828741190285,56.892140584471626,0,0
45.85981393735047,188.38111745208403,88.74758977335216,26.929580868375524,1016.9154155534851,8.20607443745324,47.07009994910616,1,1
16.720193662081197,38.212427869271636,94.86163290403773,56.31670664382878,980.1662241631149,7.680381479299163,85.43995133256801,0,0
41.21496560917349,54.46307943621655,14.100220825484797,40.15985773152573,1042.0756451054733,11.631776756995107,53.34802087447829,0,0
35.87377598923615,73.20565314930305,96.85284243834153,61.862899944019986,961.6747902768795,2.581302496581259,53.685914650261836,0,0
47.77995763247937,61.67042433523975,104.3449402631062,81.12764692631035,974.7812442906907,0.7268149663248491,10.184726514238275,0,0
40.49728768466041,39.93394760812934,44.552510460647255,60.13593328051399,1022.5468168450163,2.2646244651825076,40.636640527746145,0,0
31.97755181999434,108.16541279430794,98.203276967426,33.734255603457356,1030.7831451826623,13.857568553933044,55.58708141989593,1,1
39.48347546409002,82.40354779033127,16.60771031617495,73.26121922122938,1002.4672306685623,12.78749601085551,33.799878102849,1,1
46.74033020689426,117.47397371511539,10.248298114904859,55.9843192563543,1025.6356054743635,15.882691234645447,49.45970527637588,1,1
46.31616497909554,53.53368743885951,49.27184366859199,91.88775284551761,1039.6256716471578,13.714255376493618,85.89805471222202,0,0
18.107064343468142,172.99899524155526,38.47438878602721,34.266520994257306,973.9369836342046,8.359370160277741,25.119200460446724,1,1
26.219865510577467,26.995697214328416,35.541211867079824,65.78270516336009,994.1853708091064,6.934375224718224,74.6452128857114,0,0
46.27284899876612,151.3578445804794,39.8400842541215,79.5553734270043,965.1980182474051,2.6063597618258183,34.562703703615895,1,1
43.26958291654199,49.26964944846037,7.59040906784155,30.536762816508407,1035.874496852958,12.675665694945753,25.320116336997668,0,0
34.43535388648635,105.51592448507007,78.65231741287936,38.6550043537293,1036.4402987194399,6.187371241600257,69.41316539762369,1,1
15.56436262302752,74.53142597882945,42.205178155057,63.47875428664116,957.2736261777196,15.802627474522167,21.778080176756852,1,1
38.69632352087036,160.64242464881863,67.42523474898158,79.27065653775884,1016.1860312215006,7.110595943040153,80.88585390335653,1,1
25.31454794599348,114.24258355030344,89.44772869698474,50.316472785000606,980.2767607617425,9.186920203456454,81.79634943491536,1,1
47.54726171009827,109.01668257197802,79.37594463883822,92.26188977911313,959.8546851412942,4.641571557323301,70.89000062515825,1,1
43.83105616693049,171.40580566611558,49.81286122259191,27.147192183349347,993.778147729962,4.614691804141076,29.11964549966242,1,1
42.0293644893127,15.105417205177375,99.30974609768425,54.213526865933524,1009.6063931100595,1.79304462471358,33.735907835727964,0,0
18.139532165519604,192.30874457622193,96.87139791915006,56.770620348516815,972.3602548323671,18.669102104997044,34.45965957269718,1,1
20.634455109058116,112.63287769079098,113.25289444137793,20.306423240025808,973.8124843253999,18.76895280820815,17.108596685716204,1,1
18.963520807393696,114.0374431599609,103.42125879537959,58.168785415514094,1049.4564256684525,13.583433990759858,7.407490721044773,1,1
49.74912460886914,81.57884735603808,34.4883040614579,64.63033468623084,980.4307591820864,1.7291501424030464,0.14283430791767193,0,0
30.735417352209183,167.37268444531844,68.67782227560919,99.93658391547527,978.68466456472,5.609101295201107,15.97494602339442,1,1
20.742225589286733,57.03731920200956,95.14080543282326,92.46054325091583,1047.508716970768,4.645793081929053,88.12975456140917,2,0
26.488928124706796,22.56810890337688,104.40299106241987,70.88845077148949,966.4730896081062,8.596625150260051,28.725769487706764,0,0
40.7878099048569,90.68324612485361,118.71359341276619,24.37959858076761,985.5015266136247,9.638003342199548,50.31335547483198,0,0
26.057753783497287,145.8480498195136,104.96964881867697,95.09754415822904,1030.5093376799525,17.011603946131988,55.05453006199955,1,1
43.90608792493851,60.70078182959045,47.817451453105726,45.35304110548354,996.7387335447926,5.711592324772727,96.16114422544469,0,0
25.949561980198386,19.608907622187964,63.218059926049605,24.56792627561411,961.054316630858,4.387787783924926,46.43502498821417,0,0
30.163782630815977,159.93837240055825,88.73695846609361,54.105463519256105,983.370420757563,6.329375681229972,77.3995087294009,1,1
16.82253421774444,2.564329902121165,95.46532703119777,58.17171007912394,963.0881138553576,4.711318691890025,93.25039530973825,0,0
45.08260414687143,141.95701004479452,57.867027640479186,61.62589009531086,1047.524453528396,19.31540887768574,21.526904578583427,1,1
43.38865982068613,39.44853323340336,25.624497346074165,74.08744273316614,990.5001098587549,18.630888142130402,8.900973489600883,0,0
32.903397428332255,183.70430608862424,108.49363925754062,32.522337073259294,986.6637700096456,12.382428000933924,15.939488477140218,1,1
48.88077602160085,182.94986574553207,20.034021484136304,29.692436900878832,958.5408482808265,18.188873280732622,19.362380979546078,1,1
29.569972499052415,89.7702731304006,71.88132530562811,25.738827499794,972.6758617400516,18.62980773837852,90.84101072685695,1,1
42.34517265919923,3.880249123643087,39.24081221953225,70.23669882743263,977.5190211773476,18.191733901075548,63.38894618324419,0,0
17.516735106075597,181.8011177671406,114.9319989811467,26.21699347133804,1003.2360234861314,6.067285644283409,39.283907648140236,1,1
21.287792628436968,115.61442040248251,114.95752238986687,60.24580802172872,958.2914581394481,12.400026669548168,34.022299445125704,1,1
44.95738163569543,86.93562966329405,23.140753073069472,35.2884498152916,1026.876418072116,5.311751966147198,76.7233394159223,1,1
22.20605587683098,64.33727374026188,55.858436692763924,95.45566797547606,1043.1731424753825,4.137437508445756,35.82190412430728,0,0
20.228978595882033,101.99701586269943,55.26990608335999,92.06081299605859,1043.0005377791072,7.671347820145842,49.173794301898944,1,1
46.368268720114656,161.34156154901228,0.4387573613579132,45.6047651346866,992.1774241936126,4.594325673664635,19.957161589593873,1,1
16.32245773084879,128.6739450139521,31.501234857979878,24.187774274505045,973.0979310528064,16.03827905672253,85.14891816465466,1,1
31.907318581765594,83.21413408173723,117.34244322021381,36.04517276704559,971.5359282854608,5.8373435407279946,17.275731828108732,0,0
28.27779593714653,182.16684539795077,73.84174087542891,52.95572388898109,1043.4410794571215,0.9692846495164464,21.027617790186138,1,1
34.80610117856156,123.11052463863584,4.746900787513577,52.243100632570574,1014.9153964830873,13.961410928068032,63.813990251626926,1,1
26.21971285263236,18.704024719581902,51.25349357032009,30.300354989444436,1044.7623658520668,9.503417320452565,31.725917435686757,0,0
41.8206424891615,99.58971851645278,37.20408288149401,84.95741939126414,1036.7152151001121,13.46016332577354,4.6964422407667294,1,1
34.82130080582863,152.65898239945633,16.38036145002986,38.29366011076827,1038.2495105068137,0.40243443706148074,75.2727137825976,1,1
31.5820652380048,89.35443176792137,0.8515838993864611,85.55185847731943,985.9824900636567,10.815312626010858,67.73006863356595,2,0
39.592035175327055,191.19601176521445,63.760794388393094,51.977564077954206,1045.3703626491708,12.842204700510422,29.81503562765556,1,1
19.426248589124988,168.51090029303626,43.461792335298185,72.83757770915449,997.0816419365898,3.978595595900767,60.16866086204651,1,1
17.12390741327388,82.66849197423845,65.59379275964052,54.88375792948632,1024.867217525099,16.55849909090625,77.1243074033178,1,1
16.358453173413075,38.82575408919444,64.39290111165292,94.7857632355041,1033.4956775052117,16.850690167036035,30.32081937596749,0,0
30.03067639775459,94.14118946318749,18.88459000198925,22.485450419556507,1044.6902899460517,4.814251713270135,23.99489037236313,0,0
17.918266881906582,185.70155038875572,69.56845379277264,73.36294857002831,1041.1576887263052,6.9124033780157905,62.15073111380841,1,1
16.35798091551106,37.35450564622587,99.7494966107931,81.34146850706685,985.0642691457147,7.53621255548425,53.35544335535795,0,0
15.008435163979708,48.24886720760557,24.98781703298573,40.038635739981075,1030.590584253344,5.593477130928863,19.152132205014816,0,0
32.64922112775611,173.12900727454638,28.961964460499985,26.282899423423896,985.6404735849665,14.953036491299557,55.06905446947946,1,1
43.587767935102164,191.9184295218468,95.11949721019404,68.30424630750028,999.3341588052381,0.8013817269653334,98.43219788140412,1,1
28.42183929012649,30.445642783373362,80.0050626475748,42.743063127636745,1008.5778270931048,11.735358156891824,44.572982090286914,0,0
44.26415154407649,52.993412311088605,53.8359109941281,63.01537028727772,1016.36247207673,15.67943701011179,39.480728287825606,0,0
37.611643043380866,30.122190613703825,111.91777206509744,50.64470451368028,1022.9521421976439,0.40682163764355295,20.5187142904807,0,0
32.04788905132523,175.6504935464693,63.270617994081256,94.38963858351032,998.3796896582796,9.808981934718998,11.974678850053188,1,1
43.09296854532769,49.3930824934125,107.95349872467781,92.86593762643169,1044.331011187415,10.4046097820618,67.70937847836443,0,0
42.24805580215822,26.20292373009312,72.11486339969967,22.743832104264932,999.7566083388726,3.096853632404548,18.29229259620847,0,0
27.776664834241053,86.48743334330061,74.78069094386247,25.95427347508125,1000.3691761237444,3.6525026050620224,57.397517503174186,0,0
37.309161429141426,111.34185131057077,88.59546125739692,46.8487395392721,1026.510659163313,8.655341634163873,48.41844983225968,1,1
37.6835744541375,3.671676799844792,78.4793065704298,69.48681192576923,980.984711675328,1.7158856979897896,9.093544991304114,0,0
47.312831144483,137.85586424516742,15.252313652488848,48.537853544712505,1009.2482993901597,16.711434101812973,4.366092871300853,1,1
23.28215960145031,177.94979805907602,1.0998660220579781,36.11192822351099,1045.9024175972966,12.268036930443422,26.167136663750647,1,1
17.344688303854667,5.6382680894444315,29.369409556431272,90.51886556711284,991.5913654297509,14.40666738331986,91.82850353799577,0,0
29.28141615609858,38.25547420747941,62.05415170283034,92.64669496478835,1030.43744141377,1.3165968672630757,69.25728000775818,0,0
35.01641328606338,181.4926352692851,14.697770022035668,62.72288905637253,1037.9462693511891,8.20047573483486,48.19949177328671,1,1
17.46612371834354,55.628728089782165,38.94079790027368,95.60979589959095,978.2667360541159,9.21737470539304,67.13044235642798,0,0
20.67641803427571,97.2884774283749,88.62468473710891,89.34841704216528,1012.6259274662427,13.381070306338959,12.628347258456895,1,1
48.10217740362215,26.51481549689647,92.9607524618158,41.185305742265506,1043.359314370125,14.39919078738959,75.38137129783689,0,0
22.667071057095917,88.60799532703216,74.13758335071437,81.59788945652807,960.395937591239,19.247306329090566,89.0220670554556,1,1
24.462200667345453,164.5520486064664,62.19887076477881,56.944518524961495,981.4434105811406,11.61937173263185,72.98891177035978,1,1
29.38265167369654,125.84383860165842,83.91755053863645,76.88974536122288,955.196609813118,17.194956113701338,45.82533147650479,1,1
24.184562859367503,48.352901495936315,57.96169354127406,90.94652315751674,987.8347581682647,14.994514935670866,9.68187309872186,0,0
31.66198457528716,198.33722807854713,92.45253633508044,36.84227907524904,1000.1441473697911,4.6724952729713305,40.95609272625092,1,1
42.30294083072377,154.24496305808074,27.372045348286214,93.77786545238881,1009.2568182764827,7.59848581924029,50.19355807808606,1,1
36.17749387032103,111.97810636915708,58.368604264341386,60.39462432715201,967.6411910427886,16.25465808609359,54.176031994101535,1,1
19.58779515966461,153.23142031655559,111.8932774052821,95.78455193895697,986.9017732411173,2.7103374712150807,51.839962663306515,1,1
18.941323027222722,186.79748370252344,22.02955528261752,40.22126879609313,990.663652688497,7.663289371182516,79.4662892397889,1,1
30.97108871928368,34.15365200066738,32.06518745832889,60.72907081500176,964.7453917426135,12.233113512920282,56.57473065511459,0,0
40.01458107337902,187.54092307587354,109.47054733213868,95.68604944550651,974.4715597023701,2.6313061327870924,30.22767004964485,1,1
46.32798104682101,194.41069492469765,103.11899412845712,28.801417690203486,1044.7427998059793,8.46716054701572,0.9310290762353679,1,1
30.483780926186775,9.213833935093518,65.26535053933411,47.0843221949641,997.3434933594049,12.26340721486234,86.88010958178202,0,0
38.166555176517505,86.80977369563614,98.3313424404438,92.44657100585057,961.9759966432197,10.638659551055829,28.451195974244413,3,0
16.64714192569316,133.70933902279708,103.53249329510707,33.03221235819152,1031.2413657623902,17.067914670738833,91.43404426664836,1,1
24.284978118011836,180.79061303797786,38.47953056837187,64.18704107644022,955.0507470832282,0.8776217673748721,72.03732127322029,1,1
30.556799229222687,51.25847507384351,22.849619522989222,73.59627926873745,950.040154402534,16.117823383937086,7.924960612992882,0,0
21.70213652178418,77.24727905981791,58.18304876593243,48.399609265115345,982.0712164984294,19.278320241463767,64.15796812433942,1,1
15.820153437858588,86.03518168886264,105.00104396927642,44.11649491285344,959.4556344774388,15.167695431798355,60.60138319360813,1,1
34.96093777392764,10.715311921481586,16.85988117546208,69.8039516970491,970.7823841458836,10.081401594968487,54.488168602939346,0,0
24.922751659482877,189.68503110829857,101.09569282026902,77.78988061062388,957.799386640941,2.122600386180389,49.27813458649557,1,1
20.6249672216845,195.6530927058948,19.022428083289135,58.99742683711792,986.4121056841506,12.787728429081959,12.90364088894249,1,1
30.06107498148368,54.94100656142873,106.53018296060256,23.246856970775607,1041.372749400646,16.65988277106001,29.757071644081545,0,0
42.62517291369866,6.242712067749512,116.02386603520723,62.12759540718315,980.3281026065446,7.2516642518935415,6.640535346049736,0,0
49.627232991471374,7.858389030138491,78.58885477774308,55.41887421651666,1044.8916218188715,4.919994806135904,53.20868239380113,0,0
31.882467300396353,140.57328881002027,8.161227834290461,35.50313040186839,971.456482009285,14.763015096833794,18.913869632674007,1,1
35.07221173618419,43.04876410019074,103.39499401007741,95.37483635917108,1001.8492974942241,7.046177684183565,23.405777501749913,0,0
16.742335053306533,53.70001523949908,78.50829359343815,62.68935450473687,1044.4041278280927,7.925545249834012,69.38633423283946,0,0
32.12629616162925,102.51524318484233,32.1329177524941,56.39606214735998,997.0784997012707,14.132850434978678,94.06399991861139,1,1
26.52624471188765,8.440093716259689,59.55541506007676,63.55690657193349,966.8440551131915,15.209292125521333,98.49291084414916,0,0
48.102115095296135,39.42120776473044,105.04358878809128,76.35949091293477,995.3846563806911,10.812219886494582,84.9600174982458,0,0
31.80472288734306,74.64147382102537,59.1896991631183,66.33038432280392,968.9077653778348,18.018154605339813,67.41869488296139,1,1
37.16441210681211,19.899245236127626,72.50087258071102,29.676852979079385,957.8697675195399,10.546217912847865,40.2785534046495,0,0
35.60835945546781,17.84443361144772,51.71796754167101,33.982937203612636,1048.7100085924117,11.223004248703488,68.74368609408673,0,0
26.389639823891272,18.94778295586883,117.10450353402439,42.90072283065466,992.3808185173574,12.9972784340515,2.4697297686111286,0,0
43.35906956810504,107.31563800572405,33.386062448258656,24.92863882339754,966.2498415474441,17.900677177068737,68.60242239358911,1,1
23.746560257291144,13.120152989005906,82.87383748639635,65.79261807742121,990.4519524458235,7.272228983801277,21.68142759291083,0,0
38.436393978813115,194.1336055587741,21.085829500419102,67.76932960124027,992.4185055745976,8.933774434893298,25.41472801278144,1,1
43.87972064814967,97.05112082944822,65.2087022637917,44.38087302378606,968.180846566695,1.7182077640564097,71.41191409249159,1,1
21.86819985907495,138.01507083775954,46.845173525634465,53.261984079172116,996.9177496092772,7.354170162550863,10.061997722259008,1,1
25.837113350099603,132.7468721387877,79.89412817626452,42.897944579199546,996.0102626557688,3.8689445602387496,21.037208152983577,1,1
15.80664809423126,179.3493099815489,25.284799808988744,38.202710154917064,977.9601432645131,2.54816143390858,63.92628831813628,1,1
17.63000336121553,26.840485265270054,77.37080719081115,47.172849638515416,1020.7947826701189,11.148494893402841,25.602117306151307,0,0
37.77897826712648,23.254736058576132,64.36924596960365,54.97184840360277,976.7873582817441,12.080099954790002,87.13335923402825,0,0
49.96166449170769,121.5525537486849,48.56470491950042,38.01656801729613,975.7096089395112,9.589099562995314,36.72777012807092,1,1
46.98350829187305,73.6590935311419,44.813350937452256,50.68276099471816,1033.6620210367657,13.015766416938037,61.416885031889265,1,1
26.695005783435178,163.5808353664879,4.603663362684136,89.66377378704905,1001.274989979393,7.965004697268256,49.71672807176857,1,1
38.35954356868409,2.553085303579472,104.58622277498972,55.73916202491142,984.2966519700078,2.764911312681142,43.94653743584421,0,0
32.371296994953255,80.72933889869556,81.43921125922765,53.67172230073808,1046.1417577846573,11.985550356471837,80.74779356519089,1,1
18.82745660883176,79.45825858918114,40.421724173658326,65.55859105092735,1036.1113520061426,1.5667643552401334,7.257479804471078,0,0
44.76111978551596,42.570017207671484,80.25039053397765,63.43025058886441,1033.289359488723,2.5017781967280706,12.978296572261128,0,0
34.488642609740765,189.27573067167418,49.79973100449051,46.1553680203756,1010.6689323197886,18.608972010900622,83.69278328446237,1,1
49.841926375662695,4.513716640475418,13.542977365531467,68.75742106932975,1032.057643933385,5.704886846135331,23.921108803421877,0,0
42.54415297834203,11.276370770646317,44.325917709910215,60.46473780738638,1006.0348674350323,14.572303135855538,35.48457234306582,0,0
36.44395206361125,117.07508455819126,65.71393207844966,71.23866345137698,975.9449171068077,1.6929750716925795,11.927167203974342,1,1
22.860383392886536,100.03958710455704,100.85313006552242,76.10346736707072,1028.9040604202048,7.019512478521827,40.465374164855014,1,1
28.778866009671447,38.374636880900304,7.345998977228643,67.27328742617814,1048.9216683420586,3.3365940990052567,4.6684819899273755,0,0
42.28360886383766,50.51720133694484,99.5572566423514,76.31493336276122,1044.5673537050804,8.178544715133441,66.19698394506341,0,0
31.269917328464473,126.1177394617087,53.95186872092848,35.09057971392599,1000.7897416003381,10.571684028748846,81.0603848260161,1,1
40.74322470277534,132.7583247882888,13.606451466308705,77.6493032530972,1000.0305156354515,17.881990722123184,91.98709341305428,1,1
16.93048067106249,164.12831207089576,4.523686850720474,49.37357005560181,1004.2299975621079,2.962015972542549,74.63138125690769,1,1
15.29241464602485,33.719809686807366,69.69561958241708,77.1510049629834,1041.6643102693915,14.109933038692477,67.1779270254866,0,0
28.80194012227325,0.25688510536028275,14.419111048274633,62.764363580483135,1017.5129885844419,8.34896567792925,73.06790115283903,0,0
33.26518033662626,14.835239118862443,23.04195011615386,87.19985785951543,1022.491274662444,17.8952397402499,11.755724912093656,0,0
49.65778871152759,41.88134278998672,1.4135851543970412,99.79383512428433,978.1073885445113,13.360389050251198,17.66823141763052,0,0
35.30799862696996,180.80699729091185,38.42174009141263,73.62031808354874,968.7903588798416,12.495907974374505,33.64503518175101,1,1
22.39228905057831,62.63641014072703,21.460928220935923,92.15328862703062,989.7186886317129,4.905586099487347,44.840784101593286,0,0
26.218765838227345,148.8838507626652,116.54638942625932,55.042692535811746,1036.103339997224,11.31726147119239,15.723566509423348,1,1
39.17179597284695,102.68689942516403,78.07278279025242,91.1749930057332,994.0434570656046,18.023552464347112,75.0669014281655,1,1
32.10117240572947,120.64442713159274,39.06973590228137,98.68778397910194,1016.7351163050396,0.8769370499325979,32.662190574800874,1,1
36.81600518156701,11.26665555984796,2.866102958297132,56.001939162224204,983.269017969267,8.765972160663317,26.269330988000515,0,0
20.765121143004333,137.82867139606753,61.74853395213606,36.01233689994935,981.9589426259998,11.836158153266519,7.2229348272477845,1,1
20.160855324316284,14.649120821478023,97.47807992569426,80.19273865696074,1025.3312931879257,14.32650686952056,66.93854236698692,0,0
31.694717038236124,128.45563270142299,4.603386574556958,69.71715381254276,1027.7877705536878,10.007167207687804,35.75133284272369,1,1
24.70993571803427,128.56041003241648,83.13614383558905,89.6774079890034,984.2334082460991,15.395446147711711,56.135582418933794,1,1
45.89927717373277,105.56242165912415,62.115579407756066,66.23016651527273,1024.9315355142435,19.293809576569217,7.356335421576565,1,1
16.8702110836856,187.5100674814677,63.585075062184735,69.19224116535489,998.2423601594729,1.8731490521494898,76.80893784186665,1,1
41.15286257810054,62.3406642985624,36.748709427408045,87.02731047244148,957.2357257741327,17.622102967131315,25.66616898959144,1,1
35.75446617144229,187.19883580035554,81.37470018439757,53.154384997362925,1018.9534208905416,6.879592726327404,27.725841634918613,1,1
49.88391472771379,150.15804623595756,77.36639728581811,48.4231714575455,954.9160829155048,0.6211375207031122,55.418125544879885,1,1
41.67114523636678,107.47583808877101,100.89420863269375,22.67412264745773,986.675207642594,4.741407823483561,44.7272968157122,1,1
17.533173761794288,190.82632831421452,26.790648128323312,93.78462203868678,992.5893155036682,19.71048266510436,55.40583834602108,1,1
47.57915024615326,1.069797738844569,89.78865674170801,92.24405224820123,963.9720566978954,1.9225170346430298,42.457260718595556,3,0
47.67876171465273,108.47731203808775,63.29477564660786,31.290089463945748,950.0789511093219,16.202801814909225,8.757456298623822,1,1
37.18474365573634,182.9232909030383,25.03822957901172,73.22182689895286,957.8698576707509,12.07510287675226,16.393172095320274,1,1
40.758374618031226,60.24625895878164,55.606921056557546,67.95444336220973,967.127341066624,14.832756372352417,30.264034063681457,1,1
38.18301509694638,31.65661013987473,82.57411910476203,30.25504582483694,992.5356496269984,4.944121474777536,74.83752494281826,0,0
24.171225157740608,176.34346127907924,107.01842536879354,35.715305217822866,1011.3845945007724,1.7543528343992865,39.15370996016292,1,1
39.966260532544524,131.88464936998326,74.96408032879296,42.60326909299549,987.8024949434403,2.0589228940057236,71.9022820433601,1,1
32.63610788769458,141.7531264691309,29.87322297562473,45.9550582908053,983.4215337260115,0.514848194944324,34.10478728306236,1,1
43.115660073131174,179.4596991499477,62.1861978763113,56.44013561753762,953.082461869937,17.584086751707652,1.3010213425872719,1,1
48.066252807357415,97.84324973761814,41.032139228967196,93.93747478741281,952.4390993110097,11.628497897381742,54.89325244993376,0,0
22.67621404239837,85.77748627004212,78.27168071325242,78.17049575055421,950.071685870658,18.737068601820305,16.45253723928124,1,1
23.175315197782574,52.69468913876965,4.538416386244237,29.844169887225995,1048.6349922944162,6.304334747545721,11.530109033904933,0,0
18.744694141111815,143.89199353399437,102.5482396839169,40.556183960677586,952.0909512335235,4.461800368907117,5.651569079675733,1,1
18.618822782051453,86.30162396952848,27.59020450339591,61.27567028203387,975.349375325719,18.810746022058954,90.59439679262645,1,1
34.83821367536631,70.88479839747723,45.73762584416827,52.948182651559755,1022.7579322134944,9.032779910376759,85.67299465058974,2,0
48.04331750756276,67.18923067578677,67.28333776508161,27.604522946605154,970.0469047766359,8.269315334203203,20.620271590177886,0,0
45.67961717760511,31.657251211819613,54.67929858637103,68.45593923679004,1019.1863908160844,7.661387394530134,86.90990687247286,0,0
34.89117028772739,87.90155608951036,8.068876086244394,57.175157475613204,1032.073584081573,12.29082036442631,83.21624537291183,1,1
32.29040847097569,23.692341018896368,1.6367815003057284,44.257563737487295,1019.7990471497792,15.805198078833875,29.575283462032942,0,0
32.34788723091365,84.22378088681633,49.262734122171345,38.50789705601204,963.6371105029458,3.9337711646242624,5.53323871633461,0,0
21.934575963825196,1.8401795250758912,75.27100807631739,45.31003259101463,1047.3144711426908,3.874341015525957,34.58285703095939,0,0
27.52444055245366,1.690299212492108,100.70495436473507,22.559556811545978,1044.0179834729242,17.841487021872414,53.55219160859635,0,0
34.02584512189522,130.75558459123127,46.446001432186435,71.77778267182845,954.4768388688486,1.0809525469945314,45.723041961954436,1,1
34.23678053871122,177.5635280671638,12.55927606894755,85.81183417551115,971.0047337292069,7.881672970200637,31.66024348274129,1,1
29.005434550288964,30.09909961451711,60.42840892842659,84.13140718650938,994.1534010378897,9.812271517963982,84.87675852813142,0,0
39.712034012331074,98.09088170395694,30.92347778270156,90.79413974759733,1007.7020401690559,4.422952202213867,26.911975263801036,0,0
43.10965811276861,8.829112417491093,119.0510624434584,30.42813437718334,1029.6068525396938,7.895506335433657,49.221618328746686,0,0
45.82277021126022,82.58223791784265,64.49925044078813,23.943972992733595,950.2347473867453,4.895997460034518,68.05830929187672,2,0
19.244271267569786,22.752391760909884,49.31527296430839,71.82696308865812,1021.207199224793,3.5690134819674957,7.958814737204245,0,0
47.91389618809405,52.133276512420345,102.40157971304686,89.07931603702546,1027.2522591762545,3.3766721330514016,82.18014592542004,0,0
41.92376957345553,119.34459802124341,40.46424422027433,41.000688341323524,962.1889212080359,10.195141338017429,58.52608755098465,1,1
27.57686466805255,95.0718135361737,43.621734884312005,71.2804845856561,1040.1259207796563,3.2784052409388975,38.14088099031234,0,0
19.930401138280146,124.9887540815664,87.46446113863149,94.55301860779647,977.8871926260965,19.004224117308603,6.32626718206748,1,1
36.10548521776059,11.426543868665995,107.25290253143338,62.38472456560433,1016.9348350762796,16.63147851820905,15.031062248396875,0,0
16.350704667834684,175.77622918257043,37.7919872950719,30.31831263417322,996.8461237087087,11.966121513920376,3.0970603422510123,1,1
24.62134803899807,6.5599748553792026,50.44024670345988,91.60800232529954,1048.2652411493568,12.740951070072551,16.16376937845918,0,0
46.704728649975706,103.2495646400121,18.44991745235017,93.73813355613291,1025.7469050723103,14.63410545446303,70.91807037944046,1,1
22.01189373837548,42.20133834150521,82.5951598112706,37.57782000883175,993.8671696803049,15.640036511878828,78.3952518097841,0,0
30.864162038405087,158.43798765504903,100.63461554376681,72.38206010274082,972.842585230842,5.48023560771095,31.484115540873535,1,1
19.08814377068832,54.631924073989026,25.142306917503852,56.42629998468817,1040.8437547872265,2.0896063350791616,72.02679239473956,0,0
39.05490515445947,19.150839732671532,110.708688588696,65.47777617254556,986.3725521135684,15.130771669906133,25.736545840163405,0,0
39.272844296621216,7.942241514449444,100.72896451311263,55.85366776170548,1013.6692914357942,4.424756396133674,67.7073712658448,0,0
42.028409656264685,94.64263737687975,74.12723088741532,56.50607390579189,1039.4091369257847,9.957383610286383,84.18087090288189,1,1
43.0473220394587,82.10096426967131,27.610139022897005,52.486570604781676,1032.621737577522,4.552650716387847,52.44363458577494,0,0
43.213386178626166,70.69549502567575,77.06515644032369,39.650525923905164,960.927944536816,15.887684501857127,9.896862340870683,1,1
24.49834882778546,171.02188439948802,41.57631444944006,97.84362796113288,1047.973433477386,5.365520409071134,4.097822224989045,1,1
39.67721494718827,90.19730052966875,12.090341275149154,76.60182551824343,953.1174909111921,17.403933809844844,13.865252911330373,1,1
19.455915756135376,35.134459593716905,115.23196301904798,75.45354882030767,1030.1371535463636,7.95269971465506,33.631272750495555,0,0
23.206940237410947,96.1296056624818,66.21944802410022,70.54198749222043,975.7118503998695,18.973081618059812,16.975849820713584,1,1
48.79786111682443,2.9712245015007577,57.73508301802147,46.66942704932502,994.912341393025,11.41329157961578,43.558915801270906,0,0
29.519639760555826,146.54468308266132,82.30515301037576,86.66170256286783,974.9958981239496,12.190570195081271,58.51947853928539,1,1
27.940823380544106,97.21150838053619,37.65385719668745,31.347551809358816,971.3801210662733,2.1102729280240218,68.30695751901241,2,0
38.1254587588203,190.12127431597457,87.56140963766896,24.163667100490514,1038.4245173928955,17.253503258914517,44.332032077269865,1,1
35.50520676847725,195.21566649450378,63.87652366177995,92.42574627008719,958.3038757810186,3.821037374173657,44.07549434413178,1,1
35.46648829180566,163.24557037256005,118.59145381718243,51.10811971792931,954.7415636140084,16.023430065906496,60.43807190828081,1,1
21.949000060387057,98.96569132428404,89.07722946404692,81.63294296549151,999.9618411998762,6.104290602577183,97.37425820384935,1,1
38.217691383477245,81.64750386925974,33.65558690455829,78.48823864028498,974.2183445593768,3.4341997794737633,52.98338889620703,0,0
25.149558742544965,125.78102898472301,14.152640984908018,72.39528836538572,978.3296527997702,0.004858688690254631,12.693605767417637,1,1
47.676538224228295,173.47092782307158,28.033083844348422,82.2697523636393,1010.8571593173974,19.41809422899739,37.36056595340591,1,1
38.85112143810099,12.707144484783717,47.549681617968716,97.10541289505444,1003.898087445012,5.757590066696892,12.027096312860685,0,0
39.623491906353564,128.97120868594536,44.87264563245296,96.07530814926675,952.220281298785,6.074477032636516,92.10694862995814,1,1
26.232740341180413,50.450566771034076,64.10644919174968,85.90413999364303,960.3146760878361,18.860414192914725,79.5072881181164,2,0
21.34375894430432,142.40159223963252,46.19504671650686,52.18357424610549,1028.3290092438867,19.255696159614644,12.665587284719393,1,1
29.722058290758678,96.1883216168607,45.157418034599715,49.055129897298,955.2268667561597,13.710772411252465,43.62144171200454,1,1
21.817783092537436,163.20670046041369,96.30728977819535,58.91133024711151,979.845066114776,12.761854515929048,28.815213577740305,1,1
23.26027756132992,146.10293080526532,4.839028766514084,27.581477682767517,950.678817402359,3.058863729508523,6.899000871045946,1,1
49.85308287229715,57.76199399081791,17.912161520309674,39.279700639673436,1043.6125571540135,10.403204460487913,36.48180963078569,0,0
45.56870102682268,78.99805410980649,40.2010283949235,36.58260180397885,987.7796823909412,6.333687120338521,67.73039592981411,2,0
25.13539466347545,115.4399492845123,7.907059803836725,35.30313253572115,990.7405271611349,18.738985078173908,37.72519857156954,1,1
38.2425942419942,51.01744448427963,15.244029116787807,24.682928006404012,980.5413498542752,3.1532205359381593,17.40104480161242,0,0
41.62657579354325,3.1676141889748433,66.93721508825213,50.35691044747718,1000.6549999908548,11.256604744292058,31.336769445727818,0,0
25.328810106449986,146.68036986698115,104.55323857453887,35.40653059668223,959.7618760535149,17.955916127840517,34.989546364739866,1,1
34.296108673198496,71.9086289040007,15.096280361526158,67.14653159581825,1002.5140851769629,4.059871183823944,45.186904465227784,0,0
42.8931626405476,118.08522062157827,11.630079248039383,63.841719778330805,1020.2738299289587,15.854068115615028,62.91175786342668,1,1
20.34303575892743,142.03465331803213,81.28102152978197,21.954150635250656,991.1747667590244,6.659004939247466,66.94120642536434,1,1
22.564753430882227,118.1743845948517,109.58471541770068,83.82418977668863,1042.145773621653,19.5701193386538,1.0670127006162766,1,1
36.795944673211714,82.56787955178129,103.1825388402146,40.145176160730536,1048.1029489115076,12.274159390874946,79.35374022288309,1,1
17.995984348796892,36.69157695177301,91.00844076410438,21.75892176314589,1031.6877985893782,0.27898037383822905,65.71188390612733,0,0
27.778287208113206,122.29897054383983,83.52376883869364,47.398017534904334,960.7962448110835,1.3929173549653129,58.89360225625479,1,1
33.22293738069391,148.4402018242265,61.16826120047246,53.79566320247033,989.808717823623,0.5289380519533493,33.55572016966571,1,1
49.1607055133573,174.71111524541777,39.52536804410612,67.02363240530977,1034.7296745535493,8.825486735001373,1.795786375015096,1,1
17.607866163652403,102.07854426974133,116.3327250811054,75.45676337750942,957.091619143857,3.7872175158372556,77.132314321685,1,1
44.45039159846857,123.53891723771817,77.33078035557799,22.26699603067077,1032.8530259581507,15.765504163416592,25.903514410334715,1,1
39.80368519879274,42.97092128499962,4.839619326181559,36.09092340723018,967.86288767543,6.754959934696945,41.84494971754581,0,0
32.79886120241977,95.35077510166563,32.480952715834725,22.333653485925957,1010.510162223715,7.914896596947088,29.86721573875497,0,0
45.34293649906793,149.34866155963195,102.93186580469308,59.59862357699688,963.0931252126777,13.924428722425448,20.607377993717524,1,1
30.443038418210087,13.000157789777699,99.0370082907579,30.075251283800046,1040.309750704931,17.284612045231142,46.4582764439246,0,0
41.05288715063968,123.88901476363066,96.36907708052938,54.54440806287296,1028.580848424435,9.24913634130296,94.09657878427939,1,1
32.02302352888017,92.52385438674591,94.20862338762153,85.72621534086704,1005.448911432117,3.595956269901508,46.77582309575795,0,0
48.88253760183874,150.59723860783703,97.33951246549586,22.62603990553921,996.785946263416,12.932422673151107,83.00326836280748,1,1
16.724577875397003,170.48777712837463,65.8081124090294,35.78511764608479,981.7255216449701,5.638591035031215,53.08590342884758,1,1
16.808998796889615,31.707231699984707,97.52316520509389,30.608319259744885,973.3396269458127,9.067412112083147,51.71208881133305,0,0
41.72636678649555,89.46648533323756,94.78375452426465,69.4677045636366,961.3099739423823,3.1266287678567717,43.70337254497708,0,0
28.891128758116388,148.7088539274589,69.68845677568223,51.05064648017994,967.0760283450386,4.536742046509903,57.550101846905896,1,1
29.820358171492735,102.98550177213441,20.48129223626804,73.03250018756526,1035.2538740855966,5.158790135738012,49.15142258318266,1,1
49.143456515731565,66.64834811014553,71.40556139085135,27.21565601601955,1010.6015002479443,1.7926354660923582,95.92354353238221,0,0
40.04819282253089,157.63195762714128,84.49252329259642,67.17832288611726,994.9912781085505,17.167467595221247,95.6835667543063,1,1
32.46626605164285,186.3070098310524,69.9999491986221,63.070734951714655,995.4482732955357,4.185755230602397,0.37196608180591895,1,1
23.452717939962145,101.94463432071304,45.59519427117031,55.878818240210705,1048.064821956405,7.005447413386552,45.21829393601079,1,1
19.673044297348685,9.59154648739753,93.04914175109936,65.65465400575829,1026.0704806043896,2.9972559777310326,57.18287711826909,0,0
23.877486601948142,45.612363380003984,1.3831216863582307,30.42725788552575,980.9268111499696,2.337575211818781,98.58584404109375,0,0
25.802142698338272,26.064789340465634,23.889877539354927,67.01625826731812,956.4043523864789,17.248682602823138,96.14996792371473,0,0
23.636159723358332,90.01905371817188,2.6561341235396485,71.25681797817772,991.3926058052589,5.401169322031114,20.683711061660848,0,0
37.890807718056614,83.2434062064629,21.559114683589442,75.12872651894592,1006.5072283036693,17.173441098589922,11.74758988764929,1,1
42.49833106805596,134.7033573634518,13.801312419371738,75.58565838973766,994.1547288879831,18.899695711116863,14.161135061789931,1,1
37.49916867855083,76.3960090925892,114.81776047090533,46.39799162322212,1046.21859094918,18.02971702201498,27.038323531065632,1,1
43.12396218892497,199.12084036070118,30.31956026055388,54.94217354586557,1002.0180736566759,5.898622716077286,1.526483964602976,1,1
22.704523546913435,56.387376868351694,53.23196415818246,33.688198273072146,1037.3254356691673,14.098222654626722,8.520047755966198,0,0
37.7532357898976,130.7312952811241,114.74654083723533,20.2416697084929,974.7932449805808,18.55582958750631,93.21339153982831,1,1
40.22052467797231,153.152664209508,10.977954951557653,61.11006678225869,973.1582991288999,3.6243608722723453,81.03032991233326,1,1
19.726334783819162,93.73032739927704,112.62938875032397,34.866564445227404,1047.7993423738235,19.88575971522118,55.561715468240294,1,1
20.954995906200526,63.220977588179124,50.93913992118422,44.74593794865783,978.0635579876516,19.44459418432715,15.336482741574564,1,1
40.666476805090184,0.08205788783497425,71.54192032828522,93.2754403163242,978.793409409322,3.710519505154384,65.1679794878427,0,0
39.94104925544376,137.60610379039628,38.31802560256489,40.17619217274647,1045.5918799962044,18.46599016539859,45.731660989282034,1,1
44.61678531540307,90.4646955268592,50.92668216870125,32.54103580794357,992.6406056491973,10.74833877199614,2.2504327428686466,0,0
30.543955181139225,156.27124367904005,81.60552676491238,70.8125591091148,1040.9555428437202,0.3606401965046002,55.70475861922341,1,1
42.55720969433975,108.26707654025344,38.8674663096455,30.90004520735823,1038.7563071816191,9.41524784775206,87.81151969857014,1,1
35.50482428516089,134.83842332300014,96.511338525414,72.73244356801075,989.8054840678938,10.27266767857302,80.30455246758798,1,1
28.077760373054446,77.62429135369942,11.482813926960137,93.16675481773981,959.1036314945442,12.964183548971118,41.31944788027977,1,1
29.196678658940485,135.91036731453678,8.051247915585446,67.49646263611477,1027.2031785972354,16.564255157731886,17.05303893937753,1,1
46.40966675273608,131.22921836948845,105.82257609848193,58.82245736881586,1004.2033345097202,18.38076554057342,89.99095433546718,1,1
30.68563056791507,54.88252632713635,47.1804521477117,51.02114628237998,978.6866874982794,5.371592086659332,86.10629364797194,0,0
17.44516722396316,135.52223641991884,20.738406174774276,47.56047147152506,956.1543034134837,5.399472737109241,76.84210711172422,1,1
45.97553635915405,44.30543038047341,55.62574071107062,57.62592383497651,1037.3575305759734,15.255981057516108,51.30772183680499,0,0
38.47615201651207,169.47101078187336,1.1446744830653932,52.23120248400389,1040.724316727708,14.806260616879028,54.284137433407466,1,1
33.53755844622967,69.55401952088755,62.46246403698174,72.43065595707625,991.8363038428793,14.28306292784348,86.12322272603859,1,1
20.41396968647014,90.30940456348489,48.96241095420973,74.99718432397825,974.9867465257929,12.805018299045525,87.74892417314881,1,1
29.634605992776795,182.203139995844,119.17964867201741,28.487363995836166,973.3053187984858,19.007595029641863,95.83276864813868,1,1
18.419754638536546,2.999700075427336,19.33200279077067,99.68102267057986,967.9999616610687,10.050952134440463,84.8417726430511,0,0
15.714056374087221,120.8977964516919,33.24305386435492,88.98679331517853,978.346114926408,13.735114405638178,67.42196324473969,1,1
22.7522742100874,6.959839973670023,49.109948854247676,43.135452157269576,1030.897774961371,16.007283769106905,45.70239521926255,0,0
36.22792788631266,120.85190319738504,99.25897781131481,54.0001931298558,977.5446679790509,5.30069836281095,53.61922792822041,1,1
30.720187095627438,88.02415419698724,10.936480690764867,77.48829925521565,971.373668798191,3.9390726041744273,41.27583202773935,0,0
22.97224195662305,116.77165346160308,44.57560072013658,55.912937807423205,1003.7169321604028,4.070710449636097,15.57516228655298,1,1
45.814766600576164,86.74474056628421,49.4512331559047,22.84897202182732,999.7976302587393,11.083394432220002,55.88408709546665,0,0
39.74609092630095,35.496366998202355,30.266776107674257,84.85843721843301,1044.7170616843393,2.7186549473464128,49.76495545052182,0,0
22.49616884588554,12.014633670996488,39.06040057513625,31.49501001473702,1020.9933073434246,10.674508273428888,14.383447099031088,0,0
15.323455594193003,161.63140980484255,21.143328739709702,68.49733137766128,983.6921913076745,11.709718766300712,31.565362698232402,1,1
18.042884624228897,44.59000171155072,22.567027977489072,54.241548195171504,1015.8283783426157,5.276121498927151,1.206993530061795,0,0
33.16280774926649,121.15189787179442,115.54445928021717,67.15766424745975,997.1172559378142,11.468032517954077,92.7900629862027,1,1
43.99323509605762,64.5957466727616,28.47052363885647,41.01068898928589,1000.4421039715213,14.880989024571555,50.32192071829621,1,1
17.37287385398394,144.7161400879962,96.71641544051447,43.15982920957757,1016.4125739283351,8.531838021087868,88.91193557274428,1,1
44.5828945356259,105.08639966192845,82.98066549763134,90.66797608176832,999.5717010078275,6.265014809776439,75.36661379095813,1,1
22.70231891746421,77.7062296012084,103.88726845281523,77.95378722154521,990.38110052475,4.294890048167148,35.59683908322365,0,0
24.943645222960157,35.217857588770784,89.1999496278788,40.16559094801372,995.4167470167764,7.717188936722181,98.20773786356308,0,0
28.68822854518772,15.996496559350959,10.779090308650083,67.26029770824519,1009.9363551738265,8.3751798096531,43.184369231202965,0,0
16.88764039943049,103.30930207785245,60.5687370456422,31.963945484555563,960.3839386110927,2.47144981198981,10.102824649125852,1,1
36.3397868437866,39.296530480583726,30.171618262495613,33.88577153211518,1045.7835304448504,17.09234926303671,23.049483735152087,0,0
26.46482028727441,41.97856846099943,59.02511513529885,21.56884259794029,1017.1368008896795,10.463162996352832,89.86389283011033,0,0
20.753743951494496,160.82184921222634,95.03532173600588,30.174495137350952,989.8559224144128,3.403052822890338,25.47205004575489,1,1
24.21361611906905,111.24727880515455,49.36931181125586,95.81862432050443,962.6370141947006,19.473842697003974,23.063864021426394,1,1
42.05058777336485,67.79398523456427,17.169767450077668,88.6311348196992,980.8860899236463,13.177108084536844,56.64436850866266,1,1
31.5114708286806,99.16389452970782,87.8685496910745,27.021833129875247,1016.8180661957905,17.916242027971574,5.778819701986415,1,1
19.922866873178336,143.32638734040628,52.47379778935411,52.28388966509507,963.6966634544236,10.135400814355762,12.654531119637724,1,1
31.681715970868915,152.72305979233133,30.99172294645962,58.46289345437818,1049.2015969396837,13.733008467080746,84.13567713051987,1,1
29.5196662296191,153.57218462517105,4.86110075295862,29.8328946033796,970.3070592920062,8.03903849230439,84.57448783257632,1,1
27.119311777577565,130.92423870309258,85.117715376418,66.89458832706731,985.7241968170136,11.541066834270886,34.22655927897462,1,1
17.935580849320424,198.5607956372029,15.261894435901308,25.78787070688459,1037.8530749207157,6.036693217857902,65.02969740735077,1,1
26.51520053817815,78.29085415889423,31.45355664201558,47.44352046344082,991.0700400586543,14.408321381846857,51.15361942347918,1,1
48.02478260049419,8.376078767755102,60.36819871584338,66.73798310653746,1042.0196986074275,0.9831704724285517,57.349958493521605,0,0
44.8770474984785,48.385545623847314,105.15508182287249,21.523472741943344,1023.245462913373,18.66226442337306,65.71976616400622,0,0
30.366023539315677,8.976203294543605,110.41365759871545,57.62369781532598,952.8996744335948,13.796421426575238,48.18372535762582,0,0
19.352086110484375,42.85436186205192,7.738881654701553,65.94348317668589,1012.2029479252009,10.114845967108888,81.71021330026149,0,0
45.13530874578048,123.12487933662533,1.5307775648916655,75.61837245981886,991.7999216920351,11.31114966452774,64.90806020188845,1,1
27.258281501447687,183.41970103435884,16.076984009973746,73.72094458248299,950.435957995658,18.493022108103617,11.25041332380915,1,1
18.32094805516511,66.60152661044884,44.82795432468967,37.14400578583029,1008.5121660927125,8.858281960839271,3.4175589041087417,0,0
26.18782217893552,162.0865827146341,82.76418418342423,77.98966828639044,1019.8116924083523,6.219460427660666,9.966392207677588,1,1
24.53635144115836,166.35706003703186,117.65649573396854,59.50776117932491,950.9700354923042,2.8008962426845807,32.20805753162658,1,1
35.25048720075324,15.018729161062794,113.20287584518579,49.20669386275206,1041.2584217924823,15.610436055140436,75.54372725155811,0,0
36.23518529237812,125.35676341036893,76.56038822594978,70.29771096204657,1005.3728231398361,19.728280369657778,73.22905674256961,1,1
42.19312359373824,174.49256301673483,25.8767715271019,26.704332727604864,998.2894436598599,10.281613912385463,82.91817799499177,1,1
30.53242527488175,114.17060510886255,63.248512621615,23.056222700591285,1011.5214896596914,16.560865715485043,15.750054807580383,1,1
35.80161068743085,118.72210888928288,19.702195686763048,29.87708589845888,1048.0051942976484,7.874383393060751,22.742172872352928,1,1
20.996359055903124,133.520342716647,73.13343567927346,71.4841698389934,958.8006027511452,17.87069166996874,38.92663968090483,1,1
25.967929225062527,92.47228944954784,46.80792788971539,89.08616025113167,1042.9260975197892,6.069064328992124,86.39358074599548,1,1
42.35330953365735,186.16153446895237,29.49003746230654,66.15673200967834,977.4544584740445,16.481889809687484,0.5324190571064258,1,1
34.768670701023865,67.8406862543836,38.72204484933843,71.59250590919336,1035.1484449313994,12.183907827866525,85.31729786467224,1,1
24.260898915836048,103.90037095299623,54.064384688049124,20.931591960247697,1005.681214314074,13.230486482923498,59.191440441907005,1,1
40.76979645741975,114.26790569061542,8.010030582090831,29.315641926776912,1009.6474577543952,5.499583839472804,7.964512903476583,1,1
30.036096020699137,110.86451961673107,39.44951860195279,77.63469617806223,1014.3770608101245,6.656367221833439,75.48725289085606,1,1
37.704326488656235,127.48907574358041,66.41132409444816,20.911173447084224,1019.6507183476889,7.5208358221831295,94.26097101586556,1,1
43.62946698770219,117.53889390626244,30.26183781831233,36.29739146221333,984.0384837677549,9.531358871600371,29.606551003894708,1,1
33.022532338736895,33.074085102637184,117.32553753906,28.63396439719951,1043.1944139654372,18.271560228053897,52.5360481819498,0,0
40.37185951426295,87.20965959451756,75.60414930509258,47.2460749936895,980.1159019785446,11.564595723390275,49.81296741839804,0,0
35.28377292024933,57.3321162574046,44.03493981803943,26.711836850312743,955.2276372272206,5.069142593460326,7.424685933054576,0,0
18.632114802215924,162.58568107878742,4.664843642002716,72.71542351477942,977.2557748815401,17.430913614162527,48.49922845774996,1,1
25.6951760764739,103.5277871378869,45.83496228543226,65.14408517358642,961.4532868326348,19.939810056251023,42.55558776967175,1,1
27.188072389757906,142.04196966325298,43.6679287794399,86.6619444023006,995.4270724360425,14.391168265308698,10.745321644188655,1,1
44.614171494428916,147.14359735562198,25.406013415435883,31.622880779662932,981.6292348725624,19.521411720638085,25.683157456705864,1,1
30.964452313132163,6.004045143467263,47.6673035479479,65.70560123464821,1045.3124612507966,10.334720898801288,81.91073261776877,0,0
34.149467489911515,8.15700268710362,37.800993022772886,66.04396062648826,1045.0593965931125,17.182607195024666,22.835561417884765,0,0
22.703844050670725,40.23459342278015,110.69986755630038,88.21329224813765,1027.4883432252948,7.854702284484551,50.43807042987668,0,0
31.25161106783035,50.67962151187453,60.603365537852035,22.43972382822036,963.1810373497459,17.73179192337893,75.16797670314233,0,0
29.800394317068047,103.43007245677545,44.39986631519729,79.26238937285379,1028.418717923208,15.265703804063183,72.26117248344495,1,1
22.157651854247852,67.59399584809576,56.38145219804099,46.46343931421245,1025.4940200158328,6.587070484999094,13.823208678533716,0,0
28.966415821690642,195.98288655647607,27.105769552029106,68.97269271545832,993.2973049839707,1.4204913529865326,48.787660599805946,1,1
39.575751502690935,102.64399516556375,104.65272764958972,43.11496133260661,958.6249171303965,18.73131223316012,37.8196349528219,1,1
35.17419430087717,158.40062522603918,38.91763966506967,77.29316305420889,963.5418849817828,5.825874944110105,14.47106361365199,1,1
43.39306954404752,44.52984704535707,86.08842664862523,95.46387177965221,1002.7772209068877,10.800583845213755,46.103356809781204,0,0
26.406155018777497,95.13100618498342,72.33690387201113,98.87932577365275,1043.7764559318225,17.243059165862434,88.91305357048583,1,1
31.374721415221504,131.48886543549295,107.4080067523457,51.43606119930824,1046.176247834547,8.31572124138366,60.10826653932156,1,1
39.84316496453302,190.11840261518768,29.353952886271927,79.69047825909138,1002.0815586144082,5.371142812412821,77.66068397963906,1,1
34.32777980608463,132.19476412993515,38.748128229348126,58.5019161462084,1011.7354250988067,8.09821628539688,19.837253984770133,1,1
48.65741723103564,102.29350800852347,88.07044443452406,52.88377548448465,985.5131764025716,8.1432859693425,40.91966437856498,1,1
34.04630405796837,108.69397399627263,59.6584579059446,30.782862793395047,999.6075478500532,3.3820780084130297,12.613578629576516,1,1
47.64260010694087,120.99000262954085,79.13880697495011,52.1434936266691,1040.8980891914864,12.75860979159331,76.91698695235874,1,1
27.899686415969985,192.0023761638251,98.4553548189978,88.31587704116349,967.2194267425755,5.41926415742439,28.562659968357707,3,0
24.48182281364049,171.0816324208576,3.826175425031053,26.087999118461944,977.3914870629903,3.997459492988873,23.185961388284838,1,1
42.9280116238655,112.62531877840938,0.6924793551561592,54.34582125633562,990.7884926850359,2.2789053888908706,67.61417886014571,1,1
39.573401593282185,144.17864381041954,87.41651346703105,20.004226154583744,1045.3920803846722,16.28417534109326,90.39816965892852,1,1
15.547515335760195,186.77175915714787,97.17462344257257,86.97753143669588,959.3287384721968,14.775560578371953,95.9916689642091,3,0
38.74915694963562,114.1122809249213,113.47556132987964,55.43496973875488,1009.9293566310479,9.526765869887324,93.28462213602991,1,1
17.662965436792753,100.22394016506964,82.4342929662526,83.35252307377895,1008.3018647444136,18.17835488242908,94.19914468838716,1,1
17.251172811775422,80.47410790827487,2.8150826065385326,46.353332589955436,1003.6868217970602,18.215898610198977,84.65543224654029,1,1
19.4624904335195,18.606074948179142,70.71208065080005,62.569437796702616,976.6377641430024,17.989061691076703,92.73664094615535,0,0
29.091400341905693,178.06051142270405,46.07386731155672,78.94534654637602,997.5942217547724,2.4516631301436598,92.79342012370215,1,1
30.89338076821378,146.89740806448071,44.06085773175506,21.510470286098773,960.0530358691836,9.924389589798487,68.99643571263624,1,1
26.715736430274767,139.09769183553007,83.83627073183473,76.31487258622647,999.2521854020508,18.29772300243008,48.91965179806156,1,1
30.759281772382337,39.8761638021254,36.91861048276038,23.386759401464268,1013.353529361617,4.970714878541857,30.41552544854651,0,0
41.97850825825124,65.44423663229078,29.06350704157706,33.52461993069646,1027.4858402181956,2.5941251598005377,45.37537602503535,0,0
32.7425540627018,137.4779825371429,75.99401787995946,84.85765383561399,954.4751433926239,5.928814495587944,28.013411877537976,1,1
20.110591695723787,57.83565077128863,37.17183769714841,61.750756954198266,1016.3704478926256,7.622010272236281,71.94702313133811,0,0
26.7657868502853,58.05673546295207,64.94256670284292,21.89730882446325,957.9789123634,8.359390871730541,94.29127113917565,2,0
40.25291229451983,17.62531390011155,101.55816153370485,78.58406164865448,1011.0946525702653,16.405859212183547,40.41098477429571,0,0
22.752536779884846,102.40467782175186,65.86101067121686,63.06610976079297,1006.5073791480105,18.974098364783615,90.22456230962314,1,1
45.650096279562874,160.28336218172544,113.21137287183424,27.87957133435226,976.512326144574,9.901118913091697,84.65344931234053,1,1
32.680799903295636,149.60694786831775,16.675188629869947,40.19310503812481,1023.1776095037673,3.294680177754481,35.135593465492676,1,1
24.270319023475,69.9723388444957,84.99888588935644,49.42777449142408,1005.526332260794,1.998637541088193,80.50176932346278,2,0
27.946101897684372,129.70683180666848,87.04675219941991,36.77287376893603,1038.467498495335,12.324485032139059,42.87251417514815,1,1
21.38173142523768,188.46018758024135,90.60818449579502,36.64196501865991,983.7710774724225,16.193485161761465,69.5677663215339,1,1
41.80245024505035,88.24022044258648,85.97715151706002,50.9194978291131,971.1262916938197,12.6535406968272,97.60139255987941,1,1
25.871033998836538,92.19391844250792,80.88016452838244,63.32050256979903,1034.342779570905,15.234854129390317,5.829720386235704,1,1
49.944743187332094,150.48049074389345,103.66839795529359,72.09581696762771,1035.6285128046761,2.2476594985741882,34.77378355593156,1,1
45.67473302615724,40.33104225337845,9.389051829602728,83.04951519561752,1033.5486155643296,3.253044363798012,85.43459827827155,0,0
39.03687284590094,104.01653664331678,99.6300231337662,53.53993994551726,969.3993956223397,5.697053532212273,50.51640182933148,1,1
33.596577743561156,161.11616528824672,94.96232683828013,66.509324576366,1028.0785483365476,3.8354691658734197,5.006452709329434,1,1
45.577183792214505,15.110898752553915,29.602611569279674,75.62551596995077,990.9447937627309,17.526279398310177,29.797979466226955,0,0
15.415497133427575,60.13112811214882,69.3690059021798,50.07507003226347,1003.4872755758755,17.531962376700374,91.24850542303685,1,1
24.309092262893923,92.42809465398014,65.89728182897414,95.92899655105977,1049.8617319164384,4.708144976830533,72.69798713458154,1,1
28.23108717816183,1.6216393772426452,1.1103026923082826,56.84528060498046,998.8334913004335,0.4513939314688531,68.69274167743025,0,0
25.29011860082336,111.97862030718989,36.11028877985025,33.37074518954458,990.7173738598875,4.645467295810015,53.480097691916804,1,1
21.9589985600268,101.68119532892541,18.885421784264107,73.6779767588628,1025.3937684441423,2.2078846849986755,46.78024120373392,1,1
17.480509522920574,119.63648910840048,31.728515751557445,62.209956547096624,1001.7461009384291,18.487086923876006,54.90832225687229,1,1
35.40494679014105,80.33062515287605,113.88955238193802,82.17487275516876,978.5405290302841,16.88419171552464,43.239636018508996,1,1
44.00335002367579,164.57761365870041,22.664422411542525,76.09129051068615,979.0642969306531,5.949853399853364,29.634807688058075,1,1
40.394888664598184,45.96520835850721,0.10870022953082703,77.21894827861064,967.1184743835125,2.089647906156693,23.751612059406014,0,0
28.296518281294638,95.18126549464014,5.3484048855156985,97.64586661018883,1021.6063053419558,6.463881306486723,31.869725728539734,0,0
30.698989227896078,125.2489645526066,17.56476799067613,35.114385101196184,1035.943458283355,5.125098477781451,38.01949979751775,1,1
45.4945147832541,132.6295658799645,41.0054255210026,74.69596365796966,951.9683215381414,14.712853200227304,48.701604051623946,1,1
43.461375154956144,190.92753040129367,111.0946259393482,92.74120347642726,1001.2169955933887,7.202842282778761,46.503532473067274,1,1
39.146360115967624,176.79955537423734,24.838356360014345,93.45545267693625,1031.518023196989,19.57712030356469,88.02517732816871,1,1
24.797806539216733,21.191182268809538,13.468928638990633,43.29786548626209,1011.4183723984539,16.086406521943452,89.92503069815648,0,0
36.831368452923144,1.126262549610746,22.35801318222402,27.978096308269436,986.332447556901,10.027019872674918,4.339717857856085,0,0
27.196729152847936,35.835934925064514,77.64841995106487,57.141789545947205,999.5317646933909,8.553835760669221,95.6019710486567,0,0
22.515729379254715,103.33285196877486,88.32208420384032,64.547553050765,1042.90208857168,7.559367112825683,46.3675805773178,1,1
18.098281032515494,121.7998222103857,34.585436213772724,32.82472316124551,1004.4531292904508,10.646205267598212,7.587164122404754,1,1
39.43754087230655,124.75443813017057,22.682073929579666,57.55478897232351,1022.032291647856,10.58871481082553,39.54890761835702,1,1
26.281846032833027,122.07877332881071,112.69304379722887,73.73958723819868,957.4745903636316,9.213699469642675,89.08241315106275,1,1
18.30618490303804,197.77514242750865,113.88832723745055,26.26195845839007,1043.3413320449554,7.262651805189244,84.47091670758626,1,1
29.643416819964504,88.17102254050317,76.10917091730511,81.95819354207867,953.3789150948248,11.863119910542686,18.673299409737098,0,0
27.108233125212102,69.5937332310433,56.28724082653844,46.73091295009387,960.7361118450668,2.912574770509029,3.343798556109767,0,0
31.4587179865064,190.8895389705977,13.881026837773987,95.70115944024656,1023.3361514732094,12.749976058683263,64.52777553235629,1,1
43.935467693869874,21.383972875964275,60.57051882786501,75.76729106086069,1008.6820445073564,16.655581420465893,7.22717090113515,0,0
39.174536382470805,106.80554607694354,45.49930367759321,47.22199857872247,1012.0832632774193,17.819907492885296,49.61759261011153,1,1
43.8653107426922,80.4312763687935,12.287335535181185,24.920458916691082,955.1334371323677,7.603002839153399,33.72377508358421,0,0
40.127795826789935,148.56430031697317,6.102476260048779,37.6898610311212,977.4261850158899,10.952239682856188,14.451522390695025,1,1
19.687942679000013,188.7577778415916,96.50434887573371,34.452392167293624,990.6567807905491,7.112439985151311,79.10040740654073,1,1
32.857452076734276,25.569947398693404,88.67904757874926,51.751038257993514,976.2924247632147,7.509972440414403,49.77565636068964,0,0
27.009043074595333,48.381154518351565,47.82024345647764,21.53383285999186,1027.2497846096314,3.418897871351716,4.390461363063725,0,0
37.87945425167777,154.78722576473444,97.65949579114118,59.480734612847996,970.5368184689985,14.744553544996535,69.97130771543371,1,1
23.619475693611065,180.68155117255858,12.52457496993948,98.61505916730606,1036.0247810977464,13.757972909581504,93.87498882798329,1,1
40.280890891329776,38.09139940600919,53.05873657353741,25.720241946530827,988.9657422288116,14.832060394744174,38.644335093081736,0,0
26.560296141384693,119.07114450206238,104.6645434798674,23.806655403688993,988.5470434699736,3.164814836305254,69.53542507318696,1,1
18.70035961508972,132.96155171604892,34.34170449574888,35.91334509897798,1043.6352557824985,0.37049153491911735,43.777727188956895,1,1
15.756944736162783,96.7186096208658,60.12568533533019,45.73299771157976,963.2161777525024,7.527750754689507,67.2262939932566,2,0
42.38385330255607,106.15012047762846,70.78012733277068,36.04930968997222,978.733033322765,3.2379122010471684,24.929535000461133,1,1
22.871037307893612,103.88975727824752,67.52265069488753,95.59579366572036,969.5570647101523,12.83351420322992,81.72592689875229,1,1
34.608451232406836,51.00073050021514,31.506027602400025,23.140244245679995,980.5444226548482,14.892073580067603,4.751775720711038,0,0
22.675334887669074,141.2464997063564,93.9181875387452,56.425472804954275,1019.8074338478649,7.759043373097841,15.991324502412752,1,1
28.93523227330173,115.99356404062857,113.76639382234683,25.500076167094186,1000.7394093844961,6.578395564214487,50.83116942766945,1,1
15.839140658178609,62.60507094031627,98.3841777032406,64.315338708371,995.0582492816118,5.710501434306792,29.80425227913559,0,0
28.408550175670456,167.11414199291207,116.06558481699221,55.09243050802996,989.3352838747762,16.931015516397256,42.69053206363036,1,1
34.32063603034779,46.18833291974889,89.22030429348902,62.55906546166255,1030.9034550240342,15.614654600573395,21.500476827002856,0,0
40.047244269521684,160.01088159027427,41.53286889388741,33.808729032181965,950.2632155579588,9.018073061862964,35.24327315388416,1,1
34.42184418388931,37.60821851775715,103.15986571997702,40.62041725024877,972.642960508765,9.614281129687118,49.885102374427426,0,0
22.527983007478248,54.37214534518316,20.364628698629392,77.47681426585333,1027.008903125408,9.246569949185652,71.40870226850174,0,0
40.7577387178106,27.65510553556172,115.9413629801444,85.68255576771448,970.4483461195823,3.723300714921405,12.566114557958274,0,0
19.84324968896714,149.63235980573924,56.358510834194824,82.63473381918938,1024.6254894350204,12.092254270104432,68.63666065786795,1,1
15.642450353269963,62.35552936100439,76.53866151112922,20.747596278899536,953.2976943682594,17.037759649407665,68.40248616920718,1,1
24.28794065921204,137.5925680237418,95.0948002967116,44.5435426488081,953.6037377499188,18.65558249375469,34.51798382956305,1,1
18.726861714964723,98.37137427862947,92.21613547969606,37.73178516940473,976.9490050133363,4.854299735971663,99.16730528316782,1,1
21.90913068056899,115.1040433932248,111.03175699883572,31.75172551022234,1047.08541978677,18.949544687912493,88.45719870582626,1,1
22.509478246550078,126.81101120219667,91.30697675534881,98.88223425571438,968.042382208137,15.320517990385929,33.880116992711294,3,0
21.146926294880082,84.27538824277099,95.26030945783397,57.187984296324174,1003.7523100203049,19.903188204002426,39.9109299557426,1,1
36.5390264148234,73.04884032307437,47.13427755944459,75.65126027563265,1043.7886976094883,10.847179009846428,76.83999289487798,2,0
18.122229558593734,42.23160748638539,60.25579691034389,21.600937890301985,975.2854978762559,10.348025796499323,1.4961198256300712,0,0
24.25912001791146,102.8061638951739,68.77790975774948,94.06013544442443,1014.5345623250607,8.294716050599876,93.03511771330678,1,1
42.4709044185728,40.00178422254952,15.701083361858373,74.06493085941864,1005.9883165576983,15.793472275855114,73.88050500786865,0,0
36.88240368501303,197.27643432577844,64.03076761324904,29.04846052013759,1032.8273564815988,5.03706724691418,77.73021481439183,1,1
48.4987483600018,139.35910279286824,71.52361931397613,56.830894054003245,986.4409865995403,7.060095019436725,63.63727057095906,1,1
41.2945590928211,135.70341389688286,23.809212143227526,59.51897441147929,1029.1640072183063,9.514081563781126,53.66232797354938,1,1
41.98976168597878,132.2530612530183,49.12139050588711,91.63301689553751,966.2567068663478,19.910328971806493,11.88525784762372,1,1
15.523248988648362,178.00378022975295,29.39442100391473,78.37597019573766,1031.101537493207,17.179727820642338,99.15942356641668,1,1
25.29138985139997,142.04866838545183,13.847982993699386,52.54474330854795,1034.797169331259,7.353160921182167,59.10953805356141,1,1
32.63207053036219,129.19030622240902,116.74732672652338,24.45884212011217,1007.396151750163,17.260575585005697,48.13827117484275,1,1
17.74845150795505,112.10787048335418,39.848866898858454,32.395342827034874,1034.9034513283473,10.431990259822433,93.32764123790666,1,1
43.21057766110742,138.59435875473346,0.6030604038374321,54.225876531059996,969.7486281652032,18.215958220977356,17.458398467636027,1,1
25.012101808074995,103.36735354689984,31.60363427976951,36.789174182329695,1009.9099325102752,1.7785904551004772,5.816775872092473,1,1
28.0285853315125,144.13289090157247,66.57681099287376,53.830117477342306,1006.5751564224582,7.309029693065472,93.61463354321128,1,1
16.9216711818771,134.67829580596705,106.95391977933006,84.31077669882028,968.4041034821447,5.918526979605767,71.70479387071047,1,1
17.949469571326794,162.37233996651682,86.26883335257484,78.3685319388274,960.0241370267591,14.355210896324618,67.981812521997,1,1
44.08228717876477,8.319191251293901,2.7732802161350634,49.84056799028486,964.8788283849153,11.167689551404438,91.73489015067489,0,0
28.70179056169055,168.99007545452082,0.028904942143976875,33.48117147673474,953.0423539654086,6.562943610301373,90.81895956965027,1,1
18.39332432596457,121.28195534876008,54.179512694333305,95.077456989265,962.2519142537094,4.240557010044579,2.9541968611493274,1,1
30.187733737098082,55.566579912930855,104.38871206683851,68.3952650558204,1011.4090737975702,10.638213937626048,9.1850337229201,0,0
30.575653930387432,199.9010379417033,100.22751490152177,91.47672433336928,1032.32263592465,2.0608338686196537,22.74482540647996,1,1
15.109257797474337,60.702024975622294,13.032888281579108,57.82346762412664,1017.7127488573902,17.49010590076154,74.92171650908982,1,1
47.85049585224768,10.779658078757759,1.4615802499849728,72.907049106897,978.9352410222247,5.070020322115463,33.08870876937943,0,0
24.442862026232746,102.28728126031746,52.8178136668959,60.994284110132504,1017.2713611500436,7.742610179422966,25.13076871421568,1,1
20.817018788306093,69.8948239065251,89.01677702954065,80.53639280891757,1016.690538668421,4.680563506137492,58.80862458546977,0,0
34.97413815518968,96.8532396219451,65.9974783660637,59.343250609893445,1006.5456366074109,14.310119092422575,10.962819440343974,1,1
41.236901325215825,27.17723002551884,7.995359809244964,98.0863748977174,1045.6991768870441,1.208730898811281,44.32534414749622,0,0
21.518572840492116,97.06897942688362,99.62126915995049,96.04894197943122,1013.4252653451538,7.078113344236341,60.332556564459836,2,0
25.920045713795762,181.96472816641207,104.44805557270044,64.65854002237288,982.4798915380361,5.867793511659567,3.341799470505946,1,1
43.55372978588534,90.07664260780159,39.01595140803173,57.68882839982031,1031.8737990454651,2.4922841541504237,85.76559882418273,1,1
46.41280922879239,189.34158300677763,47.698559090715335,37.37123232301375,987.3640818466698,6.658241924628065,17.615391250286006,1,1
36.25433345355208,95.32483210172578,103.88411907888045,22.56876643856466,1014.3867927555126,15.258977570231222,75.94865691883071,1,1
46.01258884834338,145.8067485658988,111.33720739772356,46.61252798567132,1000.3209416751544,0.2815932656578135,0.6957587303291213,1,1
23.4044317158032,20.16143942781705,31.22536415229043,34.163463562271794,952.8520024838648,18.18608292812099,0.8223131388891525,0,0
40.76287505179799,30.429577383903307,109.467554639952,91.42367516719086,1015.3901146369258,13.444682996012103,0.5339141969688543,0,0
49.47050481397607,175.56652071516288,107.41274708761104,72.73956296406976,984.4786928654537,17.872972981809617,29.151692815119233,1,1
34.694904016977105,19.94619446877648,110.63467561593002,31.261636621697065,972.4896805730407,11.1626831625643,76.40930002129815,0,0
36.67729570777046,46.426782560031235,0.11316510329884011,80.57204642459513,1048.5207325911094,16.19826240612181,46.02066181566153,0,0
46.63185414896873,81.96953462367,62.99209010921611,58.17038139165466,994.7623872665525,15.503815385878115,52.676890726949196,1,1
26.085099270882562,51.63163353169566,4.529678036092006,66.65561295064367,972.9961415401034,2.962678440327662,65.38299638276777,0,0
38.84232402375421,150.43097845153318,60.42922756063098,91.52436841631092,1043.6342753398228,16.147418795849788,63.55934820081872,1,1
25.630233375691603,196.58898432404425,32.8963400630326,36.21255375923448,994.2154113786582,1.1368114142477692,97.84944646717908,1,1
35.59517447457487,111.39041833283505,78.69555358796639,59.76189182217653,953.2063517094541,12.246225776807936,71.61738769564306,1,1
29.586217121841862,151.45911441423857,27.240155920610473,37.70212728529472,966.1416987687574,7.439895195783237,84.70120353890836,1,1
43.976922175217254,76.56484159270076,70.6942483176284,77.66530531799324,974.1206774628023,3.3628217178949416,97.2095993212311,2,0
36.61450596233665,196.28314436673278,40.53071845586749,76.24253599793052,972.2603636541238,5.224003425478259,51.1902121269624,1,1
26.186634392782494,33.52431276811689,31.54568423871912,22.859871557269173,1020.4423621477487,9.842333141717232,9.424306640452562,0,0
21.009289759497193,20.506907622528804,73.51113699310518,27.536829088999504,1025.4282333035217,0.4102183864078235,24.93757879958921,0,0
46.173333656216755,143.7062636244492,8.756199951082525,85.69008835881438,999.3035121540205,16.935660543376585,60.07397744503934,1,1
38.86415612115006,198.70031207914164,27.880265510882182,69.91564598091107,996.0321390057399,0.7890390584538287,1.4470641502865034,1,1
19.173000223625053,129.81834810770962,68.05957054960706,64.2743648930982,953.185676252826,9.38605992720014,92.46228178425285,1,1
28.915715425872634,124.98449395769127,93.57824107477722,82.714022331351,1001.9280082395271,17.159038908046725,39.137809336374694,1,1
46.104262517467944,48.04543327910906,33.62596883886852,24.24964993592009,1029.5581836542283,8.341104724654112,22.911661391139905,0,0
23.11265971658029,180.27998824584662,100.06999205532442,64.28247082857467,1011.6110800415721,9.48651141100582,39.16665428788089,1,1
47.0416908426416,25.122540704060413,50.213614765947355,47.564952639030025,999.8150720251149,9.152637490903501,51.88895316510814,0,0
19.897164202944793,102.62830030265542,29.090257666465305,34.746507919055304,956.4834218786191,15.253051175122819,42.744192085655996,1,1
36.93252891591155,145.51866866094866,81.51799983762642,57.640057527174584,988.789852895173,7.519198192813274,64.00487969300563,1,1
32.31780242296557,169.82644959770212,104.96423811920545,33.64483024052148,963.6233651545725,12.608018520719991,30.12257480622794,1,1
15.64997515677846,177.72853387259102,27.22809206925699,94.34245213486473,1021.7434450878254,15.253069798229685,20.14614957931604,1,1
23.196804896588453,104.25355076481316,20.65198231798346,44.43453541464258,982.1462477947805,3.192598665055282,20.518283339516074,1,1
42.59931447028898,33.43917090945367,3.4148870212706983,70.34839541031508,1047.598311939245,6.624276292462428,11.86557031962523,0,0
34.963556387863576,181.27084221912924,94.08741357941746,69.80126947301727,981.5056496607599,10.8376034655244,9.124484130425536,1,1
38.763089849823444,145.01920377953016,115.80379474919026,40.83178869960573,951.8456419043023,10.912169288543012,70.67905043968145,1,1
42.66426165590458,38.74778660496212,31.41034428444284,61.00727402138371,983.0600809970002,17.2102297317489,47.37601537387203,0,0
42.985252543570105,116.12395209647075,92.77081699405343,46.613838922425906,1033.1416621930312,5.4914463110204315,54.60988080032908,1,1
22.490248961085598,95.10530432523868,38.18102514104438,41.33627445097714,1046.6985018028038,3.2014821097346124,78.73258374573953,1,1
49.44577358191252,3.980296748015566,83.8832896850514,40.23294444450297,954.0487824328304,8.057791579132616,93.5217810170875,0,0
15.411778302844919,117.57713838595633,60.16757743143892,89.8707331496838,958.4001714520625,13.630520597733007,68.01096984332773,1,1
38.417800590179915,188.4668989870074,98.77050348082565,23.357818099480482,997.1082850704513,7.95906112402667,31.014722109080207,1,1
30.796785380393406,76.83883698519548,51.88006798543984,98.3409492486914,958.8632974749581,18.444617396774596,48.02367134710267,1,1
36.830978592483945,166.03659332353877,43.255563497910664,54.43375264703735,990.9518480278714,7.494620450715197,92.5529321646895,1,1
44.01254619175542,21.79999797259522,12.974802297251525,54.229561188239295,959.8657376732809,12.381861905422394,14.36916072617339,0,0
33.28306423883804,1.4439894007435505,37.991561809517606,74.17525789381244,998.4038940227848,19.565389719979763,87.41037960662108,0,0
27.567477266510295,9.097308294454919,101.47515601380226,92.89874482517371,1032.0627393419036,2.558998818395297,99.79151344122877,0,0
24.050447754347083,144.84098256167402,108.96418516028659,38.85496914645675,1040.8258554677066,6.18963158389734,97.64132223840562,1,1
24.84410071331661,190.68716495156704,6.425358107120989,76.74176093358504,1003.2111133837004,9.557541542454613,22.349431425583997,1,1
39.695852642177215,38.16189828926142,66.34101551817218,40.259629043220066,1045.5621379781355,0.5726238767130565,19.972828011123656,0,0
23.48087122356067,82.81356515356329,27.927629024406425,59.30792722150282,1037.2465523258538,14.241268428183416,57.99619805351111,1,1
18.115111229393786,138.79842167785512,19.969714117312783,82.90939087693584,975.0056758510153,8.340974566418017,35.04702023179279,1,1
45.05848701361999,25.308891742681627,67.87738588617464,31.36492875544498,1020.4795836132187,18.101562555889622,43.46076538672534,0,0
32.08322910927416,185.48456729655246,62.51896663792286,59.00787504396487,1007.8329102704304,13.784594727259039,10.688337508703139,1,1
43.738868470953065,87.10100549065186,8.681821187698265,82.89461353585705,987.6949971686272,2.0073499019010788,63.377903954325056,2,0
45.80459737017746,177.55070188279726,114.91961697707679,89.41643678133504,950.2140919345475,7.604823328267805,81.85425799055031,3,0
27.818855209946598,120.30970127594122,72.75803368494384,49.202024323105846,1040.4473927281288,10.064566907722352,46.47842059375008,1,1
49.912981098166355,98.70007281452334,21.407790231429725,61.04555382907505,1031.401673551993,15.537206537965629,78.8581765108471,1,1
39.78083243992691,50.84356581333764,103.45009030082777,91.4754772301012,969.415269661855,2.6091127310278783,97.56049685891121,3,0
45.39133872776287,178.64722944198934,106.36516615492742,63.33494592269827,1014.6401736665799,10.907257042672834,5.1206349190329075,1,1
41.092607987347044,101.06640666717605,77.72508897482757,60.211184398042825,999.1811322322455,3.4357821895553364,27.871371514114895,1,1
20.559844218038453,39.133259125068484,116.75728565043659,32.249075661775876,976.9270424305207,11.8117931547717,61.017857623664185,0,0
20.38909454103402,158.74348515704247,94.22434414953901,38.98541633631129,978.866630267546,18.75975730918994,82.5671445979478,1,1
39.42289615718833,16.446644302120106,50.191689708309084,64.74414976614617,968.7411287983776,8.964531642164491,60.102587748869,0,0
26.458183804038974,156.18896379009743,100.85394979665665,45.88875755472566,1033.8657154492457,2.0715313220603004,83.77290986226564,1,1
20.34626510836658,16.585430501945208,77.01304853292135,57.75498926042354,1040.7890600412834,7.263783921816984,28.71522634376287,0,0
32.52572171504694,91.18923715373226,41.33136554606259,75.49930389586629,1025.9561833913908,17.05967938060273,97.28566047103429,1,1
24.332966724637657,143.2186964979923,47.31098825948943,74.16655775608865,997.5981690349221,19.875462055358632,72.890213579075,1,1
48.33719551520136,166.99390989623714,108.34812133960453,85.153535777174,995.9159130375912,5.0357690669376876,37.03201754505222,1,1
15.708268142398266,104.79863349293343,60.60693603244904,62.020037186439055,1047.4031224972064,18.229080069096785,16.171277833010798,1,1
27.910888254456122,84.79123589265238,43.26395014219773,83.87967708831304,1002.4037669867587,11.441996339432501,85.30135589879255,1,1
43.20748536953755,26.44230456405994,85.66975009003612,54.83489031216284,979.46489030625,1.000376418043727,48.724956034545094,0,0
27.4402838253586,50.302607935280164,83.3606075516349,81.55883098524697,974.4789519029425,0.9889487335869451,84.8752700565235,2,0
15.348590942150617,187.4224987842944,75.31438487792471,45.74773081610562,974.6477909576736,0.18011328528950488,23.547141701087714,1,1
19.820490553099937,122.43324414462913,19.985470631256156,62.29038700292954,1009.0116422344471,5.96083396693829,3.5064949018718705,1,1
16.303885821496863,5.269466438783521,88.69496005638555,45.44077638514385,1029.6300185967664,8.634656476856984,45.29981008299638,0,0
32.95089108783508,142.6062912750208,32.82034389956485,29.726987962682152,1005.6057335191462,6.539552464854785,44.24913136680374,1,1
37.64313479180569,98.82514822825412,74.43345805210114,63.53600016909023,1023.97963719361,14.1187323542324,53.41898918086192,1,1
38.76160573008974,174.71192045452256,51.87255453458023,53.02104581990349,1026.424562085238,11.65107674083988,7.100678022258855,1,1
46.223920549187845,6.156620447528027,89.80756274516918,80.70353141634503,1045.311108528193,1.082688168046415,59.685686078449095,0,0
29.97441997194685,66.1265909719084,10.838227235888764,65.01232957370473,997.9040725674614,2.0910891630204853,61.24895070970834,0,0
40.828359208852845,153.45566021072966,108.64478259149129,52.75765935110218,1045.3072768622137,17.308588101653722,29.650157102393905,1,1
20.574906307231046,87.07787922560269,48.22784495471599,66.05754442649635,1008.3386232327748,14.999739687599504,50.98899482056102,1,1
18.668792432926793,171.6582671106212,37.17174998222245,97.70379682452736,961.786010867977,19.165023444650064,9.101180688251699,1,1
23.08626482814708,9.315988417308319,84.61357759667939,88.02389892574334,993.407108181598,18.570441500848595,59.029907175559956,0,0
37.05024974062832,169.08384034015398,35.61602460622067,48.341257706210065,1040.5951919194645,18.019269920775276,97.64827762008709,1,1
46.564341075458486,25.47440720667218,98.84691433643849,52.78707824876753,1049.0801355945937,9.445619286576022,55.38360825022206,0,0
33.54212203398795,64.34740597165556,9.002650667150181,91.65209843215348,1030.2675812526286,2.7905356111933854,77.67682713500729,0,0
36.90463331177135,81.82875758352446,30.482537891467526,88.7783026801786,1020.0188259294054,10.954798189382737,60.95685338984641,2,0
18.187316372876335,94.78395218223838,23.24403513428424,36.67069432070603,1016.1303962286867,18.225123036685762,40.375661047834654,1,1
22.271224555426663,129.74938744733083,104.54244556203813,79.86550408979926,1036.8757230536587,10.731093420215988,75.1876244369191,1,1
19.902259577562777,69.6549230726383,46.74589973778269,60.90365969968276,1042.9076360256825,17.485931204443485,13.452549228918453,1,1
21.047637815886212,71.52810991778227,34.88926390688087,69.18167625250098,1040.2776047764546,19.245830833451734,65.36029525352265,1,1
44.335572049038035,105.04044004615942,24.999233623204766,61.97507296747819,1005.5082601437651,14.849151284271132,21.98829897073491,1,1
27.89086337303561,72.80549384291326,115.13275148893979,55.51559682613751,1025.5093967298146,15.016227627488782,26.554418480324138,1,1
35.01543912801063,178.86057866372963,57.02372633483393,95.60940058740368,971.4458229324161,1.4831821154806146,89.14538731447493,1,1
44.66884192867758,198.51797518676895,81.52721857349113,94.93503413337196,1032.6949025084111,16.888526662401738,56.914157045426826,1,1
28.38276092708488,186.91161450865636,51.85406107390734,63.105549379973525,994.6114307125188,11.296366279203943,47.05050789923272,1,1
16.678864550281656,176.40963720153974,53.327258269892376,67.1154918805879,963.9187802757987,0.06775695965278272,24.529009364364295,1,1
39.66051112466726,19.83890602257572,109.06649284637614,37.20180554849477,970.4593614291775,3.6301592324299103,1.3981712971364746,0,0
42.01319139673821,175.0069062490517,73.69952431394387,35.05599853438898,978.527799694088,9.518533947299266,95.43459516233008,1,1
23.657298013621,146.32918078397762,52.733786795150436,43.82778786880174,995.5915937022114,1.4241343508246507,79.86873709303624,1,1
23.51556747940385,145.0824246385941,8.201804573783367,96.40788449325488,969.3014985405698,17.65484152414161,80.94732096154344,1,1
48.87509734284956,95.57813218914993,87.28767526151418,49.656852563022724,968.4368238019694,8.861518658668977,16.574901538845488,0,0
49.37156179752344,19.249298228143275,70.70540681431444,70.11710842032447,1003.8079542874054,13.243717714236672,11.618077501189095,0,0
34.42564834718519,57.44251422547231,112.8211275961268,80.96573227517806,1047.2514482159743,0.7511213948037909,28.51331751807087,0,0
21.839790532342214,2.2309174623661,29.079087629558572,74.30207868163431,973.1088922134569,10.180068909652364,88.78181149649987,0,0
39.28152721221763,78.92581398120639,44.696272669452995,56.45886512067878,967.7041441059906,12.680015348319762,36.41528191046055,1,1
44.832787224171526,151.31053201156325,73.26157969105921,49.13617781196129,970.9931831673484,15.523037282112458,48.64090989910865,1,1
22.86625133620751,39.03492300800124,19.848108540163082,82.1728956964476,972.8987185300311,10.53284527050395,45.15463609730565,0,0
35.28638147298994,175.43098007423885,104.12968680980768,56.08608574598877,951.5366250734724,8.528876114286064,60.61935374241404,1,1
34.52176656843216,130.2672211600411,18.489087896770016,71.72280790245861,968.2651618743772,15.01047961393498,33.908761326268,1,1
39.84634016835088,9.573119781221418,48.943203070909604,76.40276178106662,972.6870516331494,15.90574089594445,63.0779733104932,0,0
35.56466202524294,70.70977084086742,57.89417644573411,67.78794407822825,997.246211391489,13.966266478811203,43.36969331069596,1,1
22.079561360971063,42.78675656020945,0.6964522611529311,44.07661724469379,1024.891764047852,15.88325417675219,20.246754209575002,0,0
48.56653989049927,100.48055869602534,110.03744988222032,76.54122254893049,1022.2433423022413,1.7008724261214225,21.999112689693067,1,1
15.308519165306542,143.2255280953475,41.3325946114212,82.93220128610774,983.8936219937026,16.38667504597722,13.0698253748313,1,1
21.068060486512785,68.1753079167873,49.0184866658728,47.89622486743827,1026.364703252322,1.939027852534294,35.12170196384881,0,0
44.303399983041075,13.359415452434398,113.0812209205629,98.90534738176103,958.856817382508,5.82545044511474,37.24006660353562,3,0
42.17369790284541,119.18536242334676,77.32388405910808,80.60078582548047,961.7978999437025,16.66418913820525,70.5619804180144,1,1
35.20696038187296,177.94706695661134,84.03676246605686,36.13599701048203,992.9745381075667,9.880857338714666,5.521762675040565,1,1
48.41231296760195,25.715452159375694,83.69535206720722,60.49848288727041,952.5632249884422,18.494949517287232,85.18368088189332,0,0
33.34902747663425,45.78846722788905,14.594746881611309,49.07139835457013,975.542828104609,10.133824020125974,96.6409296123429,0,0
35.12337226303745,177.98621117801957,78.10546049949326,58.019722126976035,1035.4607562733372,9.42736220345995,86.8628170510361,1,1
25.205186935151787,25.762614752597624,102.6377357235526,66.99321310341334,1038.909239824896,18.756544139847662,5.3628390371449175,0,0
32.53392556506039,74.99290981490586,75.10300764841406,83.48729577618587,978.0590215974369,11.135967687463433,70.87285799048996,2,0
19.705087899250692,162.81338119025338,72.73315198235677,95.96299496909214,983.9528919130694,2.162918846743973,50.65012010369253,1,1
18.00337700983036,193.90530466480135,4.6421949908629845,80.28031208858465,1002.5102398142244,7.372413049965774,6.5842164508654655,1,1
36.775842346076274,117.04406587819105,33.70599276811197,92.81773611282497,980.4110007342837,8.994508211842122,54.37624559186557,1,1
18.508115736170012,186.43234384272645,44.94433829412493,26.46233710994749,988.729117367533,12.004050941851613,51.36526718213295,1,1
39.30896909130459,11.096788413582125,34.14487323264674,85.53844614720818,957.989368779136,17.10971909391915,9.189609207710625,0,0
44.205897521209366,72.15768021574533,73.46508759086589,32.23096925183985,956.6168721725181,4.318764080402701,12.785381790869554,0,0
25.934206418787113,102.87664930220404,70.65113562780114,83.18944859037943,1015.6239893248359,12.17516650259106,41.17820274857746,1,1
31.583295223604853,82.90416587803622,101.05992360736597,38.40003620387199,950.5720931541964,13.026397944524785,20.246218363883138,1,1
46.15402977084332,171.8092659413312,9.207284631384706,28.511072433126188,999.5171592246667,12.184453255387094,27.490833748224077,1,1
40.08792008447797,118.9832041837743,38.97889316982656,22.02971904338525,1025.0150281298518,4.295073316501654,83.44737434626283,1,1
29.71015910189893,115.41548852635309,104.75384764908023,89.08984007359626,987.1519575243574,4.177777854296862,77.51460777285946,1,1
30.15780712607459,38.408398711800814,108.53104107805802,35.84833553928699,952.5807168191232,0.40559947534839935,62.231535645426426,0,0
38.15862712511356,62.20834101139678,38.401318709647605,47.15951320479542,1018.0158546758879,1.1626758205365717,92.91163526913256,0,0
22.788236546210626,199.93464104841846,20.582723254462437,81.7237165849902,972.3412544929625,1.6169360328650795,87.49333243506489,1,1
45.056294071681215,80.71407848992027,84.28753710485122,64.56527461471337,1035.295611367375,6.301119386373088,52.367239999898516,0,0
31.988032992159265,70.78116525137175,106.97460774676468,33.27023397300284,964.9508639520697,11.538190706455026,65.7494229984942,2,0
21.811673901359782,78.14348845092482,113.58766115744925,39.72939381525392,1016.8360702117394,14.802987873951816,44.81286994651595,1,1
47.813409536585404,147.3313470437581,54.95094958330774,65.54681614208752,1019.26134434251,11.843803608584365,87.86975838260759,1,1
27.49110317981404,59.977148011160985,25.66066673943172,23.02263744516761,954.3013964380056,17.401103862185657,67.83931464059073,0,0
38.118634540277014,122.92856378697721,101.90629736329258,58.4213540532502,1037.04108285583,7.188900523644783,92.67075043390905,1,1
39.45299430284341,51.43542720488546,67.69019060263501,62.642444919060445,963.7898821730334,11.824858115012283,31.478562371695794,0,0
16.832206838336084,189.73123154131298,76.97884428771454,90.15351454966776,1017.6056005013253,7.139673842802258,51.268807232881144,1,1
38.6511366121512,192.05046504028752,30.440335094603576,89.99816468992941,1042.4077805294269,13.408310293179131,93.12666274013378,1,1
28.925750561707897,190.60323520808856,84.33394525991699,23.360461393504952,1040.6872831819053,9.689456180663852,46.032698477783285,1,1
34.826331209287204,29.876909354245583,56.29992582808784,86.49017733741965,951.5482459137515,5.4583432064874255,0.245458644384422,0,0
29.549895820244693,145.66310209874695,95.85261949375543,95.61518089016053,1010.8504612970787,5.092537333057909,92.4147949136699,1,1
42.13605138581316,114.8856966006289,83.47682588627232,93.94530840059433,1021.2394028472921,7.36749015169468,71.30282022890967,1,1
16.409735695738576,77.28311236611624,48.758763821469515,33.34705875366677,952.308548055177,2.6676247327548563,65.46214957970551,2,0
43.08010857272906,197.64069854539483,41.56362037301931,67.95033778088813,1043.7144966815122,3.3408356267630523,71.76455863427427,1,1
41.42425566022071,17.795107173867674,103.3499262219678,85.0484037688675,953.3403006577435,1.8216882976010296,4.912689389185232,3,0
26.71602361297768,101.85779813598523,63.88172735455546,41.41334078155541,1041.1596886560274,7.365255797438264,4.555015596535251,1,1
25.507948903948524,106.2218845088311,48.98661871058784,41.907401527940735,963.1323249764317,16.383290001924596,99.61452421241918,1,1
26.533974673335873,76.32420883532079,74.16450296123485,77.47531797884331,989.2029534803592,18.098590339636303,56.00039892289183,1,1
30.763652674207584,129.33455063198102,114.33646178990078,83.56418355373644,954.0013130535125,6.646198214799193,47.05446849512227,1,1
26.008115027318684,140.03751216609132,99.15229798350973,78.50760761482172,1048.9333286828276,5.450952957860582,87.49894950244214,1,1
41.83179328110702,72.43575151162922,88.09494523883625,28.326076513459757,1028.9333482340553,10.646612051742053,29.22901727092532,0,0
37.95220556244631,128.3239997428818,25.138346726351966,22.431793184922093,993.3622586901674,11.390237386888424,87.66052783705985,1,1
47.48758784766581,105.76104363135327,90.45641805222539,55.14426178623975,1024.6082156572893,4.096030498783339,37.106473480353145,1,1
37.19797995847652,3.631593121415766,86.69535724067448,86.84284010145335,989.9141661093952,8.958848343543286,85.1282212216531,0,0
42.14791223641117,57.629897806675004,38.877132787384674,74.31025859124773,1006.3198092448162,3.2445914219299388,30.99299092291664,0,0
46.49941469075289,137.6348873444527,118.31691812226234,81.36100239846155,1044.197443214359,4.323771477409508,77.14848748169257,1,1
15.70761320517291,134.15200434230678,56.313873374428965,47.74080575360549,1036.240435229309,17.085353853150615,2.230170489864358,1,1
36.33267928573008,73.56644486419128,49.879320180053895,86.56325913750207,980.9839771527678,18.8609762127524,17.963382637214075,1,1
38.19528481788622,134.42101340275295,30.263419371350185,45.98004871737616,1033.4798492579941,15.23610509909905,32.909588031475955,1,1
33.688479142722684,12.33605925061909,25.049505887835508,58.86564470883193,958.5973735279211,16.86664709783875,71.80062101076479,0,0
48.027178472697315,138.69338119280542,112.84816467146227,64.3610044552772,1010.021861106197,19.539421092525217,64.21291468642603,1,1
16.07752991012613,144.76055532610465,108.65624305648988,83.64641998354614,1008.3833272625423,13.426070261870326,99.01917892516717,1,1
18.17317309782684,133.4489657266479,34.00772334847126,71.20723172689361,1010.7623575883939,3.0691366421632416,20.674664574023915,1,1
36.757035231512475,25.645989460754826,31.82170501563874,86.8196438190402,982.7091506001639,9.761203125393259,94.11403351458402,0,0
22.950218109293118,77.92520347160207,72.77493306522547,80.42711436031777,1040.1653386712705,18.309459751470303,77.6640074372623,1,1
22.991579280765865,4.9618660085131605,46.05287164267486,31.323908079025866,1021.0387647438298,13.222611736514336,4.397164162145484,0,0
44.280782269583284,49.74865325823645,51.86724905892507,73.43469883645939,992.9418786852253,8.825756055998868,6.5627995335740374,0,0
29.050524224100133,152.9695786439967,109.82116046239173,53.07977096506974,992.3585826879079,14.052542126473043,94.27720011052766,1,1
24.34713290837761,88.02884130758737,95.51678922627613,68.77548554992308,961.0586343963955,12.554654711245314,18.674628459732688,1,1
32.857557692744145,105.82065353208769,105.14440346699818,56.99954192099505,977.9442422235894,4.619326964320631,87.42518766843361,1,1
20.985379904637995,85.17371217662874,22.46077379123364,81.86432320915003,997.4372639974619,7.022873811136241,36.10996406264668,0,0
44.82749723530428,110.75479085888762,86.14414213575164,91.76308130005476,1040.1741676040642,6.5701810867572625,95.24512631463853,1,1
15.870655870511191,75.36711220323313,107.49586290106099,41.970950385358634,977.3081450321318,6.052445701637774,61.23133848469222,2,0
30.341647146502382,145.34696727066853,107.3892771077599,73.93594999542884,970.4466720197576,18.653638047210045,26.44928733474785,1,1
20.246300336485533,17.993455772192178,67.60604887993988,29.100996998452146,963.8775884112631,6.000609611909933,28.16530096844638,0,0
36.14838286162498,163.3490558945363,91.36195874434709,40.99875637731814,974.531049798598,19.315830602139354,0.8236241591960125,1,1
45.79021865710755,39.945703824480994,113.67411877077214,47.38458278620158,994.0351773893252,14.142412278887619,58.76690514732603,0,0
26.1278765397388,110.7661831735647,87.68482612354634,23.38679567219937,951.1199305255705,9.161338781457825,13.183661780351418,1,1
38.25205020126501,42.81049124548684,51.94213281548051,35.813674949941515,1004.8483585749125,2.321069187691378,2.310685278748026,0,0
16.789607333734402,190.851688303062,17.074346233312298,76.67826025094682,956.7926204222827,2.1632070447036433,50.887625140933466,1,1
31.27048255540203,190.31606188797392,113.38025436248849,82.36869140339721,1010.210183012735,9.099206347860221,35.617853432842104,1,1
48.14806414414444,120.58176228493711,69.48870332231934,38.552089741513186,954.6697817885113,18.90377159519089,31.37352588446539,1,1
30.490615816356055,22.927988717141368,100.43091958911504,22.21054662847445,1033.3990762099097,2.805700255759336,88.6564112631152,0,0
40.54204230676551,32.93405250146102,67.89815914313617,45.01250514841756,967.8233098911584,17.18364398822217,40.35227665072294,0,0
28.949030002788387,33.977334961324004,45.96788113029344,89.72934770630802,986.3128710489636,19.03207124999576,94.63088992083874,0,0
20.071453075757113,35.46225070452898,103.52088843982669,51.42087351397754,950.4373982283009,5.47743639410742,59.762899319556,0,0
42.97430880859888,26.67772341865191,13.26496373000824,93.76741228578653,1025.1148367822582,11.795592015561569,76.9186789995928,0,0
30.009902645732346,151.69114946182532,44.61635895294429,39.52756579940819,1022.9013421292968,8.393445843145367,98.13771043261949,1,1
27.231981380783537,184.34548410621318,111.95550582804954,39.348235765179695,1029.8221181588012,8.661490102891303,91.7524727230348,1,1
30.754349542233356,148.8607434674732,56.03608909965574,38.22406045702849,969.9350128944686,8.508623885126912,75.5494657014215,1,1
36.17750198132684,137.72585798010866,33.879162087833095,58.51482767660844,954.4395264969327,16.350648319162413,98.98921622398747,1,1
29.240767191863483,2.19273062630867,20.375116746113683,72.2021502200335,1011.207931820386,15.757294391710879,25.388401096106815,0,0
41.72711704414969,137.59680430473395,38.73773972566119,63.63905184455696,964.7273808498327,9.051290068711653,88.1197339555641,1,1
29.74169829388868,167.9133412950844,70.83040383116332,35.35013704818854,1008.1106244697896,10.119666583141269,39.8641335196384,1,1
19.18706538306246,83.34173276944597,8.731485148755254,27.901524111900102,991.5916532932716,6.107629639369274,92.55443258622235,1,1
28.149703188309466,151.57162441442003,63.62970316394913,76.32685349138683,976.01159830154,18.83809945676658,53.00884969144239,1,1
44.09634249498374,73.0091386952227,12.025361886062944,73.8969318176679,950.7759648337425,9.505859531310165,19.280190266645924,0,0
36.95814265523768,195.88397462757044,55.728348758477516,85.39986052205333,1000.7784186951121,9.916800622080482,93.04234931787778,1,1
46.14880540613385,157.1600930375949,35.55069039801409,63.60067325791525,972.3897233305685,8.878333960930796,48.42130657597906,1,1
44.10740140592658,179.20567306499862,49.754407487577346,21.416355605858975,1036.1773839789355,3.485573570027214,62.188196389039355,1,1
15.873981515194592,79.90129505211286,118.31523625384197,28.055488088304248,992.3693151999643,6.142999003799043,90.50881233882643,2,0
45.42690377675743,47.539752061245764,9.74253444605174,70.1710715248894,983.636871188371,13.44168781212126,3.2119756067814476,0,0
19.668973231212128,137.27444655452868,25.484478636299734,88.60701406099213,955.8590887710135,4.309639655711493,99.85602484850686,1,1
30.157663590537744,140.5931327089287,21.91956586284164,68.78949879884303,1022.6106068369419,6.289532717330211,82.88971119758777,1,1
36.11961524652992,77.82460192300604,66.91708720117903,66.14086779487394,966.5535292693866,8.054647397339323,34.34305880194931,0,0
29.031595290269415,152.22211769705157,57.90460889600072,95.22529225914114,979.3676413358436,8.31407156569858,78.69568104790415,1,1
34.11086076622626,109.40562928488956,6.400819560622022,51.88797301747647,977.0733732421733,19.986702456622307,30.835507063231027,1,1
45.95737871778522,135.2467470080955,40.909969103050855,63.482750269929895,1034.0535879949193,17.667365960618238,16.03938750061452,1,1
26.885059942285935,67.04463604271433,5.045375529113363,67.85902078815172,1035.4820052992188,7.631487756510356,74.0035944984177,0,0
36.96951447602589,75.12974709860016,16.92717593907565,76.74590822207739,1035.456516894124,13.717089848029838,1.7878484034818065,1,1
22.568151303684694,13.895996976706382,68.44633194914721,80.518214307233,961.057918706866,16.766756411867703,55.55089783954832,0,0
39.14891542496037,194.28036972172924,10.04171858972368,92.09792183822314,962.610269598741,7.859176132733645,85.14386963311144,1,1
46.71889828582539,101.27433470902906,71.29255659305102,76.65178676788457,1033.2758668452714,2.4302233907533233,81.00693082292277,1,1
31.844665267906585,90.1246850216338,50.86797023963979,60.736926819683404,1044.5050553394603,10.964075455843032,95.31775382631392,1,1
21.31015457154742,144.82719576652664,97.46874463304967,74.33030650678896,1010.692228022654,11.296255621723645,86.0930482578696,1,1
43.757630900757505,24.457744236119904,101.83051884370538,53.1254895552354,975.3696829995811,17.395371360278517,43.20247996337416,0,0
43.29276415618858,52.6807223911689,0.4715185706661362,59.636735432235554,960.0228256642885,15.087519110498192,27.607513606941037,0,0
30.527597631121758,17.40671301831085,34.39910981367032,82.51921946068576,965.1587911902319,12.943191222539149,91.74258528045011,0,0
38.794286591520205,162.20433785844537,13.076595516469895,40.058546080164355,1039.4538852240591,14.302112272361784,63.95538263773112,1,1
38.2318357642595,82.84011086092869,5.346795794118386,82.75532336565831,1017.8713236215353,9.456089282254494,89.97596153682575,1,1
26.76558827447846,58.86434884624718,104.73555900953313,83.75901238071884,1001.4979810648344,2.6146947891569994,21.507147146505247,0,0
37.96797966430823,77.00824756808234,100.37678299991654,95.99640074657633,1030.5636925274919,7.550908459911144,78.8686429231424,2,0
27.30045857147392,33.42001755312678,4.0071845839028875,50.8573370208816,1040.3559303697282,4.77973175511353,20.6513164929784,0,0
48.94372748343641,5.000822570118424,94.29385804725052,45.709596459269626,953.7487956869659,18.35605080419167,13.96423302095836,0,0
34.31227493039934,54.810841485909556,7.823136262162924,23.993798853070327,961.5556698836339,1.427340277787601,76.05581155199229,0,0
31.994817079920022,68.57841826979593,50.20426921584086,94.31573884580986,1041.0751812738147,14.313529602451538,88.46823774216878,1,1
26.18768096556687,76.22186520165657,73.64546182250737,69.89007578378113,998.1699838012341,8.013156968759066,98.6180311608695,2,0
43.739326914120355,86.99603957760904,87.27509726874821,41.56493546019676,960.0169326237329,7.048620511054812,40.29728001233942,0,0
15.578799359623478,162.95840032717922,43.10320828670178,66.43345326241176,957.3963187270956,3.4999365750116795,88.969372532756,1,1
36.304063475898026,190.0568100340971,119.85000412695803,49.74880922664755,979.8803064083274,17.167121103181934,99.86114270374541,1,1
37.037443198136,159.02814450230446,93.80950305783294,48.427176657563756,1007.4270380257087,16.661138825284272,68.81138762610554,1,1
15.740733489371339,67.3411337795067,17.33708359135264,38.63777696624312,1040.5489477491326,0.737865778215363,21.980071196192373,0,0
25.8349273283381,123.37681439327896,64.09220281030386,37.461558628270886,966.4241067223154,4.735960691922376,50.25296267016556,1,1
24.49122249989212,189.52050032154443,55.663826571461705,24.703681323570965,1022.9266405836634,6.576905764179792,65.34889320582475,1,1
24.78580296831312,114.14874834666398,92.65830057689575,94.24069934196432,976.1127144433077,6.697139019979623,46.42664202859397,1,1
47.45111932075961,180.27737136213142,10.785393612076565,30.554386060304868,999.5509177330638,2.13238545610847,34.55808733486975,1,1
20.193488237611717,127.20807102637717,113.9394518086994,99.73870162355053,987.5241132496915,11.980252742292246,85.62676535240813,1,1
19.11117254787344,137.912882210393,49.06123940700819,36.49169282241313,990.2753618747442,1.5192057392983371,69.54071485893057,1,1
23.84599340619586,62.2811290089756,14.529755788975528,89.17272911119133,999.3444279282738,11.442937555728005,56.94326830948546,0,0
29.36725900894696,38.5059830876279,89.415929819808,30.164501228613947,960.387379027881,14.202900751930068,20.883702045198383,0,0
25.73704629734913,95.04549340034805,53.92215800754555,76.68633000519993,1012.3431793443361,12.887923245637314,71.40543306554574,1,1
25.241445459821286,64.46666236009473,52.55972974746649,44.59697384268209,1048.4937868970862,16.281038528428592,16.465468825602958,1,1
15.195795455865433,8.556653649453573,29.28761412515103,29.143302866948524,1003.3338114892572,17.159904454547174,73.67502209132275,0,0
22.546317207876665,79.85985120515717,60.94730514375331,84.81646796026683,1033.9121603106164,18.19436623815552,50.924525050287514,1,1
39.2996161252552,22.36007424678743,67.83467519447785,39.89534475769081,993.1716885026611,12.681010166134389,25.698593785378108,0,0
16.82647702288664,2.0467712817515027,2.6591442653425856,20.66797900110157,961.0355056557876,4.789774291402598,22.12215141822992,0,0
49.537880796296385,61.20122104178864,15.290494003127893,63.645003533420635,1035.795745539751,13.561207535753503,29.60820891354503,1,1
34.65656559270093,142.97119484008184,87.37253908412907,73.32307642381511,1037.0810424775618,17.402109166882088,57.89365594070033,1,1
30.04497291889243,128.31405911301997,98.18544016445557,20.452168387294776,1049.1997009014851,3.6578754465839847,47.02489856599762,1,1
45.521040719500334,45.008079808839874,57.21542686804598,30.606574414494332,989.5076325388193,3.5427090958600504,36.3627748771157,0,0
28.07124758774527,198.63415791966654,119.37756351645267,29.182902292848993,1022.5968779328348,1.034909593382023,3.0192015337188627,1,1
18.68668629857375,193.0971314015868,112.90362574736369,35.51422562245443,966.1672335553711,4.81070173031894,51.554699407514214,1,1
34.93966212123935,44.31868608788947,90.79473457079342,44.76425355221206,1042.213132552941,13.134454129134612,43.63511943036117,0,0
42.64692005959959,163.58292520933296,34.857792673073234,47.17716350688675,1043.5955153728603,3.2948207672654384,4.2150416962934205,1,1
30.891936291334222,160.2419800487258,92.6001727572895,93.5624503130266,1003.320066436904,2.0012934313306663,58.86889743360161,1,1
42.2438465023624,18.66562405396528,20.71888813171077,20.98325289245367,1009.365257944681,17.734687838918088,67.06633160020995,0,0
49.37140306568437,12.606730499952313,108.36013021817955,85.12546299093445,981.4241520499505,19.470531036745037,28.793774817141504,0,0
46.12566533398764,176.14971541483789,90.91891399235669,65.07763790502815,962.0002749616888,10.639434689929965,35.67962556549345,1,1
42.727596160437315,151.62584129936897,109.27350088471263,21.18641299453663,1030.9103216823046,18.769241062493375,78.93004491081501,1,1
19.556806095462836,16.25582096817755,2.5014287769240973,70.29961806624569,1012.9672651859887,19.738274284364245,39.804317410409574,0,0
26.616719971412387,124.8849854368785,99.07304070091128,94.94191596184015,1030.3124166179039,8.533479612316095,63.491423531206415,1,1
44.97047643506409,98.12193766234789,26.002397244647124,33.57787517982984,950.0157744578057,14.364759899625685,11.10972088459905,1,1
23.534368489357917,59.575266304558674,67.2455832164122,51.83658218366154,1017.4673992023162,1.1127731865740542,12.393919426443944,0,0
32.47240262366434,67.39295756936596,35.49760353016317,25.36224632300182,1039.5719174748,13.836371722501015,12.161815681964939,1,1
17.276608520799922,194.97450668624862,81.74070605274058,53.39648568749932,1020.1731040755785,15.126635729603182,77.99622023887794,1,1
31.725705697857016,85.9765516249696,1.3233701122680408,94.12456921134704,1010.3307878388944,4.0630787437993625,91.96034194214366,1,1
47.022616561960376,197.83683287321918,104.88678757667746,99.82275102560519,974.4686188123272,16.844991703984682,82.30283087957645,1,1
23.082912572725682,19.687509800198157,117.53046164131196,43.68196412164883,1037.0891790467806,0.08254309349207789,2.1024807219602204,0,0
31.305495804372892,47.74293678701271,82.78095401231572,65.24514604543634,957.7485797450491,3.2525659263143414,38.80492700584143,0,0
21.49614223844016,158.44446944878572,49.9284282663936,27.474549347399943,998.4342902272125,1.8167636212282834,12.893730541981718,1,1
23.386344120987186,171.90554104949797,110.95350387995663,86.10061834656553,983.4077217417847,5.448928822176633,54.91556907902392,1,1
40.26486061865893,198.67455763203498,15.788485425471146,23.943359921904353,1019.4355888995271,16.64451567007811,84.63487798664232,1,1
38.74622421770062,190.8031608238374,61.320571625350425,93.105183866897,1046.7812136991522,16.943149140062154,30.97585632586206,1,1
21.867547790960334,109.62401299636369,54.36177004562261,90.22066737541864,960.0031671067154,5.154801226230372,75.17989445187085,1,1
18.324532574205925,64.15288280434004,46.45864728647798,69.8075037250152,965.8132645719364,17.21208980699419,44.75422354662742,1,1
47.09575991581948,93.57398272678633,33.004831072888,31.34630629501399,950.3745094711285,10.643149699696712,10.715669692692343,0,0
28.71047172709124,117.85435224741734,33.08230762832403,34.01794338928922,1027.472162260934,18.935823445632412,10.044041786196601,1,1
20.445661353475273,192.00253145054373,4.534106617469553,98.21058692403778,950.4644483084988,17.473373113026625,30.732518098774953,1,1
47.85061003620538,63.38905772711709,78.51675858408672,26.402605581274933,974.2329811453739,15.473586929585014,52.86858536788197,1,1
47.478917162546566,85.75028166827086,104.37748389767077,55.916434998259,1047.9248278701984,19.196687627977536,32.913670555608036,1,1
46.00732846458811,169.52227484312985,25.28164767930754,69.94323206266158,957.2682315589815,16.73421441166923,17.454588350349653,1,1
17.478514548501757,80.04381910776223,69.23065663195722,88.39335668478168,1047.4242525521736,8.789850251397272,6.044692298527021,0,0
41.21904526590548,113.03465124478748,53.74696138133557,44.74151030337517,1000.2398527843536,6.773592089140619,75.70118677473603,1,1
34.03627937724244,175.36955483082238,65.22526975793305,39.0609930671944,1035.1091882232145,11.144380898600879,20.684103814356124,1,1
36.82277334846778,71.54335298848551,101.32867347504789,56.26397909172343,1022.6441358107417,1.9107241527247432,39.60243463023462,0,0
49.41345027653396,161.69205789542966,19.192896284031438,42.22112395818041,982.981580885636,13.007311209908913,75.69947594896556,1,1
41.23343130827684,101.97481126128056,97.29846454057815,54.96624662059801,962.3880565295561,11.288836833076266,95.23013846011067,1,1
42.7547777987379,115.74012953844847,77.61667924189163,94.44496216284581,992.834279443496,6.627882778852747,97.7241565000449,1,1
45.22050967286167,64.60871692372048,55.65367168331073,53.20625032062392,964.9095678671434,19.156386476265183,40.43124312197588,1,1
45.63651789232678,37.87124553613302,65.74449727646638,21.916910809941584,1026.422048384231,11.618277964925568,62.55895834697527,0,0
16.81023088941287,42.20766604172308,8.919704682429618,43.11314526430494,1012.7439007682151,11.323719686347504,61.21498216133902,0,0
34.2237944982263,54.60575913517187,29.340899681331027,30.964774682926503,1034.907087490349,12.32958717082489,18.651101250405976,0,0
21.202328293743385,174.60712030522734,89.12770365159832,72.75192639242971,990.68641075393,5.239511285570351,97.94507631128238,1,1
42.90338512579801,60.355844627255294,101.70777555341937,80.71455588917452,979.7080549877999,8.531057084832794,18.595344539102665,0,0
18.886835553233826,144.55240656793936,32.10142288246399,85.60474925970028,1049.5608711514426,1.5323962785929734,47.30351250837003,1,1
43.072189575878106,157.7901793082467,91.19965899971622,47.919594824152874,995.3853255685052,11.899367146829405,97.39405835732572,1,1
26.46415448284725,184.62877754337154,32.32283018165929,99.12595723789637,1017.0263686827592,9.270229607171018,61.33904280636049,1,1
24.538590916407237,54.83477150229332,13.62654526121926,29.1240238164319,984.7671741468912,15.257109557927432,60.79711675981625,0,0
18.59045961158573,170.44730499518218,72.16411523880797,96.86844614278237,1017.0185467411208,3.50349727408362,47.378336230782224,1,1
37.697415914152145,5.652940209995538,1.7892316985769474,30.35224004788543,975.166443504547,8.590982470413511,48.74404737597884,0,0
19.830966312826387,134.67831582316617,71.53656740358417,43.557127907292816,951.3659883435292,1.5529583070658148,39.16947755108394,1,1
20.389102290798938,75.36392122959417,75.38191254124261,63.77899423034268,973.1175883137395,6.876449825175048,61.40311984486506,2,0
45.12992598152071,150.64268774777545,66.40800322000979,48.9834398653189,986.5051277541805,17.58834620528792,3.92435760405464,1,1
49.57939255470913,132.87508217031245,81.73652388868686,23.039826984379374,1010.5529274891272,9.695561201808939,10.577890689406699,1,1
24.727270376927567,178.06289124273025,65.99860990391436,53.0733260139127,957.2682155840811,14.282430548046111,70.28508233960325,1,1
36.491526244039726,102.05252924412984,52.054128264884724,67.46168743903938,973.3395451728406,18.825181283552954,58.879452918022956,1,1
25.89173555240318,89.93597017703145,96.68217466522708,32.9292848584238,979.283562246026,13.590160454731109,31.54892064822239,1,1
42.737558865151314,26.090697435472165,91.52234045455302,25.468137188045297,951.2592612667495,17.96447037664324,58.133921693229865,0,0
27.313941398038402,46.51892739277008,74.02629399129793,60.72017468293906,1049.1597775529985,19.664319733074915,63.50245661416096,0,0
30.50046771370617,98.22819382693243,81.89748794842343,28.12596353883051,982.8352073810718,1.5054448200720771,7.3360759516919565,0,0
21.85437346629818,97.05065091864537,94.17291853953472,58.8396712932698,983.547661056087,1.6470598067351627,55.02955231831296,0,0
24.494400526911186,122.98683558342948,117.2625286958902,28.90514571820401,971.212539872194,9.461890761987494,96.86138153459295,1,1
42.01334216944984,179.645838632566,40.04578181709515,99.36307790228756,960.2832816064157,1.0594581209220166,85.5602627054028,1,1
47.45427045724452,18.117071509220352,13.61129120950098,22.653932620461905,960.4507562642724,4.188396336005617,97.0076618910001,0,0
38.375107778388816,155.71060510370842,93.13672844298266,62.805899982337166,1029.7488977713017,11.916150647799393,31.45460976033576,1,1
34.638853806894026,106.70171722690269,98.81436645111847,98.53817739053272,991.104256542093,15.267813568827194,9.976300403813354,1,1
42.189097930690096,74.28338239864642,4.7268195467624,49.05969428497418,1011.0642750921645,2.3850033536293314,92.40344924302546,2,0
17.71853446454935,186.00134396663324,84.85650215228237,46.37697403313629,989.0750347709093,14.816187294654883,60.14711008812073,1,1
38.50750225092308,77.832923302696,58.537617816911876,99.18939872303147,971.3922870499717,8.357123730442629,29.18231875739673,0,0
41.77890286539474,152.80252513314414,35.09345531968751,26.51122533063863,951.1432676672204,8.54901066484971,41.03375943357709,1,1
49.593645752395204,93.96041513953593,30.770204349050477,91.29835528251739,999.1067949653578,11.983512704211556,9.566871042821267,0,0
28.402074256542093,188.84473489475735,70.74064610105106,47.56014841139694,1012.5667180631593,18.208221791562323,27.399060047259006,1,1
32.679085146473604,191.73813078235108,20.68753719581432,77.57311404773692,1011.4481008202982,13.593502622812697,35.12196306675697,1,1
25.985778071931772,136.8419341176741,25.86519421254544,53.57237958872041,968.8174646052918,0.16609682246659485,97.00573600380694,1,1
30.109604252974666,193.86992288396505,16.83882237213913,66.98934235659888,970.0974032791239,15.801482539265495,78.37029887609752,1,1
18.941250216375913,182.41289057527783,23.355557664386954,69.03818732714882,1048.5633620087704,17.647930695327275,95.6563928561169,1,1
26.99095699263418,21.115128443892672,22.60162479473401,60.03959160612911,1029.3229678273321,3.0030728836775045,65.97315322607571,0,0
26.325216141382917,68.2404144784307,79.43012761895116,57.359953562657616,1031.2033293025993,3.118370193256541,78.99482697670385,2,0
17.24823368200973,38.810776049120996,78.73796574037985,88.3940525208857,975.2679627739349,6.543832116578258,53.71207482867399,0,0
22.405048227125583,162.23125231750112,92.8363974006913,31.62333695726253,996.3829731816633,15.496555333092427,33.73295311034148,1,1
37.15873879512061,10.042624291514546,73.04265126351815,32.21223840004856,1033.058332511445,7.10898927160957,28.15538627281957,0,0
44.43111418490197,10.028804614362041,47.59305592012137,49.60028324600251,978.4800374249551,18.23508664002954,75.09283935167223,0,0
17.237310746717856,142.93748988699082,63.27589597545527,92.06943155212633,981.2945617348358,11.483239992191658,50.0755274740986,1,1
32.1346317179662,91.22107990344253,24.675537063873755,80.45679379939142,995.1336032739289,19.170325500052115,26.08084271927763,1,1
38.89603438694644,188.14341592782168,79.6149987619311,89.70183260939157,1032.7480959757006,7.202354309780077,60.01239399394965,1,1
20.469146893397447,107.10517653911991,27.650636617720465,79.49894519619565,1002.8058421892125,8.22454725263321,26.879709616697756,1,1
49.95444686444504,14.342104176986537,5.227281668690402,37.38059203950917,1047.107245862782,19.584763366399688,65.49277347721359,0,0
45.80373335222417,42.79234616815908,116.64505130119483,31.422788011165174,960.1125188181659,2.244230784945458,57.31279232725647,0,0
42.334104025131836,73.33343557492663,117.34751853433518,54.75361104946636,965.0448550773216,9.319334963722735,67.90371654224398,2,0
44.12790231765325,91.75365799131858,71.2328191259001,41.38757697270827,1014.5916526405514,19.719438879006873,4.905357258779386,1,1
46.02857347468087,112.45650055350455,30.25183914747599,96.39117680074064,998.3354303058899,6.633805033467713,18.149762827084114,1,1
23.555827358983173,166.56980831828852,73.7292011180599,93.05964955906529,973.1968452157786,2.4227714769780295,0.6087530975590005,1,1
32.77517131655978,199.66138607639763,83.39583225823668,44.671567357211686,1037.6858583026171,15.634445319759195,1.5415166076539255,1,1
43.59011681893578,60.10535144769919,17.960815750032133,38.106467178965964,996.8579804375139,8.49735854136022,28.888729937422674,0,0
21.027641277246143,152.44615792843385,118.81317404819005,82.22332643357524,979.5936967671541,4.8961792282426675,21.766587606593824,1,1
19.784327607116268,110.26610993846025,72.6480446344013,76.44021285305098,1018.0213370933668,5.846666225667649,33.03110053968466,1,1
38.853008740481826,69.88952815672566,25.514782754317565,49.94689229573916,977.2084157577978,1.766254424371556,83.01389022766536,0,0
44.85889862049628,43.95006003337589,7.7726639430242095,79.10619498809436,971.1528625863414,7.868709788737204,6.413525223738326,0,0
22.91943546654523,158.58045566592716,96.52757362982422,36.56678599101683,983.591384510669,2.6847683818748713,7.417263028492238,1,1
49.726010005694334,131.11879024896785,65.05158110379826,81.23988003242397,1034.0077159687723,16.13429536089455,1.6539449289876607,1,1
21.538276436667445,130.98106042356622,45.09112173647555,98.59861208488856,1016.5404792638254,19.13097817458413,20.144648164579383,1,1
45.2384959840258,64.27046116304507,118.74777698853681,32.61509376585178,1001.6339818838327,15.856890676742438,43.26424806040359,1,1
31.382942106567633,197.2711591011482,51.0369780361384,68.3257680479251,955.4539660675151,16.8442016042052,64.81680489795436,1,1
29.140703600198474,3.2339079909039503,71.00025847122046,21.012626278732974,950.1203613909017,12.321971242987093,18.901706733455427,0,0
21.716064240133335,130.65431316654875,6.443662552724914,45.0724449179645,964.9431902142019,11.603527395930676,66.17651547273958,1,1
40.239754875966526,51.04624338371308,10.70997019639008,26.294692555351826,992.6151548450724,18.9168881812543,21.772903424702463,0,0
23.98595604695423,20.177760421171786,72.66843286727163,74.38982991577399,1014.293120816076,17.222604860895625,48.642583502607174,0,0
19.705996426847257,57.88102614088253,79.49159681056221,69.04975789932479,1003.1003129742962,13.659288373773744,63.739085037329936,0,0
45.84637113127331,117.20327549565933,93.43216304406678,39.89657247731743,1017.8182584589068,18.043882367653513,38.57323278998332,1,1
42.26864655685263,144.95786023908707,7.1431436246186975,66.52066476992579,963.0189349200803,19.346383444611824,81.14075027006562,1,1
18.840333043649203,24.350399529535682,71.33686258951427,47.591133933854664,953.4905859073109,10.832830156661062,38.78450996858469,0,0
18.537677233010992,160.38407845119653,109.80921183345671,80.5275147211304,1032.2422310016277,4.329811345322348,26.3572950918601,1,1
22.298463910471572,153.0126862731128,113.75004947213965,77.34697653871221,1038.1466764879556,12.77398189766345,38.765990055879904,1,1
29.901656522560682,15.064286433480966,3.77486342952313,75.6380483351262,993.842889201118,11.04430136109259,55.76612476224163,0,0
24.70815346666555,95.17850216589814,56.49122660012427,51.07417769822856,1032.0675383401071,9.023280073751918,60.36445245059878,2,0
46.34320421332892,173.24672457178448,106.85066445349982,41.600399717201114,953.4982488308062,5.221335997906584,27.870734562070865,1,1
46.82761143537388,129.84854656759413,9.80447515226745,30.83028768088809,965.5676125541976,12.608434963378464,73.54140255070031,1,1
45.08753686978886,188.12731016124863,24.204546886373013,44.781798777923925,974.0322880744831,7.175231349322755,91.46651074237494,1,1
35.12893984287766,147.63837946489983,58.81430833521384,22.30863306688996,956.4195485997815,10.758460625357715,71.87890348200257,1,1
22.536568463505603,144.3819147984608,97.2798928180215,52.9517982689689,1024.6419232844105,8.080599006569198,67.835062945502,1,1
41.73989672618401,198.38532366162215,41.44759944763153,52.88326244596892,966.5620059410171,4.081461168036138,69.33950025983778,1,1
47.09659565540666,78.92099033224811,21.58133362026495,42.80795995063953,995.5051704808138,5.813006587307368,23.357908312186627,0,0
40.759457106497784,1.5689842481246385,64.70766328037797,83.50134456238031,976.6228286317469,12.065830212240346,66.89001056186179,0,0
37.92586437417815,89.16992683974354,41.5893585450935,86.87392584222508,1025.8445956999865,6.42510346827825,10.301919444220609,0,0
17.51326409059142,18.85519557978721,69.94432334304514,24.132974066319175,983.6926874964039,15.063994038284587,29.43481665153781,0,0
41.71578270130455,149.09340764141106,29.49925591598596,78.30577440741963,1024.77766382721,7.949078513340537,21.042048374151822,1,1
33.24447824121542,184.27951760003927,76.75400789184744,33.83379981018089,1018.275692473352,8.544060545636691,59.1528797355373,1,1
40.69224122580877,102.98947030288896,97.67807694879704,77.77244634533022,1011.5073340018511,3.01585631664703,83.59491109115683,1,1
47.756695486193564,27.393024761858964,58.58893553201167,40.71109935764036,1025.4523307425566,14.432592720094,14.088512057039871,0,0
45.6959544941573,36.194612795600456,95.67108307777289,56.55842877024039,982.8272293558151,3.16478525348427,16.76142561466294,0,0
38.16616941453151,110.08607758942411,14.650250598147924,29.015828835066017,957.2310574772791,14.875346947470883,71.18820852292892,1,1
17.04508467991013,112.05401511939459,10.161138629122789,92.29966164871533,1040.7117419180133,13.964659796262602,92.618892143945,1,1
43.40085606447917,165.70771518540988,68.36494206839198,44.48473585729407,971.7799115116421,6.544000440778584,62.8495430089062,1,1
21.042978754133962,51.728047327464324,56.16730353545573,38.644007881969245,1008.8643669716062,18.463520569126597,74.80893657031264,0,0
38.324931495211956,116.54429519675575,58.55374911084779,34.92510877077278,1039.4710455426866,4.970720040256726,9.130887757816076,1,1
41.25053127300433,35.12310686623328,44.62751994494112,22.26279426327838,963.7067942540448,3.4640726151982415,5.441012775017795,0,0
37.98299348179958,167.40155916062344,44.79784876391292,89.96611813745605,971.3346574560127,6.50780847122479,15.07369930311684,1,1
36.71957183966495,83.97391817406137,73.59400162102784,80.93399243153469,1004.5703016032949,12.552607098035757,93.52503143943329,1,1
25.46725083630951,71.83278772679063,86.12440340512043,68.90444136443094,967.8532904539715,7.5229462002098035,46.783801312471496,0,0
29.678644328893625,35.654961664408155,110.93161101411147,80.98550093551808,998.1355832107852,13.601220566136732,89.72826721355219,0,0
19.76609498265499,50.07461014139554,65.12414967079741,83.92082970818869,953.6254895441527,19.680363003927212,45.49066028823972,0,0
27.573089921760307,58.544887567954376,20.922804918104596,83.32591271440222,1045.5414164746096,8.272895096907964,95.24206947534563,2,0
43.83291654022619,96.21022549526366,80.88314149513593,54.798734333637036,1005.8723408212552,1.1609267403700763,69.62634753005331,2,0
16.848862556944784,163.4169893839299,98.9936315352669,38.96618300449717,982.36627810358,9.626207571165866,59.66629069324815,1,1
25.057378160969886,118.497280926385,35.734448787515866,24.439257685684854,950.2527549831909,2.023021158368572,79.22507001640182,1,1
48.6500959334168,85.39323985624385,61.52207441399313,31.747853525874092,1005.1031352680156,2.8930980401395368,61.12143311988301,2,0
47.664053365329885,39.13970786060792,91.74764616685223,21.880193825465923,987.549724132162,2.214970156610181,35.24754415956994,0,0
21.073792187360922,74.66099802457748,50.102736732903644,44.04728982247347,1015.6621949473129,18.377041025178194,40.059537410527234,1,1
21.73201047662575,54.14455163919667,102.48009881956428,65.73117786161183,995.5011032306958,2.992734430178534,44.9727308323782,0,0
24.747220117508533,188.63262557066983,106.08841312988775,26.71220334625584,1001.6653489261242,4.501166910293442,41.07770895242906,1,1
45.68967993880098,105.50290397770897,40.10583520449118,36.63106832839976,1030.032485940649,12.490360307286943,46.80654604262312,1,1
22.611952385204233,66.84927483142627,115.18121120862222,61.607195008466746,990.0699281243253,10.428440846966478,77.89885058996087,2,0
26.903812777600407,35.74122418652177,70.19233420068574,73.21632827848538,1021.271800295855,17.639751815322594,37.11741206891131,0,0
17.637421368011214,191.66971672618845,52.20143129249702,69.8606007738505,1016.6305323128292,10.93027417402407,20.52575297362701,1,1
41.43000675406495,160.75039486081633,66.35707032209278,59.08489284678733,961.3938183127985,1.6790332299956767,33.956484556352876,1,1
25.87961544310876,190.73129019265426,94.03472909321157,72.7939436207248,1001.7648089017605,3.3473506145330267,97.84566721842839,1,1
28.12642443840735,21.385120489448962,59.25586748588953,89.91984092904666,1038.729100177733,0.21931832112894512,88.62957447513998,0,0
24.501947612495048,7.794472793684615,101.73483244354492,89.10934047905667,1009.623107984235,11.488675145927168,81.31202726214194,0,0
42.52083434485979,178.0210946885408,66.32969371160442,97.41176741862469,1049.614683093334,2.3308921999726517,84.9543759554122,1,1
32.493779021200616,77.51326765996642,73.5686771859258,24.477244580960562,1000.646111876708,17.417811400533335,21.34615161389688,1,1
29.92364631692988,187.8961775429751,51.427660536683675,48.669410586591866,994.0536648123378,10.389055330351127,63.199134413146886,1,1
43.02424803208559,90.42044115286285,98.09771221081684,62.69765290816645,983.8480510367978,13.159016562388285,71.77222547434914,1,1
34.53171414703206,11.322994626944682,20.385945019298987,42.82381767121826,978.2625605951494,13.468416004937412,1.8348661673632582,0,0
41.448862196733195,53.068494961386634,37.20262154593229,62.23278623551394,971.5925600938957,17.689426271510552,8.536877932656529,0,0
30.55338268053727,169.884453890978,73.9012673305483,43.38636126741068,992.076020777646,14.133887606850292,97.32607433638994,1,1
46.25985514328018,68.48656167647536,119.7837455145429,20.28037308248466,952.7629755808415,16.476810303423875,19.946268683305203,1,1
17.12692439386843,47.42961464730045,51.13201847770323,78.44530163467239,1012.4335526551206,4.752424351208409,50.32704481005844,0,0
47.417493688949904,163.00155539675154,38.782774179815206,98.5811649084557,1020.862040043513,1.2489871133356356,3.516071328863868,1,1
20.89427821535105,145.57117361002935,22.048671101091347,60.91894153670668,959.3260120180831,18.417723156603902,34.396061358356754,1,1
46.784621979622074,188.97512838210886,0.7354376776416949,57.13081497589856,952.4656055706893,18.173855326058117,51.84075447345759,1,1
17.62304044444739,22.055345655313374,46.02108293912869,95.21873542983116,1019.2909151568081,17.352377323782648,36.64566463399797,0,0
16.51247948424994,194.86352744088282,2.0607588794843457,95.81213224648712,986.8677423849144,0.20180810043763042,68.91572317245083,1,1
49.318910641097396,193.1251445675185,19.312441344290214,34.4998244852924,1006.553891461966,12.746096528566488,73.94179136658656,1,1
21.336762616525164,191.8014173528869,76.64871075470855,87.76375350964439,1004.0065715284172,8.285536951797653,97.7182906594996,1,1
35.374247978694264,173.37471655983578,114.39508756395479,74.02837016069273,1004.8938678518675,0.0702170182130124,4.001964073900599,1,1
22.029792561789073,37.20168637119905,30.57105542398144,44.394771015812864,986.0065493550728,8.410753801377531,9.886633845601466,0,0
16.48266761834737,134.7888898146047,64.48017898116933,55.53153617760957,1013.4439941168353,16.553588144070808,42.76929091162046,1,1
37.439181276819276,190.71444476703175,100.75493950338729,54.080064840192755,1014.4716837814743,3.541418438318795,56.05221848950899,1,1
49.3464901898455,103.66302304050446,111.31659590281768,52.58679364026086,1049.884482718463,11.584400704551157,4.226899423593455,1,1
35.536417884198585,54.91453913591933,3.8977586443073653,85.66826437557307,977.5729636980756,15.93097108092997,28.821758295586697,0,0
21.8014223855821,194.78711482088548,43.397439330602346,68.11009691545283,1010.9981492814471,11.209469643470037,91.46957435212147,1,1
38.6054374978404,80.74660082098603,103.48564614291288,34.485031929277156,1004.4236757610417,19.011007438875126,62.53976298804127,1,1
43.59389576662067,130.71214510903857,100.72450362454684,95.55903038761949,977.2921727532737,3.393221625134377,48.39907503325399,1,1
39.56518493884755,45.43825063644322,0.492174051620049,47.434809266936426,1046.885933546779,13.899349212116935,40.13254439412239,0,0
21.740163407139413,71.2179347509494,20.380731996149756,28.50446570503611,1040.6742372572553,19.95300676750947,16.41144395957903,1,1
16.90828956073979,65.94622142924247,55.399101691369836,36.385699766068356,980.1424911798558,4.017414713833154,77.42605684324514,2,0
39.94022801365413,126.99030315219635,46.46614284950457,92.72327530513888,1046.953254153502,3.47278625250824,22.301264141187804,1,1
33.39708598001294,18.250113856449058,52.37380785877354,66.54330118221681,1002.2073571137333,6.618171661560521,54.244580607720685,0,0
48.558033399059674,41.20348085827521,78.57976300728043,23.471735532484146,956.6416404481434,11.0365644844717,10.493918032794946,0,0
15.782137594940007,34.302599529604436,67.78190051994893,76.26727636151459,970.247856414138,13.36518874416349,18.247633109922933,0,0
36.471009932094,82.39193597915977,78.45594112003401,99.60422019833979,1043.7816965232562,0.08563515672207256,88.54387643623058,1,1
17.327177831116828,190.609317231969,33.819081491962166,50.562786432901675,959.1638205175727,2.245455166578192,72.67405652293196,1,1
48.05162825119021,122.14969899086189,85.90200186321732,80.95757956777229,976.2814274552942,0.9045926184042985,0.18727439191685846,1,1
27.272724903390653,48.29284563984322,7.4781270059022775,34.362263399493344,962.4498898267948,18.297567612347407,14.026721345916894,0,0
33.817696239568775,118.62119102243291,65.21873492503605,27.92451473727904,981.8798361750552,1.0254066492630654,39.566991409631605,1,1
21.60096259450572,112.32650665687596,83.13700726189207,62.569588816376516,993.4236696611396,7.746668417133849,84.16917680970037,1,1
22.677882277284453,146.84366790577377,90.89787896881428,53.536000581658755,979.7300599225639,9.410829720919505,9.32139258926985,1,1
16.607551128018148,22.32063989037836,22.45740377546714,60.33414562704344,1034.9136636161122,4.71284663999374,93.51620107467781,0,0
48.42177681272512,191.78092096904103,100.50752816115886,49.10600326381765,957.2683911002623,11.376374635329897,55.86814439372338,1,1
44.749151848835844,199.19821018922104,60.97887678721771,47.61632248318274,968.5901711556266,0.0959964963474147,50.911369248887915,1,1
34.443153334590846,164.9876959634795,60.54923614713607,93.31746789328452,1012.8083476571436,16.806724764421663,14.830173480774711,1,1
44.93676456058101,135.02877088876969,20.427963892599664,35.18108465168087,1042.650061904422,0.6443072090074575,46.25349432957061,1,1
25.971635147693554,133.0154879996856,100.75552650827903,48.830249724525565,992.6902087322837,19.638355690028284,78.39165096792028,1,1
46.4021445826127,87.75244413032594,28.089144478093825,52.94907723091613,1021.6091917831513,2.1886080967195864,27.046910561650883,0,0
16.632256516155664,86.46954766762632,99.2934883175536,21.973095063840866,1017.5323526807166,18.64991749027479,23.692786151118227,1,1
39.277219425467685,195.02038022004007,115.47336721829558,38.79433544233146,960.0331053212069,2.965650757918319,70.20356684821422,1,1
40.401560640864645,134.8473123256398,40.32940652906857,33.58215518064977,1008.0761091952253,9.673608915157331,72.88341471223035,1,1
30.44760275399675,67.72793893729367,35.21742928308173,36.91762560397972,976.5746376186661,1.8966087768820272,34.685701092888955,0,0
16.279943432703536,37.28276943326536,89.61245335433149,46.03751909412981,1016.8237016977344,14.337683511945547,58.11853427321135,0,0
48.55442094778895,4.2879733246226515,88.63831807057706,96.70293151523265,1036.227172935294,3.3578538361002663,32.68203062517321,0,0
21.03581439567629,120.26167276294082,85.46255783753908,45.36590154904466,1003.9506573984296,13.8184114014239,42.13398166110483,1,1
44.89054356594107,154.30998705756343,7.759865262068479,69.69002392726632,973.532555095975,11.150365293345505,95.68884426329663,1,1
45.76717015932876,80.90328062302635,34.98166300132241,38.752459552660724,1003.251486975652,2.2849690651611265,54.92750081282486,0,0
15.046677382177721,64.76992614916897,26.39211765966975,97.69750319686256,1022.7242319569979,6.993067609244754,9.284508653062051,0,0
33.08802081417184,42.68957626520846,64.37154550780294,86.8289883343114,1011.5792552101385,12.675768390900044,54.103028906281146,0,0
47.45429714209932,186.38053688412066,61.526784128826264,44.46075897148035,995.9587005879443,3.7311582439123137,63.634431531808936,1,1
32.50323175237816,20.66009556265598,23.717733734353843,58.37055649596215,1038.758899071886,11.327814412621947,68.15350002084708,0,0
26.86599924103684,114.28227860884685,53.68557871656809,72.73039300985286,955.057556607901,9.866004324779183,29.599262514396695,1,1
26.416477144726823,192.18348631161228,21.923377525365932,44.89962020628775,1000.9892575730872,17.260538962992474,41.667008320637045,1,1
41.03528483108599,171.27481964296047,37.20196269862187,51.420014683096795,985.6556223688357,16.65711617235842,4.434686195360116,1,1
25.794738109003802,135.88171151902597,67.85321994784113,54.90314874349554,1003.9948227221385,3.9516917165663656,43.07166216080104,1,1
32.559604446172216,180.23782439092034,31.30021953647716,89.42628017319461,1014.4241400825982,0.4068166213520197,72.46313368993937,1,1
16.244315714216928,199.47622536276262,104.71640252294374,43.78749980320365,975.7411230196706,7.628821642112178,35.616696531444305,1,1
28.031823643488337,63.65530922389608,74.53600882179977,33.141093097649915,1034.5981292446013,16.248049680626306,47.64832078552704,1,1
44.84554878474917,49.42901400605866,2.1078546844760337,69.53663400238584,995.7909406964716,11.343290925917414,89.9339409018403,0,0
48.94739507480802,126.8906279511206,91.68667078229261,26.70467467897314,966.0715584891506,14.664096099059531,43.13654563880019,1,1
30.608784464154198,61.72153632708732,72.88276601732926,34.81320363329621,1012.6916279313896,3.4759771427047936,6.382603470971359,0,0
26.562519104467135,46.22806840196954,106.67899662675988,24.396276309490126,967.6613692574123,10.97439211166099,48.10671908474736,0,0
16.604820643114554,1.4504856030288948,118.56815303533799,72.70677602870705,986.5406130901557,9.408644953264826,26.655012045428695,0,0
27.07058242926234,129.80889345364278,105.93741586408449,34.730401846494786,1034.036150538532,2.4311325903653813,21.49922235883912,1,1
16.30113508173761,28.16237241859989,110.07637745568607,56.75509972947029,957.7665861778354,19.194536760779226,87.899230775865,0,0
41.41388823038494,186.69455838951157,26.4155305002917,86.90954344080691,1018.9991196354306,17.395184991353766,79.69115657426298,1,1
27.127327211188877,154.8797074034511,31.494756358186837,46.28737304224438,960.7905717222976,18.701532319609374,29.100336340028154,1,1
33.22178628100082,78.26656729323854,115.19137447002018,46.803933675078596,1027.854582142269,17.1083230926236,43.560649748096594,1,1
28.236013505852593,149.5491641865256,109.5475176367481,80.39453864577906,972.7126365591865,17.766154948754107,38.75816674368331,1,1
35.168029412227696,166.2871238585422,22.607372088059066,82.76081085420425,1009.6162797910678,17.866832836552163,17.197040184354297,1,1
29.723878296432495,166.5686185733675,2.307804414811221,28.97610934125143,1049.0565212756735,5.607883571807011,97.55431937239534,1,1
21.388604285303586,72.21888860146713,90.34433334042848,72.62227257905428,1008.1122399929055,10.59798351610015,84.34404436647402,2,0
23.223199699168745,88.49418539870368,18.654275058774875,67.67532765845635,975.054442427132,6.676841286867717,47.125071662352816,0,0
15.936970499609474,18.38758718416753,82.31150648498635,54.31759845740058,1036.4790221999895,13.893440072883989,0.8100941647322446,0,0
36.58493157684972,18.744973211943282,93.71198157485931,99.32061506228015,1003.1198794241511,13.655590003882608,23.731416089475154,0,0
30.315921031382775,171.21906644727673,20.090753729550144,41.24284844910097,994.543367528603,14.24497783688028,37.58839547956738,1,1
47.470629792405134,18.891410253743835,44.4965037053817,76.71632987427375,972.5986765661493,13.128262684593459,16.421695822734595,0,0
16.959309970159023,24.20314334972977,111.59817397609616,64.14007063516411,1029.634577547965,6.653090018101024,59.26586478854466,0,0
32.323324679674705,189.1475918804588,89.70895632649324,78.44341051972633,954.6353269434279,10.993393380073822,46.699145390181485,1,1
47.474479331216806,51.46839763790645,32.380014394931315,52.90769991052003,974.3369713406375,2.58367835617499,85.74148466508008,0,0
34.53967835413705,172.27254379131335,99.7361718484435,42.56338838317369,1004.7737444324274,1.664354054801409,91.52518840307584,1,1
29.149195027280356,78.73523677780427,36.33064447415438,56.85309957685631,975.1759386545448,7.497045455936091,79.99470485848819,2,0
44.19894262548102,60.83649552570323,56.28173166633455,89.90558210240418,955.2673331829698,17.782899239915707,21.91843456523317,1,1
38.74887354750315,116.51033927692005,66.35288978271025,88.74881798022571,960.1572143644661,6.940560506512721,53.825274634476564,1,1
43.39510988811139,43.2886166823343,96.35158096491315,51.97107859951486,968.8913856433695,15.179728808869653,9.089890147454781,0,0
33.016858092640504,12.775156772377683,42.77014261893451,68.0861439205114,1005.6115541487213,8.09310835809333,42.90479939721157,0,0
22.936934367276827,91.17651768482058,114.39058268650011,88.03623342270323,964.5232869076344,0.5956157464184186,93.35243127166306,3,0
33.43624124582617,107.56756462986155,93.68615948478268,45.175117909706124,998.1907568836002,19.37325826293475,67.21486869324072,1,1
20.38107611985251,26.64534959687066,24.511770999960646,81.3369339536574,979.5377003840616,0.42777693350159574,94.41743635056619,0,0
20.939969573821873,1.9116372296137163,28.455792285998758,38.80230296945069,992.2005250845723,18.407796630000735,87.9184917779098,0,0
30.99130942438498,82.1799809983613,66.60109037698216,39.47632095774126,955.2184991966362,18.784482723424134,18.669898487717273,1,1
21.944025523600075,94.49206577078952,58.993601380839685,21.474736776059355,964.7954738773971,7.563096371214835,68.3730693510539,2,0
22.994645989117757,84.60288924835253,66.88140776597602,91.08739956986336,982.6070502327124,2.6711653172696703,48.927222589760824,0,0
41.135256058942176,21.971951410546687,50.96201900363525,21.422811300998674,953.3559181647252,9.659067264333313,29.819729815092945,0,0
44.578755465189424,120.43086122529085,54.471955409158845,52.63482968434371,999.7245480189563,0.8087766242532268,89.27933564206599,1,1
49.94061045068854,36.29742497173973,14.445955772954369,31.486197075887617,1016.1027058234367,13.228816769015495,84.79241622784109,0,0
41.31392359491886,89.93793467386794,73.54264338783825,75.06277362944063,1001.2736470285225,9.513019689032733,64.50974456426533,2,0
34.51160921414788,128.78846106718208,73.54257287560367,77.53572484109237,1014.2803508782877,10.394849728745346,68.17968112843865,1,1
30.731868781489982,48.33424519452021,0.17018641606985518,64.79713177166745,1009.0655226608641,19.440979295514285,36.147833409427555,0,0
28.79466349899091,40.35991626843804,8.464115428478628,81.82435942893925,974.9681064339325,12.178097220600758,68.77730355454815,0,0
31.49328405520767,175.2704226054383,53.25538091756745,42.79268984334121,1039.6015522961623,17.23128568499913,16.4039947076413,1,1
15.908635642387233,17.997111269924137,34.385687826458046,97.78078413933686,1005.8516153160825,7.4652346405853764,88.87160946127463,0,0
30.85977160174749,63.04772568020422,112.94634344947889,87.96141329541425,1034.366837541944,10.245694861004262,78.9438398815455,0,0
21.277367574259316,114.64459151124873,118.06151074170548,43.27667444143693,1029.4352329247674,9.809568144161345,3.980568322208733,1,1
41.70567892354836,33.71382887842256,75.77682805593003,26.85313552375783,1044.6867397495964,5.834477743607218,22.64646916773949,0,0
19.5197741423217,189.20043866780955,85.42844909295663,79.3328710974471,999.9404561380245,9.494555705409669,11.002124299147663,1,1
34.59443834543971,49.383299021758084,117.2574399360487,83.72647520121178,991.2992060192887,3.0268251738306606,78.5331691138784,0,0
19.27188184784606,37.8667506994141,25.382462129307292,64.55125106184755,1028.7056653990367,6.286297574493844,8.46698142752894,0,0
31.25884622335467,149.6220482319871,26.599661170486595,37.593963843149936,1044.7227027346712,19.083074542383557,99.04657320615765,1,1
43.26808605511731,37.63683383358911,25.437782495911364,47.21801932179136,981.8132531333491,19.13055498156018,78.90739828816936,0,0
40.340307725654384,37.192644811626366,109.14306712347955,86.2296303604939,966.3641841327924,17.42340663921945,27.22475363704713,3,0
17.83044110412371,131.36446130284202,78.45655912611967,27.594560765249447,981.8851808936582,19.856289245110773,67.84266670087369,1,1
40.55263083111652,42.583457120861134,9.45384852046972,42.152135179275014,974.8898385193191,4.690882014961062,19.275432188703956,0,0
35.116449172939156,65.62069516836435,98.44140180570365,34.71579342779072,996.4627070868545,0.27315672852159967,48.16823224551921,0,0
16.954337730676603,195.54470237452873,94.87105543804954,59.20891813091643,958.658735817935,11.848908815808286,75.87637507018775,1,1
21.675103855166086,113.64166815749816,97.70530780594416,81.4598222117053,1030.2992017867152,17.586468497394396,93.76821021594702,1,1
29.19324043212376,113.75382050457546,94.8791431254733,75.77118511566266,1049.552022826438,0.2735530220928828,35.51332153157907,1,1
24.835977419457087,52.46317003310692,26.703573899866292,76.72990726521832,958.4759473275321,14.832176678866766,69.34258420162735,0,0
23.778144637531376,50.56675663303225,75.46327024134027,80.97368843869423,1037.6485613087366,17.042791277089513,96.48829941638532,2,0
35.34847133677789,181.73111226807194,97.02159279124929,91.57340994512109,951.1626601285367,19.31805983731622,47.35301628464783,3,0
42.9364046351195,25.440823867556173,47.51293149767689,41.71685304167927,979.1658770500937,2.465112399017635,80.5763832543007,0,0
15.323481010337735,62.5010913970405,20.929265185969804,67.12311524866723,975.4252402614544,5.179969090561993,48.833814399531875,0,0
37.8441163769324,24.260940913032726,21.061374295859537,39.77397956756141,1047.3748214117961,7.943049998858407,59.899009063102646,0,0
23.453998445059227,98.09190503149759,8.894300926314965,22.779371673786155,996.873352682146,7.973185750368241,13.688031969182768,0,0
39.06605001222568,198.5806981798529,47.477618543605494,69.96469087339156,1046.2975942364485,16.630699448937506,46.355222330268575,1,1
40.812131956097176,25.627008050104806,61.45246265565591,42.324822174394924,966.1163687896161,8.525618125090697,13.101455443361443,0,0
39.464478786106994,91.2480088106671,63.73735590775966,31.71007509345256,963.9771661093495,11.668308705202481,98.50097478294462,1,1
18.368770413320398,57.14628571315625,104.3350939845465,25.781760980418955,1037.5885721366951,10.485719667495024,40.82667739264259,0,0
25.838819752300957,59.42343162556838,36.69630989393745,90.78424647681567,1022.3795230174785,13.394460156623012,79.87491489520008,2,0
23.999013205145076,123.60856241635115,55.20794867495412,82.59533081601546,980.9256110473285,12.863572337397915,88.22124118173134,1,1
29.075266666822507,13.32441747349229,61.926098681015134,47.67779902456208,1017.2225380547175,19.02065849497212,48.5608317996847,0,0
31.316658055443686,130.91696003829205,12.419700431228122,40.28049511400117,1041.89793255004,13.398852267275325,1.3444043983416254,1,1
22.161891539565694,136.5674532057798,91.72790430750891,87.18876581392335,979.2176803382044,18.620571925551253,55.29468935778924,1,1
39.37886578357625,119.34777255598159,14.728806560954455,97.04917275079039,962.2875579894153,5.097639128223673,81.36278802229802,1,1
36.65089365253855,167.6298330752714,61.88834260488539,50.15945882933079,1042.1845499547785,0.725046350295897,85.61302203530458,1,1
23.078622481572356,169.74726555079357,16.703593610026275,66.41751709524324,1038.8107919011472,9.47079293797781,74.65666738033929,1,1
43.163506624944546,147.29884174335584,111.0395684249518,55.74673844159429,967.3125439165156,0.9562212740495957,24.64598696375051,1,1
20.011912635808475,111.5897482868961,22.19344046540784,23.114696583149694,953.5989828868668,16.63138996729723,59.14499314430248,1,1
27.532985566268238,178.84560854804937,8.423593368925633,98.42576581822607,1011.6291790254461,3.6692850793769693,67.90690989769685,1,1
41.718344092424694,85.86855667415489,103.39591274946568,32.058592583717626,977.8837583577608,1.8698472316797954,21.087784060735217,0,0
23.355508416890075,183.52663818434203,9.373162650138745,54.193209615016755,1003.2398687226913,17.973861076043217,99.76962186612135,1,1
41.368584022194256,194.1581981138059,94.45213590430485,97.05621127771333,1020.7270725944455,1.5952685090214214,40.19201869926765,1,1
37.63090493308646,70.1437018908502,32.80607017365343,66.19194137064727,1043.3501876702435,0.6996374703230712,76.92312035414378,2,0
40.29545473156195,192.79068507765743,111.68534667990522,80.97860496353543,1002.0408764682599,4.085351064670397,54.52357183255744,1,1
41.78731978718788,179.13384252757862,94.7654411052659,35.62135481528432,1009.968631422806,6.64346919062714,0.9205667390642991,1,1
22.00773275260331,22.644129986689855,101.12629482473622,40.68050017182496,978.4697968887556,19.198731435977685,37.908672304885215,0,0
15.33549740505381,56.76922966922731,14.315949672217494,28.224684938868315,957.7487290135749,11.865189403507546,18.934772362985864,0,0
27.643497791435365,172.40354322600336,50.92057677555308,93.25530800413101,999.7938053395607,7.976732296795115,75.03889270907015,1,1
17.561128456880073,17.89567659648348,78.23684567075529,58.95525705913986,1029.041525031921,18.32541674687063,38.83668776715476,0,0
35.87435093046262,100.13932555906197,117.79327867709195,86.48675258852761,1041.1737708277353,5.086801751552084,77.25264231625944,1,1
24.291562874917712,41.74850668567798,113.31193915866609,21.54435333742933,1046.538870366343,2.985237939776124,81.94380817932682,0,0
24.657289357383608,70.14046548614547,26.010925358638197,66.84112339848637,984.8095547507874,13.147860789893265,1.5647317942065975,1,1
17.253120923026387,19.93223054624973,50.27924223722773,85.18369381279808,1038.8177910378383,4.896214801218015,57.4369724239014,0,0
41.89277474424102,57.76588598392174,49.08092840835279,61.917936214857114,963.4874846408047,0.5196458745156063,15.280580931828325,0,0
36.93987674387367,14.723652306736334,22.763563782015396,47.0283108556243,957.7870064306367,3.8339854232326886,91.12697889835111,0,0
15.675469627944466,130.68638483487243,46.12907170982219,73.8118991545897,1008.8691720363405,4.469975087092886,84.72094875733886,1,1
32.217913391327485,164.50720378269435,48.7215043425863,98.77484431321912,1027.0489358501295,19.31900410225147,51.43264789098588,1,1
31.57918963017452,151.09076186505158,105.63495156161163,97.13166366924465,982.45519060325,15.974091476852779,21.06455976355367,1,1
34.09510213609059,35.969629681839834,41.68768341004066,94.50866937651674,964.6090699773086,12.64801790270393,59.295427292740335,0,0
19.225842344814527,65.19580875376244,67.55778054183189,34.97428871907922,1030.0623656412815,19.443130190694998,21.475939996247206,1,1
21.541918767670158,90.98701435948892,89.73183325680385,42.52804881882011,951.987990869728,10.82441256065788,95.66005677673076,1,1
28.694689939243094,84.02691083662009,116.26820605368455,75.56860893013827,1021.9171922842125,11.254040107421353,97.46092108632416,1,1
39.11032695489446,179.0065503210339,83.92546388798654,78.80926598723167,979.0410922142247,6.069573960276379,78.29846495760292,1,1
25.384720120946486,112.55401416030632,29.922277308804233,85.35867046472555,961.050135122769,16.58893279523329,60.27298005076018,1,1
21.541833718947707,108.40707710122363,33.899860421680856,45.87738677843973,985.152804159688,1.2663849394464188,98.59616844014174,1,1
16.10371198459284,132.4993746368557,44.54731773089166,71.68082327573592,985.6248253087584,13.475012925177175,72.92355094683607,1,1
39.169342413987565,22.792396271630455,78.82718815856215,42.39900395632779,952.8801370569333,8.29661343777908,43.354310280380105,0,0
31.351094667335627,140.96483307814324,37.061257097095094,45.222441048313804,956.055225624126,13.73642431984592,56.782609139958396,1,1
27.229878944282582,141.03779578347093,64.48292990722526,57.53959566964318,1001.1324543661126,12.726962505341131,66.00026045745994,1,1
25.1135236699251,28.148672678230646,18.79610174286225,71.15127087224013,1037.2873285767125,8.189925566911036,16.952016032946236,0,0
41.48108744028491,166.4978948838897,105.66989317451599,68.54651431309865,1036.0728559388085,0.30829916896815357,10.723580176952352,1,1
18.240162346823457,142.5209368509466,8.349814025229483,59.70914979730456,997.270689863629,6.214070471164819,87.04051699420998,1,1
20.96516206579986,70.49255687984797,92.9005800027515,22.43378515146274,1017.2950400246368,16.327954527231412,93.22678388381672,1,1
45.67038241720197,63.876823366737035,70.3636969587543,26.18347945203727,975.7870003548009,1.8844475749501477,31.518729015396385,0,0
45.631552471055514,69.43336793485852,67.42777236017116,54.67046784919526,995.8916524298735,19.391441036731166,29.615446826385792,1,1
36.956356433311,84.0125339158894,7.337541725722345,59.14646652993888,1031.3343329045108,1.9750593736337674,6.9591847396308975,0,0
20.377103213764332,152.88002227786123,86.87944609736856,65.20142151248885,996.8226404092633,17.76651629405244,76.66978238334825,1,1
43.41797879556319,162.65246027013086,77.12605856946696,56.64116994527567,1036.467775258565,18.520148352065014,2.3806043258343013,1,1
16.804420564318796,191.74865938168745,33.259273661303375,89.8695551719535,988.8795118961402,2.382001152187112,8.044320020933426,1,1
20.47777646781598,49.97863897347295,58.62220247169915,76.11983204526268,1048.63985764853,8.830134865783421,51.81849423431098,0,0
33.26354954841395,107.88687109758722,62.12887885253547,20.701980404953424,950.1724822109841,1.9533263625224584,10.155660342917884,1,1
39.67139181341786,40.98320650319995,107.36569257067354,94.28850636616156,1047.5893337895898,18.781626097740403,27.188832191852462,0,0
32.84218956462294,35.0909940393882,96.74515862069198,91.07453641152769,1035.1288839297515,8.667338973936697,75.8673884686781,0,0
18.41527093516943,8.048954123850137,90.3883697170513,54.0284219462947,1049.5549264739568,1.945084317110648,85.56276815352336,0,0
31.79940729351471,165.43003910077542,98.05527386041739,93.27936010896619,979.7850011286102,18.995987069240062,15.166696035762028,1,1
17.86890721577217,86.32310347446983,99.39875623702112,57.873690450675646,1032.9286677530515,14.593736115886104,20.942838613893354,1,1
48.210856871481234,12.156233725880682,107.7935649052554,44.35547591922992,1000.0148083164399,8.44703745401469,17.18345569169162,0,0
27.53514032405926,38.58688725855905,24.46637705526286,34.964546882110426,998.9017380346594,15.958627350226312,56.8970033761241,0,0
46.26223059927946,127.30889771534484,82.72081387591254,73.40857837816026,994.9459193183741,13.786776444001656,6.970774646896116,1,1
45.09480151704821,155.56242868878348,29.427594987801456,81.44259634032659,951.2642601400019,4.344931449617608,6.513723867089594,1,1
42.307942081626315,151.17483023567743,97.63632285621968,20.358535466042305,1000.1232726678408,14.09672395034673,15.540112873901545,1,1
37.74267546294186,16.822019861937143,21.759102732517583,58.06374519956808,1015.3565152681102,2.9173825390779218,18.52233308309379,0,0
22.155622847298204,47.74016093979569,27.18646182315495,51.61192867981094,1015.3789650836723,8.760635662689394,77.59739087498882,0,0
40.17439770820152,25.305382809815136,5.860994798489272,90.2353251199685,957.9831066562873,2.9667836143942616,2.213327555811806,0,0
36.99177278545288,116.47411263166971,118.42843997223068,90.95459170537376,991.0843177480909,7.4317168182507,29.68520342799851,1,1
20.33424220132585,27.61673132040181,15.874044961152652,29.129180574942282,974.0512042405537,6.133372606262329,96.15789710389159,0,0
35.246563785066,197.5191549026562,44.69603373908079,56.610130607155284,982.4578659165279,3.6577530179310536,14.316470777757917,1,1
48.07777192327411,197.36213635975116,5.389139581047786,32.027669978541326,992.3524092301022,3.7266695268881467,36.38803936268833,1,1
19.518372245087168,91.30235134435804,32.60335394031111,48.152404460692864,959.4312651462748,8.562561014202835,98.32576109615698,1,1
26.50915664084166,175.285854968487,101.18389699484221,96.16467346377685,1029.0109512267095,13.191936541176299,85.65844442274576,1,1
17.64756382300724,92.56613143976156,118.71074863380706,81.56801210357858,1046.2075378037223,15.592687122669581,87.48819674421442,1,1
39.728537130611684,152.10040088344797,62.781361180740085,93.93901606513063,1032.5038910623362,16.877699313312643,67.30091009630523,1,1
25.660298148053716,7.125959078027866,112.27861552914534,66.88962790443975,979.814297114814,2.982702156950756,82.95231655007547,0,0
44.27820680566526,162.9015936261063,77.40992303601435,49.28123100735007,980.4070284780257,0.1710954023634037,83.36075586882403,1,1
18.060144412277488,126.15099960815353,60.488993620810604,62.13514871410809,1042.6712845307773,0.6323002254248422,77.33922246287723,1,1
16.82183394285575,7.63072118707544,51.57812377696583,25.046013947437338,1028.9143951292913,10.591261872966744,2.9038782659774443,0,0
16.417524026867184,122.53370594789588,96.73341811900859,55.023962501981885,1005.4580671535624,15.996589080998032,61.05061740418192,1,1
22.86660831805868,122.61040517389571,75.39353508782563,78.72855847049013,1012.0874187556801,19.38484260916076,19.728830871706847,1,1
48.28817378484767,107.66789807000325,80.63473685938945,27.956927796175187,988.0575941378107,15.387582929263452,70.69110150989903,1,1
16.404878585789355,109.31885269944893,10.593383156209132,99.66851433425299,1039.7296588533295,0.42161320857073914,85.86495789026309,1,1
47.18003601954427,70.70964451269101,86.3401986057319,55.368299696622316,1015.5232484576344,6.80634808596383,32.25592366332683,0,0
29.855186110015268,29.11355173050023,99.73667573224591,47.895831628930935,990.0149553905845,17.88109225404289,49.66238140631714,0,0
34.0488868272802,191.2996249554197,106.4071659773987,33.55733671107516,997.3215029918105,19.42592454857091,37.236629822860266,1,1
28.005058798067004,39.00604635783087,13.718773694295026,79.22438326047853,1027.0030468701516,19.380259270059998,77.3418210905363,0,0
23.517337291175956,8.02331565770309,118.25248612435922,47.236055643488456,981.197154243242,18.11910419498765,58.50998985449861,0,0
22.52049108471971,177.8192485432479,119.20330260656921,26.934284892066458,1036.2251628302488,7.81031395368788,52.407244650670435,1,1
47.018559151774326,194.67583915502345,31.459669249055928,37.0280616767931,958.0516558591512,11.23595705324276,1.3604395450668272,1,1
29.41644041634778,14.676803330401711,48.62709395152008,23.19457514124874,1033.521726060877,4.1947798787713175,32.8308710357912,0,0
45.45167988122371,149.253212266441,26.284603397047018,25.751953492599682,1021.567377685534,7.814051013762187,76.60799991182212,1,1
30.585317033132362,69.20048259445528,54.144648985487585,79.88471885365414,1040.2220286540373,0.9953439317715107,52.411154122695514,0,0
16.149240017935718,93.68190900487174,106.23393949162805,48.92722131362477,1043.2450421080644,12.612169433012188,93.41553437930064,1,1
41.50083188943819,20.68703332975246,27.73816410752125,51.5336363666805,967.0106882012076,9.89823209553321,47.13681557014906,0,0
48.46907193095834,86.74557657919554,94.27521651455973,95.35284358811839,1037.6988830973985,4.173352490231837,49.60298942535443,0,0
27.1708923803574,79.9717390274431,43.29681914949015,86.10873681400034,995.2139055122448,10.473886644893764,98.24473570470747,2,0
17.099274526703077,97.59152795814975,92.88740483353394,32.092956655058124,1011.1531594614773,4.789295590689335,86.74041132245675,1,1
26.448488289002775,65.81256338018191,71.78326542214722,34.6850326495927,978.4888638903061,8.33263700238823,35.36378631401104,0,0
33.37070263019538,119.92802881379325,68.00009445001974,72.33346495935459,980.774951660782,2.528524543100561,76.08075414310771,1,1
44.77731339207387,51.401246444486446,48.85103473896237,59.885537357084424,1003.3326842752937,13.189803421753037,4.1603233355321345,0,0
40.2516978956906,12.394201395882053,56.19462812074414,86.21369084553552,995.1215313278396,2.9817949753649553,98.50338450059597,0,0
46.124991172599216,154.2627266450028,49.38139234790525,34.707658151143825,1044.14111814185,10.647022530342781,85.23554603874851,1,1
26.973325201579904,67.05766341589413,118.26485768088469,61.746643879587985,964.0695423860747,4.393493559894148,48.194427939272074,0,0
16.486481867094398,92.5067970756601,50.272901049615314,82.34690122555895,985.4941964489242,19.650975230791985,18.076991930090315,1,1
35.684533973884726,17.939859401650928,88.06367807927784,99.58029504495772,1031.9138637751632,11.114070814406025,48.474135739969206,0,0
44.22604864433964,187.19481694214485,118.70478309577116,51.72313820515873,1049.0917474794512,3.11852504347663,25.35497759319092,1,1
18.115564365686367,54.347703296896334,92.15250619416133,88.23394865427598,1027.8892645102571,12.621315563353924,51.39665125226456,0,0
39.804650122477625,78.16670985344436,100.95700217996422,74.17520751814283,1019.7804698494408,10.718719862581425,88.52289842111726,2,0
23.82051567876684,76.22953067221015,93.3171083613227,59.419911690347014,1038.9214013424191,6.927986395257046,36.93301688196448,0,0
46.10575262853189,92.87406403640821,61.93495010429841,46.62109722685435,977.6669942179082,13.11897421676784,11.984066154120388,1,1
45.77454244140182,155.84062735302157,22.889791644696334,75.52159566596524,1010.2632921285635,3.6907010147328823,27.320350605023247,1,1
29.314527630684204,139.84854704909478,76.64680905804072,62.578787814135836,1026.8410543114035,15.158754792123318,61.78591540622559,1,1
42.544652918468884,66.85267495584183,105.74994339871267,69.19280686415526,1032.2363513812431,10.92558209580568,21.843824498868038,0,0
33.9843545037408,74.22233275531762,83.69988432445135,58.063503338778865,1033.6112804927689,13.561450246438334,68.4544433031324,1,1
22.600436672187275,196.84995329825807,101.00102511257865,83.12039076485557,983.0215225160027,10.712633056944638,13.710318807432865,1,1
33.84665918319471,29.177849296657456,66.36454127875214,71.89775041239244,989.0195967249903,9.970897566625865,87.56533876745858,0,0
18.79971006459833,158.34657859993058,20.49054611954357,22.93663862437027,968.5574602745048,15.300863799409793,40.512607333686,1,1
45.538218089616365,104.94150823645316,2.670042231159715,77.33708876815413,961.0232908721233,15.787592669238489,16.810254980518003,1,1
27.090623503192973,152.25428592507205,114.5077628971706,49.71471605173859,1032.9400220198936,3.8158453095167744,80.71797702024911,1,1
38.01229207396879,38.548701442473686,36.30047524216939,30.54167108776288,988.2967011064313,4.072972822465548,64.39979536304735,0,0
49.807678647719555,2.401832616852828,64.91037759447583,65.89332780392078,1041.420878968081,10.120106695338752,54.37014196449175,0,0
31.507848046493603,53.780860912296276,6.723495989869641,52.69261457678689,955.2591471240679,11.009849389318356,30.729364324229312,0,0
33.67608405338997,26.859392879037337,111.91559588872316,91.56169948399479,968.9996509202284,6.868885665880198,61.34927718519796,3,0
18.34901725570672,70.91356422323017,30.133474418280734,93.24133829733573,1035.2510636289205,11.596654825337275,52.03463368715742,0,0
47.5754028090889,186.48555659576306,116.31961504219925,30.03031072865501,966.055781076317,13.534733973597731,54.14344766098449,1,1
15.64630667126326,12.395007197903873,106.56964587105662,89.5096636431509,985.7270921996045,17.821012338610693,59.36750743979018,0,0
43.20669764566156,85.48621423204285,13.607799281389049,54.6981650116813,995.7299797996898,11.01888387681206,10.5582712904428,0,0
49.6990652067364,48.82736416138127,23.82628842445115,62.144233508474926,1003.7208179394888,8.796414756664886,77.18921463252545,0,0
33.082904025501094,121.93909102899683,86.84956624893427,22.002008125109327,1007.0644182545045,17.683889424567386,1.7388742925433909,1,1
29.181373633033637,185.245490041166,42.378528273904536,56.69830593601927,1048.1541393044313,3.986477179011476,6.525518912500594,1,1
45.07979068014565,173.69306824247371,56.649340161601586,61.1365739581829,1033.5806369617835,14.771189962315903,26.514900221701065,1,1
15.591267427503146,95.94003250670914,103.06947913147697,91.66677413521298,1045.6226197076153,17.591264752255626,58.004355529809835,1,1
30.56119597326353,154.96996930681982,88.77859612387158,63.05147440651635,958.7327372558469,18.521626935738375,45.56025375016621,1,1
27.71668236706925,125.91347903375434,80.86055534003722,36.855033362424116,1033.6938844809956,5.7987418732475575,18.66839259143167,1,1
29.22399484990741,146.11201617949305,115.85498141277641,84.74250114971466,1044.034837767019,2.8121160815305357,7.117679886367679,1,1
34.51966666673349,58.05949660880687,99.36659675631275,73.75902971218608,1047.0728163985796,5.095847114626084,48.578411435523236,0,0
32.54341670988737,47.83535897147524,70.81120793856093,55.46287888633916,994.6721555989874,7.254732959449672,1.692935242553506,0,0
33.27333329201761,67.04956714006623,0.15838427811956102,44.63549661295456,977.8628333089757,7.868963064472716,13.185198964339694,0,0
32.768933862227954,138.488070503626,75.62226828654869,84.30039580553525,995.2008287987081,10.381834606794564,81.04019408589834,1,1
29.96954097867335,140.3198699799194,52.15228424615902,53.41889556092501,1026.020562452916,3.4967383093242232,33.858597194157355,1,1
22.846029686141563,71.82198859351942,27.644978683922883,66.35245048693237,1029.8170802617844,15.732261224358037,36.450096454879244,1,1
49.60661420629916,118.77087294116015,47.92803621339537,86.84314233931404,1022.9874012642641,14.985506736482089,19.61393497338716,1,1
31.391350757899428,172.36562616492054,60.48456091545087,74.67621947368403,1008.7933733034265,16.847135754367642,28.45608397616026,1,1
35.14163472602277,24.646933601960797,82.82529320393614,78.55742706821697,954.2837321188998,13.515819272559702,41.469015416578635,0,0
19.343390663838882,83.98150953969352,23.307951563469803,53.24476256986532,988.4339027958528,14.76783273872115,77.42155581663587,1,1
36.24600290345913,4.537368436489508,111.72267348851928,74.89866240771582,953.4195449921189,16.376657984282357,20.026615471799612,0,0
35.27274163498873,93.32687399003743,50.380653882609195,91.1770976099518,993.7361291562614,1.5068823514630147,94.66387272149525,1,1
47.218733093386966,136.88653791631975,56.147103375842995,27.4287578354817,1029.0748118577476,1.5095582884805792,6.860098489514566,1,1
33.80843448537789,32.02564803692805,0.9276320808418781,53.8490744796629,963.7217231610066,3.210308305613825,7.691063873533466,0,0
22.178281380326347,143.0968359548779,97.07127686613497,56.202691522344054,1000.6553815881417,0.6531006918840521,6.931626137131685,1,1
24.01487039773309,108.7796841426295,88.74613784819915,68.40024490704265,989.2127854986788,2.3664814600627637,78.07732348871895,1,1
27.732511805967,147.21080289655794,61.55746102972102,79.09296428494602,1040.7289561452571,18.42059032107604,53.51067800006034,1,1
32.90279276679736,53.13569310056745,112.29597978351497,56.63353337596967,962.7591239287377,8.654098292530998,12.705325023800395,0,0
32.58860894899763,112.25510297124244,40.53069137923024,25.732049138518775,1044.350353563324,15.467062269668592,83.8881080505121,1,1
27.840393800018028,152.1662060038901,58.24474742030331,36.086679072483676,962.4423376907213,6.901017386441137,13.755211147513968,1,1
49.9394141671424,9.837798046404412,52.937231924289186,56.16748179123073,980.0631928581676,11.427031314138906,14.997702415154468,0,0
42.43693332055318,66.48954364952766,70.96111077583701,77.25113888535674,1038.904211769016,16.715748729044,60.83090281035596,1,1
28.59376131343604,100.6409340149928,92.2481752054563,90.20364340475784,960.3781928176672,7.69712524986107,77.61165984135006,3,0
30.107811690788637,66.44555281325677,49.358723618792354,68.22757974290806,1049.9805144133802,9.859848582090635,20.849447495426055,0,0
20.699630134768316,8.469949495282858,67.05806819019858,63.56576731910674,970.5233926780309,13.90658812905134,74.11070416296808,0,0
24.068437188373892,68.81995280594731,118.8566006816708,49.94115742805874,1026.08016717561,9.054508532598799,79.3344827860976,2,0
41.91581335739268,133.55120503970713,102.57340155546952,95.13747959021481,1007.9983320452084,4.749378144454914,39.8628961644075,1,1
41.540699972965264,130.17669702477392,21.335800627829848,24.099163291713978,1018.2961593542065,5.021580480586907,49.96702437290534,1,1
41.1361370379408,112.53335613126663,9.996309973415567,34.84641894268443,971.9328184030919,5.157285072896897,56.54033919505043,1,1
32.63880229388877,40.63200767284179,8.10658121468245,33.71457635797745,1048.4381312618602,9.370938995829444,86.73455047021125,0,0
44.70633633340952,102.30391149257474,84.80252501526522,35.42016083301698,1018.8396704926909,5.44769158526579,83.20620967541508,1,1
17.930344658811848,154.6277345770555,11.992428788234344,90.49513895154472,980.4204518135003,13.087867296611496,48.750227862027984,1,1
27.820610084181865,129.0883666366993,113.70275766614856,23.30157978996975,1041.8852855883104,12.181633100420271,80.73143007690523,1,1
28.435623370199714,94.36859496752274,104.26209021613968,53.187837584785846,1003.4659566749085,0.4038984616866581,15.85980058380423,0,0
37.45902777911799,143.39538021277542,69.91211241413993,31.464802902048852,994.5405428577835,7.101895327263796,49.56613440350883,1,1
45.461516209393295,155.17228773173036,10.078740166699074,91.22473582196514,997.1767151149824,14.877242897719968,14.003923126435215,1,1
38.47518339974668,47.265203521891586,52.60570765691178,21.34902960656835,965.1610637930476,1.8416098624723953,23.974417293825844,0,0
18.50063315085128,138.38200532391238,3.4847882651063244,69.41924004999984,964.0707830825575,18.903229143557937,93.30940731098542,1,1
22.892608588233692,122.88425964460589,3.360638336695012,94.54308344409392,1002.2987308191709,0.8644630283555799,34.24999930081374,1,1
17.689731165143197,78.58888787467197,80.39116105935877,57.59119264331517,988.3722174719454,2.383140910809296,24.493904569365633,0,0
18.50501507084229,161.49974633133215,16.228779358166708,67.62986932391148,984.2740413588846,4.51956769310367,63.946843949210376,1,1
30.995080828192922,80.02909345691182,71.14224058706658,59.301410279200056,980.3484208551561,11.181225755305032,66.94985765506945,2,0
15.9342605505399,93.17434578153507,6.921994150025252,34.912433125448885,1006.0508734077973,17.323778305311613,88.28056791884849,1,1
17.448040354852093,83.82101725734132,69.96077796054615,31.765592364027473,1026.543221674477,14.884705168744777,90.33410137067946,1,1
15.297010422920506,43.33684879780053,99.26240570943861,73.64640406615483,1039.438985369849,1.1435930906053304,59.696396571644286,0,0
34.916630121278594,7.134883272106474,61.62264922949802,68.76162490479393,969.1293174202107,5.466591662493259,64.03473462977371,0,0
31.39053316599854,171.60273151366536,41.085811921102604,41.33277267105609,1048.4865940344844,18.22271540260167,2.899274499897986,1,1
41.975501535729805,22.06695476504059,3.298223379524514,41.89564127730791,976.9345879061104,16.386375246939295,71.06672459428351,0,0
49.3563299566205,142.3025800623637,50.19066639072575,75.91421287561735,1049.9459067186401,14.202837651250562,76.16813559803182,1,1
47.84277553165908,22.73025226233667,84.57411521372723,88.06447663739591,1045.4378600220894,4.219385794233988,50.39290077242442,0,0
38.819419667556865,49.49354590026749,72.05674359003288,40.60630259983995,983.3457020531647,8.830373930217302,52.919009874656695,0,0
30.727805506880273,98.63910395758583,35.83065075459511,32.71720752181045,954.734997732684,3.919574449833354,58.1943641505783,0,0
42.51404067310963,33.849519488578906,13.026642932717817,79.94322884394002,980.515833053729,19.02998878454705,71.4317970610373,0,0
26.43646165350608,57.90854955874099,62.84380635255709,26.331573462256756,961.76765126453,3.51715762632385,77.47235933045602,2,0
32.985007574419285,2.1134245548885877,80.82198329665307,53.89521429283977,1001.0852364963798,4.282324868258711,55.17822283941036,0,0
49.2703633913021,14.68893820115229,34.07008795973168,39.43980742886638,974.854931075118,7.574127151307546,81.81097847441676,0,0
46.95005414875356,40.44301749179466,65.15399255377353,70.95191777323842,1002.1827474363845,8.681527883938392,19.197550585923786,0,0
32.087677571973344,80.24296554226578,95.46760350027236,81.08834873303962,963.399868120567,1.7703810512613516,90.8153943227503,1,1
33.74279361375742,171.56018745651812,6.978134467968138,62.12124932173042,1003.9426514576236,17.214040650843,9.760999822970751,1,1
23.415594728656828,81.30766277740263,103.90097705039307,95.11066520564536,1049.2724619593628,19.183869729170432,0.5941755844354413,1,1
16.66979195088552,29.521363831517732,41.863451612432776,86.3934424789567,1039.265619533548,3.7366881258916607,61.966415161970865,0,0
47.10766947728468,92.74634718626416,12.425228634334076,56.62509200677,987.5794902288058,11.55315992132014,43.865868440710365,0,0
15.607107439880128,198.79954668273422,65.2248285276685,57.89046043876876,1045.4617371504055,3.117207351741542,18.923760254524822,1,1
43.28051621719742,52.16621600500175,95.90725275498323,41.7226786326802,953.3187630225001,10.34029447773432,19.668643412686137,0,0
41.52462025263649,128.23992664642964,110.83232015735014,82.63906858125887,968.0775954840727,16.003164733295925,64.17370448140232,1,1
38.41330746162187,166.45257719402974,68.85888830267282,57.28028114824103,1013.6641035358728,5.959148579167182,18.25971310870993,1,1
36.580574332493626,46.76967381709554,9.589813121592808,20.044334766820313,1010.8319401400067,7.2429756696047365,75.2310970673456,0,0
28.131173940958586,97.20068964764535,48.85019673784619,72.04598328874769,985.6139162014969,19.275352998846177,93.61469865985302,1,1
44.68097659300484,184.06005411454962,53.89676261512692,62.91443174315937,1024.2092592558245,13.922918498770823,89.06785956054708,1,1
40.07158595398434,199.5769416456921,41.820695979790926,86.63981937915344,1019.7634822832664,13.827728904300372,32.583559484499894,1,1
42.49606273480579,180.07520446951983,26.225815382467555,70.03974696933633,989.2134829102775,19.79096238589754,47.883281583168156,1,1
22.991206082892994,76.3715250443665,78.46060677799515,26.087149707966102,1010.3601920221238,18.62449518357796,85.03627876578504,1,1
17.36857378302942,198.67797574781363,83.8472308444655,32.982465945121895,951.2416089169424,3.425652725843027,83.81759206857386,1,1
15.757376373080731,46.62946072361731,90.87667144018505,66.88884287185081,1028.2735710360191,14.923010076535759,5.060138712180473,0,0
46.237899668295306,45.40636685645374,66.40709282757165,71.5430525222223,966.8628210885096,19.524625134019487,48.8155956087309,0,0
17.01749434590877,187.45240895556807,70.35214118319217,75.93545583851011,1002.5175789934224,16.69475909553935,3.3133462193210894,1,1
24.39324278470017,93.92967128053844,9.192433957645205,76.47253354613267,989.3663414055641,5.453359805362881,0.33788468084122725,0,0
40.19406091124838,166.76186177457234,47.404864281779815,65.13743816266924,972.7686625929598,12.443952925602662,1.2137458315200522,1,1
32.10253639845655,128.84109636813847,110.18301278756807,50.506865369782744,1026.519020298103,11.953740598870015,92.70121129250806,1,1
28.94321864808007,63.8190679745976,106.45703984329725,23.93955211266313,963.6385392933677,1.648088691680889,84.31099565764026,2,0
15.371259817961178,172.33143109940963,54.152135444552016,20.32202230831766,990.1645177212042,3.7360168209007116,62.4400487472163,1,1
38.77755764725763,97.50551408099997,4.862343052760396,72.49030434937615,1034.2038783605522,14.40648554652803,82.99579189553185,1,1
22.01783332428106,177.77758793129652,38.66321407775553,21.072385140159284,1034.339164632907,18.836425379294536,65.55581974173488,1,1
23.10028206621986,50.348892856506076,55.99114481227434,91.82648636811356,964.9597656147558,16.519473391669738,29.130280870515037,0,0
43.30051593001843,184.05423952030773,51.29926463931842,49.204052328442465,1030.22213189713,10.589657647587881,68.44490484631972,1,1
36.799023293641284,30.577769128959265,101.3748432347474,35.6620089130509,1043.228214407078,5.011425828442957,73.3880973273742,0,0
24.96293877227572,63.557081717372775,37.20022233387664,79.83138032208666,1005.6815117969393,17.659049116949944,30.737271920404485,1,1
39.21973827198605,150.58971993262213,18.17785356359498,52.04714858558489,998.2817494350411,7.113747797887486,32.21125959691381,1,1
39.02469628991747,43.17327953189771,85.12688943013545,94.80353571125845,1006.5197521177752,12.228684734789482,6.8932702124089085,0,0
45.25669162662399,57.089557439973106,73.80613986342779,98.32897357958419,1009.5502600572808,14.494189749287552,44.53196182237519,0,0
17.11280452302701,159.5198698979577,4.19986095167828,76.05262631102832,952.2921573149637,17.24610473153341,15.763603583298059,1,1
32.999502340489286,119.43014089662947,54.90544888480945,47.261079147910976,996.7814296180971,6.228315077623174,43.812234708086315,1,1
27.561954684931074,113.24096470142906,28.55089946939802,99.092524393121,1000.0869953382165,3.8832415482901927,47.70667495672725,1,1
45.324529533368846,4.361358624879119,81.54649429287466,63.83742374351424,966.9557994370135,16.349528786098414,36.88846223740057,0,0
25.283071008542763,165.6250383713802,76.62300554299975,91.86072669398595,1012.98837036712,14.816353158642306,83.64458962596129,1,1
16.915887256847792,155.20979177387605,73.64477782194922,25.560623721215457,1000.8577921868715,1.6491615596790776,73.59472017232224,1,1
34.12755998642591,190.71470748245946,21.97624458861238,68.48267620163028,971.1582134570491,12.281299694547966,72.26497023608565,1,1
40.28065152653385,163.014798136522,102.426027354998,26.181738101374165,984.3267157072404,13.742450407196113,49.858628739121215,1,1
21.673658136417703,110.5419140333396,48.892278331937256,51.203062212344406,1030.9753717435665,8.151966676643625,2.645450548042416,1,1
17.032216861188196,171.24880833832407,115.27209720150256,75.07274691645661,986.436829410008,18.77200631589455,66.28030863757358,1,1
44.55167422197682,153.17046080740187,45.49671789271109,58.29617606806284,968.6132154368099,5.840282008814681,77.81256612865218,1,1
46.28924371590879,144.89208465028236,55.8208435987966,26.920741515179802,955.6947948698448,7.4865112922570765,46.38217187676631,1,1
36.31922177746539,1.297904277399442,118.76674685595677,49.11511067232343,1034.809466380112,10.699334113308087,13.043945453334649,0,0
42.91479433870826,141.96541498397522,63.29233019150736,61.1642473067024,958.7479605750929,13.116978971477483,91.12451557542998,1,1
18.263572172747544,52.702290129780984,108.27695681305185,42.74751278558347,1015.3943672179927,10.696363298862883,59.632760500386205,0,0
29.55261155520386,59.99829411074222,5.824014087560276,79.54247514353312,1024.6093462194226,13.414514801574464,64.36337881196206,0,0
23.530099625863418,4.468986753258242,97.04584762625277,59.29108285566615,980.6838130702619,2.0386381356114014,6.272159090138841,0,0
27.210335262831208,160.9474129533881,110.24684992005966,91.74010916904518,1042.0000834749655,18.154506862586853,52.722475160039586,1,1
22.679547349491635,159.6093165673641,25.64555698230948,41.37658214052553,973.3254321822549,10.299648073916117,32.18275081690799,1,1
20.39546173688695,90.63468237877647,104.86886865422004,65.64422839599777,1037.8335605887587,3.917443701582748,16.697387367255402,0,0
35.14519939944471,92.66578030925461,79.22071699763482,83.57014328214252,1025.1307295652177,18.845223473171224,39.82564091570116,1,1
22.22353597868633,110.18252798957715,13.28917442294227,43.10808986653051,970.7888055263145,7.931274335941618,11.121657500221538,1,1
16.114461059183427,131.35880092600635,73.22987739477658,76.66871488309289,1016.0386440271344,2.28589362284767,29.10788813756463,1,1
19.533431346512334,168.59448040971265,89.62843864266279,36.1221602334594,984.1309240489893,19.332299845284282,59.41593578796515,1,1
43.04044590554051,52.91820695374583,25.206350421516625,82.71335430772388,1018.587245523144,13.619558584235275,55.263458182919386,0,0
34.72524199717921,147.13950106125077,32.400297734543436,48.22147726855646,1037.1636770520056,6.177304020243155,54.630957137929904,1,1
39.59238124023395,199.9849653666353,52.23495977943983,54.2474301299955,1034.2588379433666,16.110062225197264,73.10758817345486,1,1
31.21303730931601,64.78782403214316,73.04765791018184,90.09786345053128,1038.3777458208588,2.1699669014087686,42.83502838131506,0,0
31.26526846695623,195.52307350475064,81.35976182911014,52.57971338096564,952.6057885985593,11.30770320198392,9.607597563835613,1,1
44.205748507171705,150.50373211407242,55.26109918898145,54.33686236333598,1039.733896556877,5.769167008362568,24.90199621067708,1,1
47.87191014890167,161.84916735069652,98.47507116806335,35.61550514207404,964.3295991430934,0.520590996342698,23.704150891868004,1,1
42.09666721000137,48.007683752829955,87.49239403138515,40.15266122939372,989.5292497950671,19.663245798228168,24.48117312841356,0,0
28.172971955439365,60.21743609304273,13.154998359600274,59.191531370465995,987.8690663333002,13.897741716145601,81.75945469515462,1,1
34.04874000734735,6.4392844174673725,74.27068274816659,24.431258401675137,1011.6356323599025,13.70059898538377,19.776762761751844,0,0
43.677115205261984,182.21702631480971,97.57043569365835,44.408735216966576,1008.6643012445635,18.296302983824553,32.06647262228499,1,1
43.700973779289875,1.8950262523393047,0.4376043341611524,80.77693282711739,1026.144758212712,15.779543757045875,93.00268378881623,0,0
19.126720913709946,46.39699699673767,108.44699044485691,34.178895821788274,1018.2229267576583,10.609260000816308,8.319367685150725,0,0
24.98422816795365,104.07444328819358,102.2820140020601,76.6030791691739,1012.1883161454933,9.920657798828296,29.86839838141343,1,1
19.173571896174142,81.8152069132191,3.422219269355109,36.884471141348044,993.248337587266,8.372103713438301,4.42954309969924,0,0
35.61710537338519,109.93685117064724,9.37251648250954,95.45304419683515,959.938277895086,17.09668302474672,0.030973191500593966,1,1
45.87983832658841,3.9439464408625113,90.93744382705393,48.93526490402024,1023.821680013632,8.03490410849957,7.090792233184173,0,0
41.86273433883774,14.250537064272994,110.65445231534615,24.07792286333291,997.9325277771516,14.460688617015913,39.32464647920377,0,0
22.603171610735213,151.81819227920542,94.11536457464717,93.81559871634937,987.6165110431077,10.125034689946537,36.3128442846072,1,1
23.997863764797884,150.2065923075217,40.75822140203465,54.25195535938816,990.3673657624028,14.253224512934917,91.77956261106797,1,1
38.336462145758205,94.31651921884652,93.50461376866602,71.277705929771,956.0610357117813,1.913271728376833,3.791694407363333,0,0
30.988571417221195,165.17068686779297,37.569980322162245,50.732814647398534,1040.9477108367892,16.738068906333098,66.504811238256,1,1
24.338132373228795,23.4082965376887,1.9270587216136459,28.56085380835367,979.2596443623943,11.035801271589914,6.400008275238688,0,0
19.767972241145713,36.21614046158821,75.83785115799674,69.26318391840995,1005.0765726372153,5.010028493918792,37.1119691218732,0,0
18.384140071821008,45.29212075161097,107.72462717670965,98.37533971486627,1014.7659585640295,18.336465840468403,64.27419004014251,0,0
16.161877013691445,199.3525169972818,11.874276202384188,74.61134411560485,975.283620307479,7.839622258139203,64.59341848009382,1,1
30.277057225769745,50.10921178622565,40.133542425398964,47.32384935385411,1045.9323904508215,15.97226031846902,45.85487714794001,0,0
21.993732211947744,162.2032220525312,18.861896593004822,36.83697737136028,986.6013391840152,17.606963917039803,13.178666863411026,1,1
19.278196749908414,98.7949976610532,33.16926493124096,65.49823533185278,995.1636684683224,8.699182127024336,11.197297048699328,0,0
19.936739158744405,164.21571548937,106.30592850860933,38.77468263082002,961.3460501524769,1.0683334386902121,60.82976137418969,1,1
40.0373624375072,74.5619978406411,81.56110409887675,77.03670524476209,1043.5342281396906,1.297472756702145,19.229172323107978,0,0
17.398409565894585,173.5987866672221,95.11045920402823,65.97136564974713,958.3663410051183,5.466247173074392,29.77198480585169,1,1
34.6260118605396,51.60877880734309,8.75518366955458,78.46098414826395,979.9080211655412,9.047483540466013,12.766663498230535,0,0
43.089190618810285,113.10637538481151,108.19027514518353,59.63772504522667,1044.1425671817879,17.83736408762652,57.64598564592339,1,1
47.68627033524522,64.61774945891045,43.87705952450536,23.638236104482957,1008.9200906763853,14.438479398578668,77.35191902421032,1,1
20.243570011613617,88.83181446250006,21.223585451269877,72.97018790833991,965.7946372421768,18.083273679121497,23.063464566141334,1,1
25.199079320088572,170.18126443019995,55.016113217486854,21.919675664005844,999.4586251202646,1.6908667076024608,98.53447186873106,1,1
35.58390496594608,51.30652352219569,67.64612154571412,26.149368270540386,1029.9891304268817,18.506561077283273,87.44443882061596,0,0
26.961516080449698,65.1536239286737,4.210513345956,72.11202869607334,1003.4904784189795,9.186927426546827,90.7630953334707,2,0
20.87576153789962,1.933253338036467,8.797974254491852,37.86971502618951,953.3285549263456,10.05687421286271,31.409045523357804,0,0
21.316905282384642,150.01681498973244,24.534159147903605,75.00840807950345,984.9264905847639,10.23655521325109,93.38670398513199,1,1
16.307307218553447,100.05290149549238,102.53075523931419,67.03793986962788,977.6870516965157,7.953622702900686,68.02656287285745,1,1
46.1784163009831,8.21327474932232,8.584658626845169,46.004121888767,973.2779684437479,5.29861772444812,22.126999862588093,0,0
21.85387670993052,26.124793373858356,112.07449581542856,31.535157112492243,970.4403774765536,4.9253144796157144,93.30148731304206,0,0
41.44999467603797,157.93988606310293,12.570991144619764,86.90479000125373,990.8193081817418,5.256460524247775,57.575008352031055,1,1
43.77640170358569,155.73043021498188,106.79969790973585,94.25057488123551,973.8122071427749,8.477157883385434,1.4628539205070012,1,1
45.776258074277095,30.91443029495351,103.37697748112332,46.350985758927706,986.8133589981138,0.7826450896771875,32.68787897653196,0,0
46.09272889804424,5.109480224320828,48.75929676560704,22.51197038501929,987.0923425109065,3.4528128156058235,25.221839326837202,0,0
45.715943060649664,87.2098441243782,32.855758968229466,67.14707023604382,964.2106959832582,5.187832148417117,54.62479676028885,0,0
23.31330646468241,135.82554748017466,58.97895627114271,81.75912562037527,1044.824453572247,2.3160977869481547,33.466500998454485,1,1
26.18421720074423,30.23658386745085,97.2363764800165,80.7902963231032,998.4425470834399,10.755415555892192,5.954413800249625,0,0
34.4427573314466,158.2683048039273,68.85930883006286,41.224509609633515,1016.7548272334337,7.229768599304953,54.48732842857352,1,1
32.06478771476237,76.23500019303602,86.26535764729621,90.71008895887054,950.5212518476925,18.672330384607346,51.151513608322496,3,0
39.52561581271428,171.12491323517543,56.0524430777124,86.79792586919122,967.7619819455202,3.1833506895962893,65.74713688561535,1,1
45.4550051943108,178.48523550720788,77.24885500526959,62.0391384167454,983.1393087696516,19.600008311986628,31.969568666625047,1,1
41.04651375310576,106.39635998100015,73.02148110304161,51.47844404709009,1046.4823125472249,11.433646521985422,93.778763045879,1,1
15.265699566086994,114.53411663822419,86.06242676703258,79.60641369297744,1040.4976881781681,0.08803218007572555,0.03301592594764369,1,1
31.529221127832535,5.85874100107413,116.94390643948495,37.76521396331135,997.2664729364844,1.2227526002444722,52.20484161712585,0,0
28.298464380159295,8.93200577544475,40.21491200354697,51.31488161782845,1048.992149127494,4.157717438387509,54.47796153700997,0,0
49.556044221952,158.40384158802703,119.20410010585067,97.46386517281354,998.9539542094154,13.927516997411315,11.04431269411511,1,1
30.440208876638067,161.80370845333948,60.64023851725721,76.21592262537855,1024.5751329984278,5.069382824857877,87.56993729425655,1,1
31.093785081821263,42.037020724308746,103.84990581461325,53.425504488500295,1025.031243837972,10.960661444431858,38.18717522345004,0,0
43.345674526349924,116.89398632892261,46.86745229124381,28.767829626810162,1039.5445313766709,0.7093917068333311,86.31873483680562,1,1
27.59865337091044,127.86775270028117,110.66396686028223,32.13652924031187,1006.695047563881,15.28865724740384,75.75838327190574,1,1
33.39711701098264,124.94789198129162,90.90323929594135,87.28221102059294,1026.1813096875865,7.080098863624853,99.67264010577331,1,1
30.207594280175655,4.892940551786684,43.514034190255444,30.222636365907462,962.1442615728375,5.630700802137887,5.337549417726084,0,0
39.09792659433471,14.797776840381015,24.39474665231474,27.431977159529552,956.3167730903031,5.355033310790834,57.189896766036995,0,0
48.763994475639464,175.11133086992126,105.11207105343897,34.08536288301261,976.490719349782,1.527866335906114,77.84683399151851,1,1
17.443570551994668,111.33913416417064,29.74506867887409,39.47565072229958,1049.0725055247606,15.135596139570747,83.69393582910502,1,1
35.019393987040445,174.20285747874985,77.45886469996235,95.69389638370762,978.1338586045637,11.906390915657902,69.01313479368922,1,1
28.752805675973235,175.94159648081066,117.57637957249852,59.501559309812926,989.0640654804339,9.438758571129174,85.27367457319316,1,1
37.59139489313587,8.954474503619014,65.06038925348578,21.384009819277587,1027.8535371003406,6.566245470849275,47.200748211732936,0,0
42.953733706767125,9.289763457152311,19.02498427099325,51.83683011560919,972.9925163545561,6.7580285155012625,99.8174737892465,0,0
43.889505315083376,176.7803629920217,112.44655602789304,47.27487042513565,979.7076957796472,4.681249851441498,83.01169113081227,1,1
38.784315179981476,47.23439649657546,45.23925950525459,60.53694111462386,1002.8140057273754,17.774554571034294,38.05661329472163,0,0
46.79834106751793,88.27351206395792,89.56472097508245,94.42034559880449,1040.7575703963266,1.1390573459136233,20.570429497656985,0,0
31.69168989362963,86.31085799062146,76.90699978046484,95.57672406603298,961.2404711277949,9.03717330268481,19.241103788713932,0,0
46.293765943928165,192.91603716033057,57.44420182684201,28.32082381825126,1028.5294666722673,13.94282700984798,35.46708266103104,1,1
46.05926158891372,195.16637795654142,66.94246189562345,65.25823290754339,979.7513505113778,11.690120719666284,43.964232052484654,1,1
25.576685942481816,13.437039304780264,30.32494316509499,35.828371974213155,1004.2041984553949,12.033400435271878,60.85717243060165,0,0
28.58633503659877,84.2459467370992,100.1086115568768,58.098625081372994,1048.7773332137122,8.792344600177298,64.9580944617839,2,0
16.762704964768854,130.66798488376216,102.17116732980074,95.3966270826637,1049.732061163977,5.643572912984663,57.537006482571684,1,1
30.77512949362516,112.7634961150342,18.894354862781597,88.49196580767531,1040.9568943344589,8.993233262258451,28.042986157357685,1,1
19.92916996785543,136.75296495556088,37.46782075448822,92.7630855930711,1017.101247484487,12.913706503484814,55.94021158982409,1,1
16.602171880005397,186.3844871371174,75.35249919593521,99.52495867064883,1003.7356404772887,14.202217838124263,5.620955786622217,1,1
37.11076618881938,152.92992231807145,93.42171538230687,81.60893217842283,972.6282627293667,19.50796955210452,99.51821206249387,1,1
17.645855630656044,187.28928456235144,34.73390331652432,75.14272654007718,983.8110920736132,19.35508646746243,10.150385830353548,1,1
32.42113859347316,85.60955838841492,39.12281427335819,71.64271927041189,963.1055743421667,14.333248362673938,98.05921238047873,1,1
43.15955500640206,172.00335058190907,43.1564091814803,45.9909285184975,1001.7048354690133,0.9145322952454538,94.53581344565326,1,1
20.032481055566727,180.6026078336185,10.029866640042684,85.80999421428481,965.1962525878215,0.762632281829454,71.94894502594087,1,1
24.80928550610499,142.8992305568699,66.61023005673837,28.70459121840525,1043.2130073301164,9.046283495269552,73.4447277798688,1,1
32.535720020546876,120.87229499224095,36.33283108280309,36.02882432027602,1004.2570203408068,8.80437945942004,39.01132134339331,1,1
38.53985182831181,138.1013264022272,5.510406730951565,47.09955953949377,991.1764550226377,1.937843223283362,23.590086669828835,1,1
16.80746290279648,199.2484197234041,88.38686435638134,26.996012520220294,952.0249379790092,14.385756003045604,43.91921656826669,1,1
42.537884817260164,184.69520756367675,71.9160466819647,34.968673833380244,1028.2194036046453,19.116234863487488,58.023128705995596,1,1
38.869910654825674,67.49493900733461,45.78332335923734,78.77235982824511,1042.777109840682,12.579767744487045,78.98479084853474,1,1
21.007225609538054,42.39181805159471,63.84416242000681,34.124335379427244,1013.4995070220923,5.833063707893979,79.15326186668919,0,0
43.28386213150202,92.75749115107061,21.697276204516236,71.7419968865546,1049.2787018263587,12.451817958850466,3.577469071400785,1,1
15.60528915184789,64.07239409846125,23.494056823248584,85.04409657146465,1034.4805667036,5.172375426209523,32.56447769498927,0,0
23.268643870029013,181.6765094742528,60.31792015467387,72.49096352656159,991.5482086699603,12.620283870090622,38.58553767217361,1,1
26.88874532052289,126.89601463469604,70.92744936587872,43.48223633343597,964.9348450319474,7.3715338767627525,41.51976391419092,1,1
37.003951669861166,182.90575272737274,4.342175703951017,39.49288100334759,969.371594227956,10.045888173875673,42.97008070431598,1,1
40.5163168337066,48.48318250897277,71.33980388997102,90.70858108799675,1041.0677739918306,19.175692094500622,77.32611520799885,0,0
46.70957671906203,46.90617439705485,23.70971332205724,20.519046702442118,1020.6844357429098,18.74934375627489,18.69353450416764,0,0
37.29302513994076,149.2919518443555,111.31370821776679,71.74881792137774,1047.0293732748753,6.893462820250955,34.99285337714076,1,1
34.00543785050209,76.70037622318142,0.17108739450391486,78.54176200695899,1025.1717041478482,14.93949209373541,34.50206666104666,1,1
33.28013156589102,71.99470363533389,1.9243680036774924,64.9959153017135,962.3760666084011,1.600826481828812,75.54990686967872,2,0
15.332717084633696,191.80168872174522,61.830643693509224,98.64131445649187,955.7997572472708,11.670590977318264,34.93270359759112,1,1
44.5218872485,72.24454704685725,31.25850948688189,88.60425016799306,987.4653091653261,0.3366663972112294,39.028910083933376,0,0
37.908279415382964,50.87190776127637,51.83851109101887,24.53721106257804,1008.8092791513957,15.125898477207876,41.33125614011103,0,0
29.708142148051103,17.656499716983287,24.23290374143791,32.37402425023301,998.1687768661538,10.585110819015002,94.894013128426,0,0
17.563102649703186,119.97359463100943,63.179823279388955,61.29864783486633,1037.3159287382828,4.110769413909729,4.077327434137146,1,1
38.52950276719674,69.03149282719603,2.110789945502951,40.109920583233105,980.9326774216812,12.33676753568484,17.25857940492721,1,1
29.456902178368928,96.49508888356651,55.10848696369091,97.91526133334254,954.5504237790296,19.01936372904799,58.19372139940333,1,1
42.85047002394434,86.07852360321509,54.46054575083765,90.34611992126588,1039.5934496291902,4.773777628625952,19.924187858461817,0,0
32.368231085448286,180.05540542553834,38.68261120874116,72.1611692271305,1020.8151687740601,15.573493297883116,56.392445792096325,1,1
29.085931239763937,193.40319775979458,73.35969039634233,78.28521693066166,984.4982845695878,13.398983620061601,25.779766216412593,1,1
23.578392113502268,142.94444036188528,62.56736835155221,74.66212883379117,976.9438490748091,11.974466821134609,44.393364970311254,1,1
35.893610039593476,58.175946448843874,85.85411563789486,84.47434929275724,975.9916473857724,6.012411197112842,66.1154269719093,0,0
39.34548110062404,140.81993687949,81.92382057310041,51.4246173562031,989.4853674403678,5.096352472887629,15.683369989636297,1,1
39.2402082788917,18.637757194462566,112.5350744144138,86.1349042937161,1035.7505739957255,18.133376292303804,40.86049707232401,0,0
44.634525317264035,31.612260058329866,2.597015352988281,82.791311573108,957.479664799694,19.770493346518432,67.4796429601556,0,0
41.37073985847369,49.16077125557319,80.86384727036258,23.45759498039658,1033.78257199236,3.392481860631449,69.73580668337705,0,0
22.856817543145493,13.690633885208548,57.77924142592732,33.542896821823156,1022.944398832655,4.751316867669697,34.24725562358289,0,0
34.86037379425655,56.993655515462315,45.358573945195396,85.24974168323094,967.9209849561025,1.6440317896386736,32.835778513301925,0,0
29.853186845485737,108.53185642731353,44.690843541000845,83.19293601782441,953.9319487668473,8.635350763971159,38.22559146564046,1,1
37.665247178240065,193.2552503794792,61.24504879546346,98.95014775533764,980.2249394913198,0.6173626508492203,16.566316747641274,1,1
28.829370967109856,63.26678183771044,11.64649571800532,54.61280861525735,983.8115771659562,2.452384409148769,29.61171306119089,0,0
46.02526193743867,60.40977309786803,85.6746507890462,68.96376637262046,992.7181162408372,4.7805127360733835,36.901469934594544,0,0
35.7237524714865,70.15064294987098,25.787572028907817,29.31701991133057,1037.9766937909565,8.806259515038112,62.520832174293005,2,0
32.16436263978818,174.51330367159267,65.6321822937853,58.46251343592907,1042.4600990421714,14.393791920907091,11.154990734685732,1,1
21.219656141888493,157.42457258788838,100.30215854159452,63.61526632722372,1005.4455227866639,12.638659257028891,43.911577428263946,1,1
38.80696932193664,21.696251513283137,115.35350908408637,80.01238590359374,1013.1174204009006,6.326441140189614,16.095548745672914,0,0
29.32700373401306,132.31534811481168,76.04516921077331,50.61129240524572,1011.328639383313,16.27496591135095,2.6284772337607065,1,1
30.771736677559648,151.71104569335822,65.53733645560527,72.1180870343256,1001.6676392605342,19.83749089364622,5.462153648903822,1,1
32.186568762033204,18.283309822903536,19.174267453628453,50.64306803346095,965.5540091500487,19.273743319133022,94.67897767251591,0,0
26.763837617721133,127.94954240753592,64.05039847125434,85.24695844126148,1012.7445609816942,0.00504908981124208,76.31743856097388,1,1
41.13968424536414,101.94454111329621,108.35027678796646,92.67569645523213,1002.3911676704397,12.159764623930753,99.65220719246723,1,1
25.458708218399615,64.92344846229547,21.932868319619562,91.66935513262943,1024.4488389949265,2.112856977404838,98.17673511979656,2,0
40.58365978563906,170.1044219209949,5.778094700784111,60.396873515373414,1019.8598286727039,10.858931691436826,66.66474656992774,1,1
43.62559222566654,74.86741259203924,101.84024107424517,33.03328838122326,977.0886055026375,0.8669123985465155,36.44268113352511,0,0
28.296834068844213,161.05411944145018,78.37568043475872,54.93780465245333,1015.2113978623748,1.0556670103138233,18.027153601837608,1,1
36.94317493346142,128.27336384506046,92.89615904489126,52.23998072428817,1022.2554096616157,13.679606651203787,96.33933783698491,1,1
22.52955792486377,110.3359127505279,72.21173305325632,99.89183079473766,970.1184142166652,10.464360399345844,34.618530771363886,1,1
33.40625390026499,46.42572042062119,5.713485411298573,65.80523631181511,983.5854315860832,3.638828034968673,32.393556607803376,0,0
16.72480705067107,190.08844681802066,69.73774979679125,85.18149450776198,992.3118197547731,18.066293351323715,48.33182215522533,1,1
35.08808627702343,98.35879601253137,87.99339550411818,65.332486208165,977.1598923580398,2.910790626452926,60.612438888297774,2,0
32.12129865414627,19.19513933922259,47.47409589519221,61.18211376003629,1032.689323382559,1.522021116667247,34.84953482460029,0,0
43.79296429486349,129.68478635431575,34.794998616454414,87.62680976181139,999.3293580562693,9.96703782620921,97.65873392003843,1,1
48.14907761327324,71.70653667396878,16.869495439569878,46.05333858224753,953.0483260311388,0.41535773420782407,39.55221362514192,0,0
47.93569379440319,174.27146824644154,61.373140070114765,65.21811049366646,950.5933496746056,4.3100231166753105,2.4774126934383744,1,1
41.40888364433856,29.129159205299548,104.28565229721804,71.46594509406306,972.9418676515713,3.154406341664995,62.762470092305314,0,0
46.52929430988132,143.67204378287633,41.825598192405316,66.99068762149177,981.0761695372421,19.98299133557318,74.88391884618511,1,1
36.503357391486375,84.65182855316584,74.17827483114688,47.32928499738678,952.8864839458031,7.901770447132657,93.0480819579867,1,1
36.9205383170853,16.79114061418032,106.19923360740312,41.509987947321186,974.3769493082727,5.941819375606416,57.720223612595746,0,0
34.06408327018919,98.28275092457635,86.10442362151524,45.32301850679672,1028.2064521572431,3.5064335675719827,78.26207890770092,1,1
38.2333536837599,136.6416619095173,57.7864076552712,73.36012261446918,957.9797046559457,17.031022340987345,5.5547233487646,1,1
20.205952845502413,115.35794169944727,88.72937465480298,26.100125147700275,1042.076481412232,19.472152976013973,60.595017300771104,1,1
31.84352093818928,148.27899445594994,39.40288227926465,59.461154728408516,1041.61510268144,19.11310850483067,92.7069116051185,1,1
24.185682343734406,46.49380804335268,35.71974071151771,55.304888991076815,981.4167412791963,7.484255914781159,62.063695212075956,0,0
41.688398698289156,147.1116396535834,97.73082804949824,22.574752257232173,954.7733789678756,15.787659213772587,53.307882232463186,1,1
35.23492358167421,10.517372042875417,30.637656140552508,71.06834439083822,1035.9181890110676,18.33966794362805,50.04194958350817,0,0
34.09159814583691,166.6099262137982,64.51495208968255,61.34868204298539,1040.5084037760953,15.798654421117602,90.90725263612946,1,1
22.63864691734038,104.87509733107134,101.09665543120296,28.891826197368715,1029.4662154293962,3.6594676682973892,80.81187549853212,1,1
36.42003281449038,38.64719829697343,56.80250151993613,74.55241331686173,1013.3852900883543,8.544943924634087,89.9366528920927,0,0
33.174219507074554,101.17345970573768,7.4700707929745125,93.76963118381097,967.7116568678373,10.566893868731084,80.35676014003101,1,1
22.540864693447517,105.47465799416823,28.8821891068009,80.77559982399293,1006.434116787315,17.11951720790287,89.45580028773828,1,1
37.705671885588934,145.0782492317889,65.90641198642365,50.754298645390634,1014.8117923020834,18.165772469746578,41.668038043143795,1,1
26.00435092308284,77.68738771051483,52.247715625391955,25.884882318217297,999.8441840434995,9.886284961001193,58.84438276405232,0,0
27.698701066496604,122.62151919111794,105.38595723290436,96.43767923961315,1008.3612216141049,0.8518190794062619,96.92359972671089,1,1
39.70517213136897,67.19272971073042,17.658924115646805,31.473488978901997,966.7744406139602,0.9114504322764061,90.21541886529116,0,0
33.92688814895677,139.99188254276746,99.3730211121969,83.32328050665602,1038.2605623728841,19.34509245049904,43.90706147419395,1,1
48.261741333393665,144.65798966856326,8.480182836969416,74.54264969698764,1018.6716659604849,18.117211275850543,37.293213247009206,1,1
35.471902509513626,2.437510202348503,39.84902906176032,24.979498092702475,1002.1872972764897,16.348953010139063,20.644269212906895,0,0
33.46043659452225,40.80172730215341,14.482616141548853,60.8797433547474,957.9148620949728,11.747092622759787,3.133746067672627,0,0
18.735024015393144,109.99949709747156,70.96888954786967,22.318954407500648,1007.3376788001558,16.77005050647274,72.2316177293954,1,1
19.59147863722795,118.49492951272298,80.67030000890561,22.978496140183342,1035.5347668683623,18.125347945796605,85.04522733622586,1,1
43.86210137961896,148.99303969217866,76.01184375383522,74.29016039906016,1030.6395293334983,13.249969167226093,32.7726956682071,1,1
28.158638575647387,179.41149367445843,2.054650295659428,75.90564649954257,1045.4777552425217,14.124563399159474,99.3911988231782,1,1
39.06407169349158,6.872605843372215,99.24118579763083,42.770392955145525,994.6057225664441,6.2418383181416415,26.855410620967945,0,0
30.099199628442488,75.75028968813476,76.00062982111072,85.05209607900085,979.7088653187241,4.274423056440348,66.68952708703422,2,0
38.46120230407736,180.22624785723437,1.9134823743973017,88.24325296932079,1002.1002172948357,12.426041783441978,9.137144056141477,1,1
30.141522650521598,45.46048144770476,30.50700360990109,60.32760917408219,1031.2455950403112,14.875618602897124,59.09999590859538,0,0
33.87963674637135,85.46120864689799,116.72519682736636,64.81540433873866,975.3966398312222,4.601815840800791,61.13530307751418,2,0
33.29896345588251,1.539560590942557,99.60784466349352,76.32978833859477,1016.1829289678103,1.375613153953179,36.20558501724914,0,0
47.73837912564752,172.51784826827276,34.26515254434401,32.5647107279311,994.9087957168578,7.1166075733532175,68.22263767059911,1,1
48.82521835295119,72.60028999651229,7.466900718269041,91.80912066739081,953.794973023987,19.05531794306666,66.45794280090398,1,1
47.95912229546822,39.93193732979565,4.883975430456915,59.056798262119344,995.0623414570125,6.629845465097657,95.76564743886975,0,0
43.79043062565013,132.31640427511866,19.542994996539328,78.74587265748198,1022.7012454699724,8.501363472320149,92.47859097140136,1,1
20.844225878015365,53.46751248233286,7.586920710076037,83.636076654207,1012.1759386095397,6.298806113624991,16.38136635943154,0,0
16.40517195100591,33.349113725187316,54.394157560518984,39.77415752084849,975.8982177431967,17.511527333354287,51.513767346110065,0,0
40.523819059494514,7.142189805628618,43.81960268136345,58.33354779163535,968.6416855210184,2.4038308289107735,87.03037784998425,0,0
47.88010694849288,15.761339609081482,41.882245505093174,96.6628502515579,958.3161733132465,12.872827457574525,97.22213709670055,0,0
49.23782840034811,94.24466618074865,19.529892933885673,36.16674519819511,1038.9601395124396,18.233660086594718,60.78796438735547,1,1
41.816173981446894,147.98625029408163,79.41859175869284,86.18215638975512,1018.5406623040321,10.680046114949986,23.69563625881568,1,1
41.03608504415166,94.6875735676549,35.37500208090112,84.15570205934203,1019.6713600353028,18.746791262494,16.544164001887772,1,1
37.72162496227726,48.847893617635194,108.42995823619701,27.959953140529255,1015.6161806444877,15.821714430560599,35.49178403647072,0,0
48.394832778433326,170.14613691720746,35.354195962188406,20.603287417279894,979.665717611806,5.626209409414851,88.9964607500909,1,1
48.849241238916164,14.087997194052072,56.555379423998005,63.86655988238366,959.2911661329704,7.549954182750451,31.70824173929506,0,0
33.761972401448055,132.2381799463876,84.41821325958799,30.940401889071005,1031.2947701944622,13.570840595815179,88.90749167467196,1,1
30.726762080240192,178.7779525444383,103.89289468272905,55.072746588741566,988.1143315292978,18.656240299405134,71.51647345384376,1,1
47.48858712533265,159.39495577916261,73.11569271496973,29.26822216030116,979.1480672579098,19.37684814196783,31.942209871420445,1,1
18.26392044248798,141.51067118386396,88.0805105452421,42.836617622972064,979.7671979346304,9.377859710175677,2.178894976225554,1,1
42.62630536264072,63.41775745482512,102.45157224023731,84.2104337280027,1016.1402033118783,6.497497341985774,51.631656166117004,0,0
30.569024015928562,67.77637724973485,101.77635471638138,58.68056596621322,1033.2723097797148,2.1043694828364856,14.102478860033575,0,0
49.206210678954186,117.55369252121793,61.17236081988588,61.85248505152893,971.526877403286,14.374078990039461,8.478062372975437,1,1
35.06632995860581,114.15375931718029,109.70261089602131,62.09462480838883,963.706269597418,11.455065184963251,9.132764436533236,1,1
22.132784235497258,6.221716837483227,61.595229895139795,26.76260922348579,996.9394378531329,18.658900706482882,71.97614130193321,0,0
17.709408597885258,44.841962441768636,80.83949038721211,91.5761488819347,953.2918586763953,16.24902263441188,56.18138803383087,3,0
34.11319638537374,191.56263655067158,89.71735351161277,88.00950944448896,985.3995569544667,11.087280816568196,61.54056774277707,1,1
26.255437912686276,114.04962498947991,28.39864553756566,31.470053685459163,987.3970259277332,14.78579257492874,91.61871480738876,1,1
31.01999180243814,128.56473765508633,12.364455717012056,92.35710068418629,1006.8604213569935,15.606764952503141,79.44412009213939,1,1
23.976818422883706,105.8348906363699,115.25757018731728,27.170763585666222,1018.3049898029564,19.24528156070344,30.057710805402216,1,1
45.15067724915218,186.73150908165434,89.65034512737901,38.506264984556665,983.4000718826594,0.7161858883546146,83.14532342453552,1,1
44.7363915278878,126.54206199323855,42.30334215166216,26.144882211193643,1025.3057609914908,14.530523872198458,91.2602521738901,1,1
40.56862073518768,165.73898844880037,89.51455414847995,70.45497506498532,992.696639419101,18.042346172845555,65.09685719074699,1,1
28.942436268806816,16.693859036391444,34.884582708525855,63.49813878641318,977.5635370016195,4.424706958358042,52.73935140878472,0,0
20.94371210635071,160.0820126650207,58.124178161118955,65.90902191701201,964.7383267597348,6.491526712587348,41.008968326115294,1,1
43.287449068077606,154.0319046172305,26.757296974521765,69.29432652856062,974.3456357771997,19.764943113804907,95.21238781308706,1,1
34.71426521822171,139.7805143788286,96.1716458650374,77.67987360359231,1019.9828691082421,19.171080158990563,59.64561063072833,1,1
37.27059351366695,169.85375008763623,80.38690414300882,78.6346097614018,973.4168686196642,7.425338482301418,14.730134571189302,1,1
32.70179048171819,91.14548013604926,119.65953771353482,68.8966922252434,1028.6444823194424,6.680293415153084,83.15453313427965,1,1
36.52797382706892,139.39846631968769,35.331693353934526,63.891071335646174,1013.4036973413608,11.781893516331621,91.51937114245665,1,1
46.43954325723937,194.1968115753741,80.09136072083872,97.75313041005477,1033.2478000031908,5.416642806799185,42.74356695512971,1,1
23.343735476615343,0.8394321661130411,22.565850377629033,20.324846902950053,1021.983846135049,8.510685954423991,31.257472707785826,0,0
41.66023118833158,166.497354923929,117.0359446379856,71.3610867740193,996.1528958540051,6.105286032148718,22.231820921422628,1,1
22.45240826689104,81.83787494395975,119.01436263455157,20.06829579499226,969.7205897231,3.7678596480714766,71.71194855322923,1,1
27.336965465932163,91.45216091836413,17.834895656388596,52.39976311015582,960.3199811905836,10.660865757771663,9.793836538285595,0,0
42.667793341060474,113.32034350809789,86.87614485282202,53.48131093221471,988.1491293242227,1.964177780977272,52.38556070428226,1,1
33.00757576999822,93.62040888992107,88.86220376189391,86.60035200258835,1025.0789674948508,2.8773148561368767,62.205950928210804,2,0
17.81130869913367,138.9244574880953,45.820691587335205,30.59991650130293,1036.2050856976127,12.280166780778748,35.47249679475275,1,1
16.075451287767486,107.46205180072211,110.78710541834792,67.71038661618925,1047.1650604619492,2.7290223654091705,56.83051045948368,1,1
42.93437668022503,105.10814622514324,10.927962718496712,66.63088012377742,1011.1737905842472,14.574184969507051,76.12115151654739,1,1
41.977044087371254,132.6888787277932,25.897342370238977,52.33886046715835,1027.61299726144,19.068539668016264,7.8946964836622,1,1
33.74378372290182,62.50445426486129,27.04726731801957,60.4648546815772,1010.6089340556537,0.19544462838962495,78.02065722011909,0,0
43.695874594080664,193.1021649135866,21.677247986963394,67.56420498887584,992.6625373476395,6.696557031107013,56.56334514375047,1,1
42.38340826282426,4.610556689042022,116.32801350794242,84.79052685645686,1025.1153703645577,15.20774764361007,38.90607096186526,0,0
41.30671927956848,77.35404172059152,107.84481954897517,34.17779066451757,979.2347424215152,11.026750853981522,31.921103588727252,0,0
29.84830358533457,98.48453787971894,102.76240185762104,61.85538028869543,986.245984861456,4.954723280702316,40.867597879219716,0,0
33.050763654502944,149.22297144064726,14.52585314068064,37.72873505913207,987.9654015868673,7.207968102390292,39.174808760521174,1,1
42.77324426241136,64.83088059243462,60.227781648319755,69.91256262863172,973.2178550183605,14.373907742950777,54.711131973828095,1,1
30.637340706098232,161.95680534766277,29.21943110222184,90.65407764914585,1006.1048735366704,12.183497587593164,87.50589641689427,1,1
43.61539407472676,120.31241376438007,90.38252446178089,54.66555921863175,1004.7377753499746,1.2414027341702227,8.985791800004684,1,1
44.029889146521626,11.934331136499331,20.327895075912874,83.66661271603533,950.1145950628256,5.6480865769172865,58.40386578266218,0,0
35.84074760142538,155.4305816458947,60.711150539060455,60.752149562477626,1022.53105755407,9.97248926532567,60.849108656361686,1,1
46.422092388926785,80.29020152247439,46.21500851030667,20.283919349181705,1011.3426261521232,0.5954381481426396,50.41484897283163,0,0
43.14818261612793,109.98421410393262,32.35633982600112,82.89347371594971,976.9717004082539,14.660635618917974,61.02584551902312,1,1
20.94987038618004,181.02677496883715,24.077241954863485,99.16696593125359,950.7310488654941,5.269667542858061,19.986029727419886,1,1
15.489769355966192,146.4735800294631,83.21109625195155,83.38807714839444,975.6698546464565,8.886703341659398,65.91135216215474,1,1
30.391897636085027,139.46515406358316,76.07680901285306,29.171824241774118,1028.1043121076968,14.413527181850366,65.58343876174052,1,1
20.42827621948508,53.59928975907273,47.18124379051205,42.39436973251547,972.7810290676132,16.107153403235515,63.823224636020235,0,0
34.79152460425876,45.19054217065077,110.16918747223696,35.2946431277853,1029.4950932824677,19.33345333410586,72.70927292242361,0,0
49.75005713146204,130.21022339558934,26.095241232467398,36.30555949732091,982.4564284255476,0.14260040442012123,68.16984700828345,1,1
24.403372461973966,163.03664645855056,43.100718067116034,58.39651947706501,1046.5688916560368,4.843442460945542,72.12540974297396,1,1
41.4291226256896,44.19963150472703,60.11962039346348,48.016154025037466,1027.190624340009,12.449666380580748,47.598305486054706,0,0
42.27771427667014,47.031114001683406,90.4346256701231,89.22994496742595,1037.8621596807573,15.673471860392077,40.80141669982687,0,0
49.36328079512394,75.91872876448798,76.63504789229108,32.88593424555749,1048.0448898636394,14.079718437293264,75.33775452463684,1,1
17.30218461939006,152.68356284413437,92.96681150647215,73.74181810897838,979.1909613790343,9.79380084321763,11.043437130871647,1,1
31.505547326070342,48.76477052008097,41.891638379289844,33.00803267229589,973.0054367746897,1.531372836402325,91.99013664369214,0,0
33.564374079139114,79.34839425254793,64.20350553225407,70.26345827852421,1042.1878793369349,3.5738590457262664,29.55524986352176,0,0
49.152626772044016,74.23859732970487,2.707398090879316,31.811479410972705,952.6338701748552,19.79846284841457,27.887084899122307,1,1
47.32399649276791,199.17725515194314,71.98094653717371,22.655705205244942,958.1591630386927,9.631781102157555,40.6172012911486,1,1
36.21620570236187,87.76956194227279,112.08922191257813,62.77917723308089,1019.3726061462443,17.92970545284993,14.687187583320737,1,1
23.0407128941485,21.463732094803014,16.756607907589473,61.006717354738655,982.1179258967464,8.463456790535098,98.24898317940618,0,0
20.484652172858183,108.16241415961511,11.864538606438115,45.47970506111029,1002.7525923674599,18.932634919306754,39.122822128348304,1,1
17.271734367513446,77.63228959206339,17.488941104877327,38.399169063315625,1011.8090623164991,1.3484773240736336,46.472375625003735,0,0
36.33115551037675,84.37167847349937,2.295162074847643,98.84154855222923,986.7115767340536,15.571543738665339,32.56464921874532,1,1
31.62558649476966,77.6927285221993,41.10470754115292,21.748110176622298,986.0020937854504,17.7897998079906,69.03933385936837,1,1
20.089800068340395,118.23100092454783,107.06770319386459,76.00272327718844,964.8684392356697,17.356649934689933,30.154401328886536,1,1
30.89266505093196,105.22855193782928,102.06079252538343,94.52859961181288,1042.9652877790556,0.1590836255708128,92.18884855854571,1,1
16.90354381005503,53.15473136348707,61.79854256733995,58.394055120351524,1010.4709793887392,9.588924574740116,93.43756796404207,2,0
23.419209687510545,54.80493880769717,110.48855228316674,26.139161099620498,1010.956082190481,13.634719041312216,50.55417234297395,0,0
39.2981157588098,34.5509292023934,102.31586793258478,31.20205515759085,990.081244431575,1.505152026164116,54.521107881740015,0,0
38.441103259897375,188.24432701905812,88.7203435075201,63.28823331633209,1043.2617017170335,9.568736760817531,56.12056530988694,1,1
35.863448468453356,81.99594517731337,100.6179228678989,34.81407510760473,1005.4842190371608,14.444665123743881,90.39761718765772,1,1
45.937143875199745,101.74805788602839,77.179374139601,51.53901889034408,996.81777628802,18.12531585146099,93.0703993192474,1,1
46.33949203234569,27.674172362727646,102.01008255967635,95.86909848171842,986.1249694573605,10.372925788433385,77.90952558129959,0,0
34.67273481479771,198.6967043412499,54.6856038188194,77.1154168965902,1029.2591140196544,9.88200831516879,85.69838057113758,1,1
34.11541069225187,82.33015936032628,12.938840862233643,51.47308610803393,1023.3936454733284,18.425728233602147,25.167940386031027,1,1
27.43324310656759,30.79219882088524,82.88674730747626,96.81507440079402,1014.0952219848175,12.341530600124527,55.34899305004339,0,0
18.09595092399378,145.90076528587673,72.2459452259221,72.91814150850297,1039.881109302742,15.679215741220357,78.0915252154526,1,1
47.45143191077717,197.98699029259993,69.75392783532715,28.710529282493262,995.9129907775437,15.752022929232886,2.772532476184919,1,1
16.991060342465218,13.431556476564266,87.7242909993973,60.09333028505377,986.8897943520593,2.1123409052347197,73.22402502058891,0,0
26.23569336928149,53.06481401293344,78.27830418642611,64.72087140774734,986.2410641813301,12.829749416111762,27.12215203841182,0,0
42.81905915615144,45.863790061530786,19.060523445841877,82.59515275991,1020.7892030697933,3.6527795140359687,11.624575268993798,0,0
44.34396809703422,155.3196964393376,39.270884843959706,72.65579265706933,962.416018654781,10.140953180953563,1.8730292060419873,1,1
28.70606583225444,14.968564294281016,57.0176616188259,53.73453174823155,994.4385026638056,0.9066260409598814,36.16163412818324,0,0
41.47693471849708,73.78287467072401,85.82063431314968,49.55829789069866,992.3239441490186,11.277842256585322,95.06819368070825,2,0
18.810115632632932,6.582753732234736,72.95486205720542,95.9277671142741,1048.9723132554716,9.683284947840036,46.80816210850984,0,0
37.573731976081866,111.12695144099396,76.09056691369418,89.91995404303154,1024.630616948761,9.93754783373591,46.186445900016956,1,1
37.386061197959066,91.1412568840595,54.93352215187678,21.304472142920385,967.4064137407308,9.77027279991506,82.26534590503691,1,1
24.755445235449343,104.5286866262298,41.39545017110786,28.38431916316712,1045.82984830713,17.093477405006034,7.84924244669064,1,1
40.19255418638996,69.51598087150003,119.38197684741512,44.19188158631822,973.87384453626,11.357810966108104,83.51261633432041,0,0
21.73816051369293,141.88055394386626,7.368789976934602,93.51477944883979,958.1074916147298,18.28462752688325,49.08072494527028,1,1
30.683188947857197,194.6614159000753,118.84610132378629,72.01425007688096,962.7119291857049,10.12340171310405,52.916310095566246,1,1
33.00562498473584,113.89836770400194,2.24696565532688,76.8981825176402,1021.2394301952988,2.3093955035577585,57.02394424458007,1,1
34.89264138525211,136.49008403808003,10.247723056209729,70.12026458128771,978.0751950746342,10.14005980992344,77.33235527040767,1,1
39.69760777270547,23.780603535598676,70.94217445392879,97.52932247525908,965.6769437335003,17.0581417545083,70.2548080553777,0,0
42.09011595184159,56.391665428529095,34.5466715255811,92.48155646211904,985.9832032092559,1.2603078138562096,60.059670357945,0,0
19.368618416464493,159.31924828158165,77.00957310012689,89.97812041769666,1028.4837249782636,2.242272966763923,38.10706764344223,1,1
42.109608747010554,83.46829465326515,116.6838581735974,78.85923599147594,951.5499916690321,17.59971383121673,10.08047848685576,1,1
19.918330346303005,146.89848012221017,103.79622713165763,62.90797023196448,978.9049732945779,7.026310905063511,34.2889329596056,1,1
26.433733633332928,48.58193436432996,73.06405135550797,92.03242548520538,980.7082413083341,3.7338859492282417,83.85776663714249,0,0
40.962416581139614,186.1674063119821,19.862368272589155,31.540105129327323,1004.1429394304997,12.288673096701906,48.017344185958954,1,1
35.96383227133564,36.07595377501427,57.55365049969,72.64740487517344,993.2706449248703,13.588946716331957,45.11912805538396,0,0
26.675985329479705,60.72100941741847,49.30824707863056,21.847169814576066,1016.8525138446114,16.902112819605236,35.462709444311855,1,1
16.61115976496015,197.35511947711154,31.643790654128033,30.12968973526184,986.9752507973028,14.771140812671133,29.39165968905657,1,1
35.11461213718208,83.11199888742844,14.131679073194219,46.42296099936882,1022.4870505714067,12.240077946628913,11.9778379883561,1,1
20.7162843400008,128.1466718614891,97.60984971850426,47.957959676653545,1009.531075184345,3.4128717750421056,31.137633690532386,1,1
15.70945719855684,153.65518955990453,48.12117837275601,85.29004589231631,1020.8372996022727,16.57488531456954,28.56586695828828,1,1
21.478805564974586,194.38113653033412,86.07933444490435,86.72338143413363,951.3133373709934,7.089232405917731,74.28166905773317,3,0
17.729399154649418,113.46798591378713,51.48873209460039,21.409320571288582,973.5975577119451,5.695839781334284,11.185994634632246,1,1
37.10379184099311,48.479575250377806,33.314339954326606,91.8590878560118,996.7123092693139,7.842562939385447,72.38710383147172,0,0
46.83648289090192,5.007267247488767,53.78866158664758,68.86250848623578,981.856309812599,15.448154442464833,97.14770702702738,0,0
48.01995781875991,53.196507875988374,27.16059341249832,96.59924248169769,995.8628487431466,4.165954461693834,70.69969636304182,0,0
24.954711336632705,53.44939501421047,105.50988516933417,32.998332270152275,956.4392946466237,5.383728803433745,60.69454128382038,0,0
19.30807486911447,94.31893445535874,75.28045325103838,87.89895940745392,972.9869591202255,16.346926467655788,23.49062611312386,1,1
38.68682894338742,86.13471429649103,13.761749085440421,77.1410770257479,971.7762618549018,3.5324685204918294,35.83229285893832,0,0
37.865158566581925,46.79929575812556,22.03938465382629,20.796290057069147,997.1643097101723,8.572911386303655,23.38677436373763,0,0
16.877825740339176,85.85117491916738,94.58461332859575,77.22257050617415,1036.079488986017,0.19165375426311249,96.64193168045985,1,1
26.949428841960692,198.07955921839294,30.314335272212958,57.72291100625958,985.3927676575304,7.115214299886052,84.22820987482157,1,1
41.12466289080686,198.43028704600962,73.6217619261015,57.060528351560215,959.0073862946891,19.931228390277134,55.15306529322829,1,1
39.51671143915496,81.34847743826228,65.7258849815083,95.40621855143098,966.6419437931603,5.847451686605092,15.205972777803234,0,0
42.72755663316711,12.409052084365912,9.795797982160597,43.879529022989495,1001.4188180921011,8.12549601119173,4.481631067080727,0,0
48.512204525483305,190.57390407161674,33.52275878889118,78.52204922148653,1007.8575411383224,4.749533900112482,26.217155174161544,1,1
32.190361100865765,83.84738829947203,34.94751938775171,84.60092770441192,998.1462917637385,13.096961247782557,18.927350016787546,1,1
33.672768188077036,63.5952098893243,63.169633247385384,82.46606667287425,1026.8913210091262,7.084413560685519,69.42771170796391,0,0
47.945148263799695,125.13386598498128,17.809214805916458,74.3766903423276,960.4904386349311,17.442208175860543,51.66604958019403,1,1
28.479925770905282,11.401318929938476,45.69404815105316,92.25653343326316,952.0982996286303,9.492963155636097,93.11580911106223,0,0
28.819434991775736,85.63513749243008,69.42720662389439,57.034986686174676,966.8601691237552,0.3711107813972081,60.98116579787016,2,0
47.228230545273426,21.272826605433124,25.314326310330408,49.61835886599788,1030.874222902112,5.385206329419551,88.20544042787685,0,0
16.923525612752325,188.19132425178697,67.28964934485178,72.70221427901636,986.7689522536353,15.639885710221206,16.656625008440606,1,1
16.711913884747045,79.10338862151143,102.44348567772474,80.39414693101557,1001.7155970488958,11.442754943307069,12.989282629875543,0,0
44.423852801615375,157.3919365928394,78.77644726643312,57.29528290631507,1046.4459268279513,17.58063943752942,64.44304935146185,1,1
28.013034920105078,123.60445573630247,69.05291118367984,51.539359026793306,980.6673971688076,8.140215844746448,57.391140603339785,1,1
29.984719564888305,52.71489764027677,91.31559813129705,62.51739967659304,956.76751632256,7.36633011252251,88.49134572119935,2,0
41.43327859199832,64.64935678880141,112.58197824534109,26.128232668656814,1046.123470389219,4.9141018496935125,0.9094180302419264,0,0
30.183281278141436,71.79408593740173,64.69068062481526,83.74182884558763,1034.2430802150448,8.024599992233837,42.98457437063502,0,0
20.186220561531577,9.509521776232699,76.94579882820297,25.15501004421538,1023.3830119421456,10.78180290044495,19.85829782260834,0,0
33.88330302294274,36.59954332041977,52.64846490124944,83.9648252993783,996.1919293410638,2.9739863659509647,72.38286818229452,0,0
21.53689456945031,147.7099748740219,57.522274705899996,56.29934072754413,1035.1435037857475,14.172070486813375,3.291079695493926,1,1
25.36610101105608,174.18413216997973,2.199140225423837,63.62027570095763,1022.7825669173944,12.437121709691517,76.05322021044364,1,1
40.399214712016104,138.40613903062265,98.58478331107825,71.65525347596306,990.2418494256982,9.438182198291752,71.67247826814506,1,1
45.670711038337785,54.44376016795513,41.04921551652849,94.459151708993,1007.8511792409446,3.5792363427000207,66.36951389123827,0,0
49.67667544387829,164.69071289408,89.48893638616833,36.643732341301536,1037.6139784684008,10.51577687071093,88.92900220719557,1,1
26.543974029870775,12.410210527086551,57.11711623916953,41.58700838543021,1021.5229289776298,19.142131057120647,69.0974151151564,0,0
46.042687539822126,90.60480272024127,92.5968884634362,87.44347493373627,1021.0875627583542,10.155545721391292,62.586610961536806,2,0
39.51774484876081,50.61688064428538,97.14951130979817,96.02596311738186,996.5239315179936,14.021343662197548,73.7025905790354,0,0
38.17866416325181,109.4230216657271,105.79775454897727,55.914136741511555,956.1102956486603,16.891127514243205,67.39812723165507,1,1
44.72405192748763,27.70948848893886,3.6903528611659597,94.7499632306001,964.7728305850575,16.193046641409037,82.32099421806357,0,0
39.80468201921511,26.25244221857419,80.08783494729691,91.12692666614925,992.5531644800883,8.270337087571978,44.285830957941904,0,0
17.879516173667227,178.4051138059947,104.30194367766124,99.8327457432229,1008.5183141498413,15.023832729027715,20.267190630730468,1,1
38.36350863784594,129.94656975147814,108.1450483009935,86.46341782712594,1043.8466462617764,17.37666945403215,86.8693894898852,1,1
17.23031643410514,169.19239053919117,72.89740734037417,50.4355561412769,955.6514624388062,13.553475495360933,32.820175053761744,1,1
31.372169274511215,136.34568741102686,109.41294564289714,86.03495324839987,995.05971291036,7.755663148927578,23.977973884404747,1,1
28.03493629115889,22.20927745837966,116.53266100377054,65.91339551676631,962.7805842795212,7.0561201853181155,54.703914362065596,0,0
33.65099728243044,7.100673743726471,114.10092410749337,42.030054517995566,951.6184668931891,1.5288801790056494,58.019490324797694,0,0
19.822493223628392,8.344958570700655,45.555175969525365,69.82089538721509,961.1839804841612,6.266556643026311,41.776067162454225,0,0
20.581103422536852,101.21477969334202,10.22569042821251,23.721479707605493,1001.9835367155135,4.957939455017513,9.537380789802752,1,1
29.836940562067127,183.02814790347895,86.9030935984986,85.2492732277622,1037.1913988758636,19.452554827928378,76.3246573514173,1,1
36.29427726788179,73.08517606044944,21.79718838692593,74.93278991866354,1049.4949986121942,9.34717369237838,72.36793680928076,2,0
32.328235749760466,86.38668467269532,49.236673627189816,60.36997463453581,986.6895661865375,14.975466436436156,87.42720265915166,1,1
45.90098573258145,45.53974268516519,107.5090966477789,47.3240985484084,980.9307665485297,14.535121147964718,30.469634008628944,0,0
16.853824196339854,74.7235544620616,86.57587204300188,46.15667362161412,1012.9559055995146,13.202388885262607,73.37360117263562,1,1
46.39956632088277,86.51289985368629,19.971849199494848,45.51405723455115,993.2167255173986,14.277829386562262,1.3122125561633502,1,1
26.05248842039576,155.96851620386337,80.50292439968345,78.53919788684841,1031.1810769439194,15.664714377559246,68.21831661527781,1,1
30.38815363297067,196.71966577563077,68.28878347080885,36.22153674950713,979.2812855104785,13.871249119409399,92.47395651994636,1,1
21.255204522206412,16.46929914915727,105.78372576504073,93.22223831302675,977.63793453159,7.545714487424798,66.01879974978584,0,0
26.547550729486616,175.43174165401058,12.909444325663525,23.038577676815617,970.848620674279,5.7217555640993805,11.292659128887506,1,1
17.299165026922637,151.12154270035964,19.713187908270882,93.11377592530432,986.7999661448096,13.412116194426908,22.540211476880025,1,1
23.41129689721534,114.94184057351507,67.27715101751834,81.4983382409665,1025.7813305694267,13.413755293273223,44.9130565893491,1,1
46.1724135198216,124.51569804425975,118.82381885548287,85.54958543474869,954.4309811238326,6.411878141606355,57.18757164709517,3,0
40.25143382550205,110.06729955238829,94.33565069546181,42.61245222058757,968.3912051232825,1.078333675795402,57.33137445715221,1,1
39.10098322364233,65.22994342387231,73.6301021827052,24.172578468266337,959.9293346296804,14.035095445169967,36.80697052172987,1,1
38.496691088605196,166.3442240559836,102.31469249713402,33.77341163715607,998.6285572351346,14.67853447264973,77.39805962669104,1,1
42.46365932551072,45.63346687611689,23.1041781268528,67.20099746189567,1024.108579773822,6.382790310683866,10.470515686242155,0,0
40.08612340185272,59.9395662760009,19.963526917406618,31.817882271770532,981.4909547526717,11.85356131827491,35.84022386938166,0,0
15.723164805770105,19.381686935562215,34.86038966383429,72.77635857176735,959.8515073468534,11.213137070013637,11.988587082400425,0,0
22.406536457228352,34.43770551115255,8.067436268497259,73.70638539092722,996.3403547386034,16.621068817946764,9.889083998231696,0,0
20.065652666832527,61.29154627009012,91.90391843265698,44.4607058524559,990.8418707498693,6.032071325943291,8.022429180102996,0,0
47.88017680136656,109.70779841423777,94.53998258225961,72.66856737482368,1001.4254279061975,1.7935651331876024,64.27335452703043,1,1
20.437962457789126,82.87663387125532,75.49357721765165,82.57832003776987,1018.5045175708619,13.430670581092576,14.90422091752075,1,1
27.114498902505574,8.582454532038831,86.33722718117575,96.20687850539353,976.4110390179076,1.7539341832461863,47.55700767536536,0,0
44.98443780946491,110.39483905435594,5.613258022813596,97.94177924223568,1032.86499099626,2.631881541030203,92.17977565035089,1,1
30.7740901011816,74.37959811498824,55.326399663262585,86.76575654967577,1015.9479678286785,1.1849690479945507,95.7604371116171,2,0
20.172444671741122,149.11359034707021,76.33638365137573,35.00224383572487,967.073207611305,17.40655187409384,41.969492349959715,1,1
37.910177996094845,100.81420077133465,87.28242204911514,58.33939000314644,978.7379915255568,7.2676674199299285,85.90776944503426,1,1
31.381214252295447,42.689866448921855,112.15264656927039,83.72803651987016,955.5666146056199,19.978859239610355,69.49266964401023,0,0
20.609330966420544,47.43353625971929,83.09345774898563,82.38088442232976,973.9035943149806,5.139377077985417,30.712069487206083,0,0
35.93064276928229,34.363235660255384,12.509183866173302,74.30912712684108,1027.909793979317,10.018588088330109,36.383271026838536,0,0
30.12149497342667,77.68156677439038,115.19818898852103,81.44719241753123,970.808721485011,7.683783041079602,54.40122913631098,0,0
36.45450517222909,93.63677920575341,97.21519620143509,81.40848155665853,1000.5157918628166,17.088587735634608,75.10895304423859,1,1
42.250364705222516,191.28015588668333,31.976032945104322,41.411852989347935,1038.895225569064,15.44452746771359,92.65455414356273,1,1
17.209555611355857,125.55141545231932,17.355400574813693,60.31177586340661,965.5746931853445,2.5615701796975854,1.2168345382033152,1,1
37.05835843340165,71.80452333801722,12.622594185476604,45.82702221850479,966.8944091451585,18.833896630033188,32.00048857613481,1,1
26.688373315128644,167.97160067991712,77.7306913543205,76.81372859224011,1013.6001803988961,18.923925678971308,20.700083155804517,1,1
49.61637346145285,166.19123551130264,70.67671066516107,72.98972995169991,1014.8825876500614,1.167924481183078,21.80164985319386,1,1
48.65148095836622,106.87288577187586,45.40243239142944,80.96307707112601,1002.4518942655809,0.2632554286379518,73.62375967151179,1,1
40.62761460185015,33.02974242199488,114.7992106109056,37.912650523289145,995.7749367382199,2.2947192252182935,60.32823194505884,0,0
28.140789202002438,70.6346924419411,99.23722526651368,20.76493702803826,1029.7946770892422,11.428971314961574,98.6098513480199,2,0
35.63051272114872,11.075826829591584,6.077439173247159,90.65223890974656,1034.1214145511053,6.917801511640464,61.80324841811372,0,0
32.13569749694601,193.43281102721045,113.99530810522698,98.70712068326196,1036.6448780634264,18.191031815502026,21.72787787671364,1,1
44.08523761464211,141.77142264085495,115.53438105936841,65.70094627540955,958.5167166710556,11.94797782374306,68.65809280212878,1,1
22.71123600493499,78.82267670254568,71.8204096862016,49.92845898532045,987.4947717238664,2.661732783455948,94.0746723077666,2,0
41.26730345732838,0.2486877732204018,91.87359408265982,79.1835994126287,950.9730960155523,7.392085952275291,60.674769032553066,0,0
30.846272815031256,155.59722374410146,51.05499991613208,32.30903755630696,1047.641562427383,4.840799855520932,71.76923105413323,1,1
20.010470908242517,65.80252275678653,53.04331301165085,35.37856036216511,994.9959576368609,3.143256459835,55.90065389858901,0,0
38.229963838206785,12.486856805602153,104.53585452986017,34.811270803362845,972.5362425320324,13.22699680166126,46.875106043441406,0,0
32.478845970987294,25.630996912626536,96.68829862516898,69.3643396883368,963.5382043309456,7.47998734051192,81.04099327350302,0,0
34.892426609531725,21.729755826586093,44.73324549471441,39.415551876458764,1001.7465553653726,16.86722257743979,43.62671348044198,0,0
30.166971062891307,181.0701804654074,69.1422495008727,65.29528699179255,976.1909891875389,12.154454956742526,57.59104674173964,1,1
28.889801461965238,198.1391131798361,105.82691579377041,79.96690320614525,1003.7345588413001,9.241196037892605,18.489739522319937,1,1
25.70081159051183,154.79215996464205,54.449874472506174,90.5815613255601,964.7911136345529,10.16694192027273,64.69656840213088,1,1
33.08969597077741,177.84537831699743,118.74759381949677,29.26677266730958,962.995490407692,2.6064822712024216,68.11770960705276,1,1
28.04366334235433,146.66293225318122,48.656576746437445,70.2085377065651,1026.9858005678893,10.964318213098412,53.95035904500061,1,1
18.088201384997205,82.15634858188696,65.49325838699251,56.9584660533128,1040.0782000188426,18.13061264238979,82.19173805887617,1,1
28.1354326380592,143.45983033750687,47.434615328353175,38.60748791806073,984.2902643550882,1.4192926657107097,33.17775090046472,1,1
31.125977604141006,191.096178956166,37.60927034635499,92.19628313644165,972.8858275823497,3.8193779551849882,51.89954564321649,1,1
38.53789792540921,8.866450160456285,26.527903805666003,56.454693320105314,983.1004335983182,14.252421586966438,51.11605960413168,0,0
20.612568696136506,178.8930758630181,35.14868105800315,78.49048871715388,1027.991577910541,19.263154005122043,49.85074665241014,1,1
36.55424304125513,66.97525869590675,81.38151520944798,57.07067886930558,993.7652364724422,17.109350582322108,5.016884349868866,1,1
45.868684974115396,170.4139675657114,60.76395042741469,59.21622833645026,986.180736803549,19.883475833634687,11.116933275384122,1,1
35.65753324700125,136.3363180224834,112.11960098603333,82.41627974854092,1014.3847202811547,2.3362463362424535,37.37335168314674,1,1
19.859457489179484,176.24254649310274,89.95453866763715,80.60294294377834,1015.2256517773544,10.140870738734193,14.99710594634972,1,1
26.53932103467681,27.38315849537811,86.98957714228118,32.8183020817604,1020.2113550171686,13.845107791918094,45.93044789912889,0,0
19.73300289413183,62.96016522680734,38.411173089066175,76.03081065146347,961.3743019413724,16.581372924321816,76.1007290185914,1,1
21.520742136099585,143.83287635577787,80.22158177613862,79.8496640088741,968.8928555448695,3.1518064431293724,23.64839859227542,1,1
27.80550961021415,158.73299620716023,88.550872497462,94.03612738228264,955.8629559098615,0.23112562028371197,69.91388297007991,3,0
24.7750623527958,66.8157791067635,65.61624310974146,28.19304985014388,1014.269441654805,6.502948924623004,63.271512430099165,0,0
44.1902419575685,34.22226666748593,111.70477114974243,62.455051284995506,1042.2927765173968,4.154601644035562,60.456266460423755,0,0
29.136049106326166,154.84443823120264,72.70907318559556,59.56123655666548,1041.2985406431008,7.542341283433604,21.99802048981815,1,1
36.283541539823204,124.80568743456276,52.691354588625046,58.92880349515059,1045.95534142999,14.653713827936025,11.0601751482577,1,1
22.424552480471384,195.1153268871118,87.17586645522375,93.20361009157226,980.3861463988723,14.837337201731845,71.40027085235114,1,1
25.314149490378128,110.16326509014107,75.28981335243543,58.490544866197204,1032.7178706658012,16.65738083595979,85.06005483015568,1,1
43.1198249184357,97.61669543942892,45.772595777880866,86.51010269714965,999.0201458556267,4.927427972559637,50.73435323222163,0,0
19.964743767173474,138.32589811975978,40.31055379486876,40.852703875796344,1045.6508746234745,15.537619915166152,78.70695027239316,1,1
36.83026892477142,167.83456210205944,91.09949773960575,67.90189633068933,1046.1124401851716,3.8318989936884607,94.33797189947511,1,1
29.050335669960273,105.67979668029733,14.728718345317073,63.20859511374327,1011.1206751858193,19.95403083617048,97.51924110715265,1,1
48.82390521560006,69.67761202041147,118.95197984940522,56.43825212760887,1035.18362587619,4.32639938037944,50.583317965660235,0,0
48.81042336446619,189.40627938468552,82.0481853385712,83.82514580424478,967.6426696602401,14.433170989683148,61.80508083353723,1,1
18.20431075129361,22.631801317935253,13.013234130151424,77.94855478638685,964.1715208247573,9.354645422289408,35.698180587775774,0,0
34.26764492695762,141.29529744388057,82.16670446655985,61.24159327315013,996.4334873610386,7.956311902445174,86.19099483043794,1,1
26.579813170542575,51.87316423349897,89.19785923863256,48.78107693573811,1034.699859975727,6.5577743727428945,70.19448245745882,0,0
16.57881521998676,77.112576022064,41.187620996106176,85.33429914207387,1046.705540322831,9.217625533859229,82.4836277153758,2,0
39.48931453350778,193.47719753273864,97.33302172113896,26.198245277098444,1021.3281722382236,10.709994308447472,1.6436057932327164,1,1
23.79595355539053,184.3510490053786,111.12736473441035,83.90803681605075,1048.177960327799,16.1309044924841,1.0204187285245192,1,1
25.07420191055291,6.124836447552573,11.292956248507133,37.507265356062085,1000.3558546325522,16.950640069240354,86.1966756157108,0,0
36.56706504950537,185.635187813247,60.007479190824974,91.12288353065613,995.4065256332012,5.5445001484376455,91.64129181004277,1,1
28.577727648760426,100.68082176889233,39.463275903681264,73.02700802325839,1049.5031225006035,0.5102709772953928,89.98480060071014,1,1
15.137411994624289,72.84557622924221,20.232816754741716,80.5873424538041,955.0610840757173,11.069699071686559,29.492613384531264,0,0
19.678458710264575,154.36364242052815,26.090020110630803,37.894016964395114,977.5076785137923,11.735335276560548,65.96659316907483,1,1
15.616088329547074,48.37392722275806,51.71650110063394,46.55815617289865,1038.4170658510886,15.754174617728376,62.58902155388275,0,0
26.831484559896392,140.13446896923196,101.23656154149533,67.58643018871894,1028.4461466893379,14.982099227994956,57.17373111603222,1,1
25.926412588752882,149.15643160025436,24.815563962912776,82.3590677177227,1030.4546692142533,16.442897591407462,47.29159709784576,1,1
21.73682687196476,19.944720013213747,89.20335005855091,90.90091076238505,1015.0838358836907,2.883201207767392,93.4896448517574,0,0
49.61857050887618,86.67572198698439,71.37903471285254,82.17828160013262,1023.6389790050044,19.355743838668985,11.48830910787889,1,1
35.325370314998196,138.38628393461843,106.8118109025204,89.92877021745205,1047.799979356129,10.241569078753582,83.07608668132266,1,1
29.954859784456467,84.46277557120645,30.401803736743084,85.45898296153838,1048.5815105813515,5.126834566945158,5.6131588021072325,0,0
43.54398530966526,124.04601050695123,115.16385606612053,40.17913752615618,957.102765800128,9.84884521733003,8.546602296514749,1,1
24.162650038594762,25.195572163833656,26.895861559209443,28.491572225711348,1045.3905999427286,5.57125426899471,44.389758599256545,0,0
46.45141326719778,135.46431759229486,74.16449766741292,76.44505522886698,1032.8822257105383,17.553385357035218,64.26396706650264,1,1
46.150254614292024,107.07950548509537,33.274902752210814,90.40613671070756,1004.1472827413087,18.122751751344687,4.016781395058122,1,1
28.91305130394324,189.56100367249365,29.95801113099633,95.32289968307941,1045.390246112925,17.64284628451722,56.36680450932987,1,1
37.64288071782235,173.92339968997385,93.10764988670213,70.40750795643292,1048.2259407870702,13.713532726673883,97.54819924477611,1,1
17.008596611248176,27.79207414844249,54.17506152005887,50.790356870745214,1028.2734841357028,3.212280529384075,97.60951791114886,0,0
26.02730563413199,85.78474154803189,32.969403892802745,66.34908938612378,955.8628700422584,2.9935501114089758,74.57977034187242,1,1
21.527520419168138,47.102890311332565,95.15786828698053,27.46409426858029,993.7473822770841,0.46126773994453973,34.680739931790384,0,0
39.464349091376405,18.02065594344566,106.6001552134512,92.75992343525728,960.4990375125135,19.814648727515532,29.75295533954889,3,0
17.94355848960621,1.0134228994524541,49.02274749166351,70.38479885648941,983.2179249903313,16.734347309492456,71.660627556505,0,0
27.255653618881144,146.86193332172093,112.85852843630998,27.447679883441367,980.6103960157617,9.266518782333865,49.79901277547686,1,1
33.97684757101258,60.12538130772971,80.07115751788189,71.60676028238638,1007.7821506271614,2.2752344342175324,47.69678910959445,0,0
27.467941062128148,98.20769396762452,110.62397226180312,58.442507452672665,951.3980791839512,8.776734761682619,82.06481800493822,1,1
42.30213231263589,102.6780147056362,29.972281543117838,57.20709303316361,1006.3702219418192,19.997428765482677,64.41780901693774,1,1
39.29927255219147,98.2908287136104,42.53874609390358,85.03623869177648,999.4932324339236,19.893802599290503,45.71205742680441,1,1
17.380009927665206,136.51562741801655,5.596974111097328,40.040127750776264,985.3738252779904,14.789671712426554,49.423592640761285,1,1
16.002607595858983,123.36997025518444,49.37234849119948,93.74676079736857,999.9562311140236,14.17950291878678,21.886849232954685,1,1
41.634074758607866,144.19106209673447,108.48980502495698,22.705731337535937,994.7500697617451,13.583108054792604,9.516390008021503,1,1
29.371142350211933,188.42932061323907,52.31213890693539,98.83238267845051,955.683906107982,14.356595522817825,58.10162362482695,1,1
32.51888869962439,194.16948029700188,15.558048058935437,91.67991613447307,1019.1240411136611,5.1799214659926545,90.16691456322934,1,1
30.025322125135464,162.84546561461417,46.660382045687996,88.07446619465928,1013.6629118445048,2.820932671674543,64.96631634695275,1,1
21.697066694565542,82.38452557883254,20.435470110244047,21.761289253369487,971.1886539449957,10.727440474482515,48.156096777734604,0,0
32.55239834376223,49.537375689320264,82.21934407370235,76.34106294562767,985.7967825559665,17.623401769483486,64.40232166355479,0,0
39.95637463405211,55.467983587787884,0.0733962186704451,89.23004896816876,1032.2424384579808,2.463837760856604,37.410513495630646,0,0
38.14687579360039,130.42217144374564,103.24204017702678,31.221452930834282,992.9939747785119,1.9444883585284956,38.959524843862816,1,1
15.528760595569654,179.6546130220254,63.24527961944173,87.98418086418829,955.9904701003363,4.549162209458412,25.937999522118062,1,1
28.534202312357582,160.57327447950922,46.38694484777912,36.37228237170616,956.4990260338768,1.5898349670537493,76.00472059609774,1,1
30.568104686282155,145.23622440000307,81.8744546116437,30.828996940820623,964.2887934192267,15.106840308682678,72.12682934854172,1,1
28.231076840600863,15.484452666568016,1.451762603814264,43.052555956939585,950.9222273587227,4.601452422074068,41.95007402113385,0,0
19.249551785918396,20.85555156630925,107.57249228624839,66.83760232183114,1043.445568676278,6.916523275713584,67.71449373291631,0,0
22.164208611762664,123.66806345598825,15.550287601198129,20.16645113410286,1043.1531801409578,11.097887523504186,92.69406627820395,1,1
26.684103329572523,65.55721383235135,48.0786002127638,76.48327871665346,1006.5808634186175,18.507098141982357,2.5440901132439353,1,1
39.78685782903878,66.06553787331086,21.62803821821534,60.83164980160792,1000.5063784179996,2.740220573768568,20.189605613288986,0,0
29.285763271554423,81.76228247846306,38.106976754362165,31.883612120798475,950.4373679100979,19.40470124856041,94.3499229703927,1,1
31.927763271164732,199.01035065500113,80.83851969386919,25.508603008603323,961.7718199082627,18.322216877392755,63.00522021496284,1,1
44.511426933007286,179.65392992676885,53.75304135388633,23.882076126135445,968.8280348897322,1.331438946048702,18.873984569850734,1,1
29.368652425955688,23.639362102997087,20.007989736641193,55.665742565734334,984.017095038849,9.35316248376082,42.917202775906205,0,0
37.55673090929592,187.4379097751709,12.943720613309097,27.940811944735593,1035.2806111090902,10.127934093049182,76.64050235684422,1,1
22.53976662625485,165.77251463351035,110.86159490312352,70.83864124371905,960.5879021473802,17.905896283126776,79.24877273700713,1,1
41.280722178007146,7.345637781183112,95.87550303083654,31.03608083746856,972.2386176196889,11.54269669738515,26.498077291688304,0,0
38.14718722091719,121.61408953981632,12.977951761591516,72.4811663673205,1042.395490982493,3.2221981037166625,59.70620209428874,1,1
26.965288017784292,91.92233435472079,34.440021489476386,48.33045090781562,952.8911823266558,19.631034758344413,62.479992207274826,1,1
32.52469566728598,76.74306990006534,64.72494705888332,50.408479897264314,985.9907927493673,9.278930834440262,27.59830336711908,0,0
21.30174649883749,111.3211796360587,101.13185233803613,32.22625421807138,953.2734340604219,4.936234903080723,97.97206434538109,1,1
44.00653258101688,119.17321070571931,111.50986982917631,55.62232934697957,1048.3280602575173,5.926040902385681,24.03057495159391,1,1
37.33168704014538,75.63079359007207,75.16386503715094,44.39964146421487,1011.7918256837991,5.514925211700728,5.097206881888994,0,0
46.92475656731142,176.64104037469244,116.49577791272063,77.32217409771238,1018.2721177735303,11.180061401496616,12.594241635252267,1,1
21.623235883224453,57.89393773450724,106.81876350880732,33.83756196824601,1042.287317448789,10.455714661028344,71.55696354730722,0,0
18.858557033819828,53.80670975518218,115.02223298177115,41.29199575437851,979.6521720391146,3.9519476968215894,12.907366530682951,0,0
23.16401745088993,128.46537839015969,54.64412802042762,64.30046690703189,962.2364828766024,16.042328943258003,78.4094700579848,1,1
15.755646889993638,76.70301890206099,8.252472236537738,83.36846235319665,1023.7269683125704,18.039761885863122,23.64039589531146,1,1
30.97035590947296,36.89757543287955,44.548192136894336,61.779460125350724,955.3330789838589,14.297408213547705,54.329336037107524,0,0
44.01356560237357,54.35610023823945,108.39853263231053,99.89554024243547,1041.9298438377675,15.557849516663083,81.23688028737807,0,0
35.08104848906052,38.0307725825221,81.24488221772607,77.02024016479453,1048.5385140267906,10.826026325126437,27.13690150250564,0,0
38.92853826088273,195.8751639332909,21.265668992291282,46.079833482848215,1004.1880953772682,3.4042926976400967,2.2220639519938357,1,1
26.79440928544377,173.07416030021162,5.216207918845779,54.3143247213534,1026.2200772926083,19.063651938217706,98.54753990044323,1,1
29.768928321305957,190.07685887582352,4.250276793703649,79.67335503988451,1014.2746034633612,4.990437151723047,50.73185006796489,1,1
19.534380821617347,174.3194301903122,42.94777026547776,70.08355763725731,965.8776286287263,4.123296892624142,99.19563708031521,1,1
41.35802380544652,192.39437395481417,35.5021398254453,33.16503012958563,1000.306846347883,9.893365644546869,17.494651375798785,1,1
40.66268493534936,72.35550688774681,22.363827711662072,46.55867156346307,1006.3658699635015,14.529418643608864,48.18908860574845,1,1
33.39582464399307,27.78918718854968,109.76291096498785,94.29793583936356,1018.3426590418004,0.3526281786804941,53.70742159033261,0,0
37.02266402310147,198.930844591622,119.52803462337562,88.6088988260446,956.3830992026113,19.065527815574598,61.26612471519991,3,0
43.03103696677128,81.43856993717071,38.36033654815077,57.05953163870464,964.6874512968827,7.141322775066121,85.76174997682786,1,1
16.328267019130852,30.175609364920895,15.013939157938264,52.246043416018246,1049.698690089086,3.4671586042276537,14.548264959926016,0,0
47.02695054216541,176.41010339319314,3.868844399586533,80.1364768143452,1015.5465701476429,15.35481619705418,49.45024547959221,1,1
49.698272645690345,8.769403742192639,28.124590368456687,51.723678957889206,994.9777941565703,18.42734805399037,56.000436407725886,0,0
16.578884843213785,81.57259268513238,49.97884948428839,97.23927507502279,1009.9197091021108,12.713021423178777,71.32530312512708,1,1
41.95137604887431,127.01021404049784,28.46332213607226,89.92367314729313,1023.211980041063,14.837409701939118,99.65567392347492,1,1
43.08842872021606,165.83028063103063,114.16866188521901,32.09071998791151,999.7727376478068,11.611340471815751,32.927572922245766,1,1
44.37911703630769,152.48392432914468,86.50596894097488,99.77195518065335,975.938137340839,14.709145033508426,55.14044749059006,1,1
25.954621387285663,32.11737414462517,107.50606044810566,67.63643861662763,1032.4933837640795,10.906899680030897,21.997708065401955,0,0
26.814208458511384,76.30776849470931,116.75217750044428,20.4506622705106,1048.5666023024507,19.609232702196614,99.61507905301366,1,1
31.680586262187212,192.7617939241999,47.47190182197928,22.103555253470937,972.4347186371765,18.905924898747692,1.376469333539998,1,1
34.10979473980413,15.12031777893581,34.36758941130942,27.047428056950935,1035.9528621113056,11.821414192954116,90.21064657183129,0,0
39.09236198390799,194.20582624901994,61.18531857124879,71.09684654102996,1007.6308819889057,9.685208588932255,84.59593654230126,1,1
37.558379748462606,160.26245297109455,94.36367239228959,35.28361285242362,1015.0163532517644,3.9929603836266825,58.332047824377085,1,1
38.71021395562052,199.44701431751736,3.665037377968603,27.299391529097676,957.7026696371231,7.967225725334801,82.15883614858137,1,1
44.541971647549744,147.39591914423033,107.62538901959373,45.8287955335562,958.81546442523,1.1630605597970023,85.21327196193863,1,1
40.56527030237919,139.7230612022242,40.76116062548026,50.3924150894581,1045.8113528899319,1.2760948819587004,77.37317369377926,1,1
25.83716632979376,7.810923682511217,89.10841328909473,46.47295085426997,1022.2147518742796,14.153087662362402,53.47868754331151,0,0
42.20805952236921,116.20766483424869,34.39642234179128,78.72922408515352,1008.9139815877724,0.2545456337984109,90.16441777703093,1,1
34.09752664135097,173.72545309590635,105.92842067786935,55.59733253880708,1000.7659996451231,8.315087753512039,44.94367753080455,1,1
46.330150564010474,157.6288027935822,15.183081157869358,68.82462252320767,1049.5906640386343,11.911014024649715,78.58716255931056,1,1
41.917151568340984,70.06350517446572,44.621916324475066,77.92611374323226,999.9983531604835,11.41141418260776,71.29057903648376,2,0
42.215125946366754,54.30331554661427,17.615251132435553,43.34357173789802,1000.7538325092075,6.842826345940782,56.83627588475938,0,0
16.871300344396996,101.95008232275345,44.15818883252495,62.773340391430594,992.2533354884977,5.684517012750849,90.41079054576358,1,1
21.46677459474749,136.27311511611194,110.9573655098897,63.093596774834644,1037.6408488579482,2.4970295686656874,49.37887702564081,1,1
30.995884816832877,1.6237614073989715,53.19088096312014,49.522380510607825,1016.9798727774615,18.76659557153037,8.579108826203651,0,0
26.46167353501181,88.81294747885038,54.622245364125995,81.9847776673803,994.3395665833441,0.5432260290730673,71.01040945928312,1,1
45.96903933009851,102.78094250993458,69.73302260382064,33.03491511752369,972.0645944678957,4.703404782492235,43.07419748812953,1,1
47.485082731347475,104.3569533429772,23.051717424162316,41.28701886951597,988.4015029727184,12.465179513855988,44.00331530040054,1,1
28.735569546192373,112.94572007979895,29.020199394535858,26.312261806766575,952.4414314822222,5.025183269342541,9.159203414446871,1,1
26.771922348226838,154.5867080719511,85.95531965842059,68.8742098230423,1035.2500243879479,5.641352490885534,88.50537530299657,1,1
28.97337093842127,80.17866365332532,48.64219363506258,27.847549299278516,1047.5490498331055,2.7701355565031838,34.088572446918455,0,0
26.1755112114365,14.935886563341928,18.2712156134252,23.588666894830865,979.2404493560514,17.33313848057813,33.94422057373845,0,0
19.329214122358273,129.1387736767836,119.59210944658926,38.5859031625542,977.9571005370569,19.43694108561577,17.877628755048715,1,1
32.89249236107074,47.930426603218976,111.88222774814926,98.52168116610352,1031.4697846120016,6.295676316256211,40.3487475280505,0,0
23.48069892832475,178.1515934017983,109.74699332257897,53.50965297968378,1015.6533069903002,3.311063595493877,43.493590036340905,1,1
37.102468733572415,77.08062370360392,42.91194308237519,20.079919381355413,1030.4293463777115,17.786752240428964,96.94635295458322,1,1
40.174498477422546,109.75846247397692,32.31414237704512,99.94395807707987,1008.9752854532105,13.623081446608925,68.24061619553177,1,1
44.58381285150135,1.934507769383842,26.42963285176462,73.24272001360112,1039.5145736824568,13.706775638427125,41.34912914936801,0,0
27.654442355459153,147.5896016566641,88.94852365646321,68.56463940045523,979.1467024097337,18.503096367810873,55.18799421186391,1,1
42.667232468691566,42.86165243236633,41.284894633767344,89.9663613109874,955.0107029939968,10.246306225133242,48.170547984400905,0,0
41.29305661178287,56.37875411986648,26.288018623151935,94.0906271018587,1007.1709651958465,2.09379136567309,19.303616221432108,0,0
49.958912082998694,39.121799250438485,73.25706136244145,53.61024631964945,1038.5599094849836,15.103371845906555,59.69513962618158,0,0
15.375864362929388,175.95904149869193,53.36009650064595,94.52621224148612,999.5539012854201,13.88448978365451,6.929264946664215,1,1
41.080307873437505,67.59920626238458,42.163081719813704,29.492467576751196,964.6857148640203,3.7151811241242028,32.82061685714224,0,0
46.21894694714619,73.6520476460161,86.92352478758622,26.619800311189714,1009.1098799271992,9.63782462540879,97.79579469545045,2,0
44.617271945763704,90.96595448772995,93.01713168544066,35.4430993035022,1006.2336327391778,1.4923811113741636,34.80890322516831,0,0
22.90517635677596,143.7819630650422,58.81088294572337,80.08563830784084,1001.5295437631446,1.7296888430327706,73.53676497325267,1,1
44.1630242395732,180.70624518255852,68.63903343680498,80.2868287199596,1025.2044336882627,3.114995195978887,16.422068745957073,1,1
17.480992703319416,63.982727028060296,56.82103052892774,99.83182822033736,993.0993342068169,14.524851770147418,69.33970262725346,1,1
22.156868258770285,11.701430289887282,65.5208101840305,76.02444738515808,1049.8251790186257,7.172221045623415,89.63645620810968,0,0
28.367635955421527,137.88234168610256,71.79035166204623,24.238303464207753,957.8388426970258,0.41528179448921954,37.083408459398946,1,1
41.10303670681037,34.551078798144545,72.70235620606749,43.10622240248623,1029.6992623979072,15.967922980059818,77.54145149664235,0,0
33.36917298304819,56.913342015970336,97.13328526543614,34.88804495513932,978.9759602028656,3.6789541232124323,67.42101603876478,0,0
39.01826098405363,130.50199855735062,49.87217602376014,28.01368057611466,1041.1169584515021,10.154619280244763,40.69721949110915,1,1
35.60887126369026,38.55808716382116,15.905853492584928,52.44201771663548,972.722069409991,4.885805890743291,89.25114877785293,0,0
33.57657120150387,96.69381286467022,82.73755124743168,96.12384909413917,961.2198564470564,16.670691342185144,58.40191798678459,3,0
20.115787383414304,59.42986373779833,57.883369975768744,75.29417156619384,974.2607016953452,10.697576309351797,68.46716274158618,0,0
30.70592627966272,172.60519222403516,104.33509234084853,57.65529741123566,1047.29257104089,1.5117018481089461,0.3362378322936621,1,1
28.323389233137167,120.21941227450186,75.5040188939593,58.11565890350629,962.4883313240646,3.4099504357578847,85.21479838520092,1,1
45.376889610874144,134.77970757214405,79.70615667346588,67.8145702422246,970.2925885701989,8.565014005198064,69.58946514633787,1,1
33.80382952011685,3.716066811019836,114.42681680641181,87.58528420577147,976.0545014109738,12.329178703325923,92.32393837281877,0,0
18.3603854239778,100.60589615934012,54.74916310155534,52.816400422682584,1033.5588608892924,7.612922933949147,6.36633332410076,1,1
17.30432097575059,8.548921304921798,49.097450624884466,77.4725022158688,970.3722461930515,12.929370408630989,68.70884721037042,0,0
23.932074340545928,120.11153121212585,82.18420080322169,57.329089824170055,983.6716597280096,12.383031031486546,97.7847087328057,1,1
29.939449327914232,78.34701925702421,55.7120282911336,26.097471475603857,1005.316327967139,6.573947744345272,12.142212233126248,0,0
31.318985939108067,0.6767973147954853,48.21422941953107,28.45882143411604,952.4292703399781,16.48950092489004,91.62488032826349,0,0
22.268612692568734,107.85965276685225,33.354978855718194,59.486195093774576,993.663132089416,5.381021101609713,70.03935796352977,1,1
19.427183576208897,10.614556434273425,92.1210519644735,73.27440249765439,999.8526124146398,9.355795409450831,49.74113794914262,0,0
30.29584266345355,78.57845916623583,59.962872346334436,62.28121369278084,1019.1902314083621,14.224143214680451,37.762908014014464,1,1
29.473918296022106,74.7394339472446,64.38429283508525,56.268283033135624,1038.9596463136193,13.927225338329452,89.86563837544456,1,1
39.81979470457989,194.19842970476282,76.28841339063229,97.08401105304438,965.8169890409426,1.049553616588077,57.91251852038592,1,1
49.42226220299212,83.52104946047936,25.445203463155153,61.72331593548112,1014.8798624578889,6.303573910317779,71.47693584992595,1,1
49.1290077466004,179.39262434212338,34.990244821463435,46.13789465156786,987.1541224449588,7.891055567872907,10.031949919327943,1,1
41.66869936112512,73.06785272214009,105.57839720465427,94.1552498496087,952.4431309307688,19.770061398564124,71.00227315001845,3,0
33.21372790975368,77.90552167451065,62.22217591316555,45.96997791827555,1012.2687813696548,1.8596055288958246,62.11226029118102,2,0
24.637069754845545,3.5269658104692736,66.32469193954532,66.27582046821571,992.6569004711536,1.445724651006337,89.33429528041916,0,0
36.400078252976115,23.142659913793917,61.31166919129772,59.78034527587772,956.0401868792927,12.13719407205895,80.83263989215645,0,0
41.21528189869673,40.59388283283667,103.47510354650537,47.403373252748075,1044.6508378291942,1.4349592845142745,48.62086885198427,0,0
35.899353201214225,49.530019694920945,92.56562264642733,70.15165438485737,951.8109437287956,12.167371813924717,49.14782344184464,0,0
21.86102205962277,199.1496454119059,107.65946337931379,43.400615602325075,1004.1070920798617,6.330042798205815,77.54957516360781,1,1
47.56160016187593,71.7657213828767,96.67010989723529,59.87260341705639,989.6578561311577,18.768437041975396,51.040468871903144,1,1
31.35936750901127,134.4868803924686,31.34810412219413,45.98342966306526,1043.2045836238622,13.570596908738848,82.66371477710057,1,1
24.488911667740037,108.75803798597441,116.56755203873979,45.496311922257405,966.0476476317042,10.21772016449328,38.78210887248762,1,1
20.585203147534976,177.7102765406736,118.88686926645335,65.48657445519981,1027.4676768373454,17.18076739092599,70.09820060218269,1,1
16.54546171891059,31.52684634336356,8.518702938166376,20.790368531364525,980.5996408757237,7.847119209631195,24.10297323359257,0,0
17.261162683021233,105.97261816733553,32.798318394857,83.68297238908498,950.8052621625282,16.850541025752207,95.47536789459569,1,1
40.06472721037493,146.72881305251332,112.02747739232798,36.725702824027934,1049.4565568208577,15.469624067570837,72.65707083277937,1,1
27.638170264835246,109.1554970811221,78.47013459280164,69.62742890537727,1020.4984638477581,1.6476347815682124,35.56484328316968,1,1
30.1900005808417,52.12585957499329,20.71527243230685,31.114198393029024,986.6383392256585,9.868834011251318,6.297644014666071,0,0
48.126033310669236,153.04866457215167,87.70221278225598,33.82884199909816,1010.3800768012189,10.594498936173348,98.24688457866938,1,1
41.16851195280553,115.15237674324624,102.09751997641466,32.40754166885676,951.5216529690978,13.804666668290464,9.831146023723747,1,1
19.040177399422824,148.9361452849061,32.46418129607869,70.29049724551143,1041.740692609275,6.3294906327571665,21.714415783991882,1,1
18.72970093093681,26.092472283945224,7.4667234454611275,27.011390306379212,993.2004588809154,6.417300900479395,70.6560814322998,0,0
45.45845803864506,156.95464062847685,63.67647079987827,28.195369298612274,1020.9767283941553,7.256574494537471,8.565039391541019,1,1
44.486324252441904,67.64330343650111,26.189859901388562,89.71616516950745,1040.2133868447004,6.779416743831197,35.48014192813734,0,0
35.28699846541004,146.68829876213164,7.577904228823615,67.46749257507773,1045.2820061783582,5.241877943599073,90.88272140969337,1,1
48.25589192670828,53.83072819421795,90.50422390624206,39.1020006655648,1023.7611161732133,15.948399425776518,24.720570371064944,0,0
40.05543402541322,162.42090777281797,43.02946465282941,33.416222079178155,959.1964567317514,11.507634072198838,97.80981193157132,1,1
43.80326120077757,87.16792778691055,64.39450834259503,42.362230832945514,966.3065867360064,9.641623164645466,46.35015661671852,0,0
33.26754834813161,190.56091711278816,72.46743601737266,68.46174692978991,962.8024762861077,19.92977732353641,77.28449442346685,1,1
45.70211704329017,82.86008236619881,60.25537149427499,61.76670473298212,969.4094539289605,13.789783126539144,90.29767236174567,1,1
20.729703634844665,17.2636546972329,88.58626866484106,41.85614653383857,1012.386254161733,13.915166759843613,32.19107635818218,0,0
43.53006090990245,109.99779642284338,104.27992895421633,81.06348420471579,1036.8575632037455,0.4032276423578818,24.350626073859473,1,1
18.15027791560785,88.41660343786984,106.79521459383818,57.403220981349534,1034.9713044580394,6.543564760386358,33.95700728052524,0,0
46.34466056144072,85.1634293023403,94.77185853535997,38.93148383055211,1044.8800829677634,11.491564930611421,75.93235685784019,1,1
18.13304949282099,98.53284516610574,108.12461972808279,90.16309032346436,954.6813957234227,6.073969382578934,44.33200064790801,3,0
21.029268502452588,145.99966219799407,22.141439471845388,47.731175549590894,1016.3280636857818,9.641786890489598,73.85710386348939,1,1
48.64227654280009,23.309337543039497,85.14812596776731,38.42753245056916,991.447672740757,0.6572545159027965,13.590738229269894,0,0
26.192205116711488,68.39716105759699,107.95022597545149,79.3450327413212,1047.2182968187042,11.981430206704811,24.171373209131797,0,0
26.4679260472575,63.967184658393414,39.17931931959019,73.83713384894526,1003.0807928090417,7.708483561732886,14.90897687287166,0,0
15.774870702975107,43.76693551753852,12.896568476241752,82.83560246817915,961.2497957813886,14.484564746136723,38.56586897760826,0,0
17.568243641032158,162.54600988631717,69.5556684283936,38.860921029085844,1039.4681174332668,0.9051662774110292,20.18196081977629,1,1
41.32164247320513,141.87558606197783,34.71260324693736,24.96199002822265,1035.8078072224944,6.273952761398052,19.571341492826523,1,1
33.0621637826342,182.04543985648945,5.225589341205041,81.26432704247102,1007.2473227938709,8.50898233103634,74.40804441050601,1,1
48.80385485545713,45.84124223253821,17.237683808654353,93.03053961781576,1016.8953077457304,8.75972043123932,57.32595702642831,0,0
41.09648668116854,154.60637974114343,110.38730169827575,54.147423111649815,979.3410910019395,12.793285335796838,41.57278992795304,1,1
35.81094588821423,83.99715969119003,18.35949440138094,57.554140132716675,1019.0917821941033,15.985676153352998,49.332627679654685,1,1
20.78332615736403,82.93754192988632,94.3552714610038,53.02874164936583,1019.6530793604222,10.144273633561795,24.12231251093967,0,0
42.8652677808076,16.842690814137406,62.98683393061807,36.711282739472395,956.7065628541376,10.058678741664977,49.95621559349236,0,0
39.74153155865023,148.95013861038098,87.33497864314761,52.7646986333404,1013.1689787226562,11.538904852879206,42.15617561169196,1,1
35.90244429650976,189.4495753412525,23.14724924176528,92.4617676628421,955.3455513983198,6.167784258033214,28.814524861152822,1,1
36.9227787758317,26.244990355458064,105.88171342077045,86.2841126772033,1015.2065819685278,9.168276635843956,93.29560421420784,0,0
44.076129415219455,99.86302961624898,84.22480253451735,65.35439617437476,1008.7942238388265,6.619521388749425,46.208460462489676,0,0
17.734250077641047,71.4697383329185,83.49942184345824,96.2572824404949,1046.306411276302,11.114457382497832,60.66222518095821,2,0
21.500241492533863,139.06162161870614,8.479055120926349,42.77485486395556,1016.8363347285442,6.206202630869786,4.984687411445432,1,1
44.11546432728373,62.06600142691261,7.572626983041411,25.983053160229215,975.1758798788753,3.560318944430525,77.43001177801509,0,0
26.258941633346204,160.93915700796651,20.861519738778334,59.430334363526704,1018.8037133553129,13.039817077317098,60.112940993026875,1,1
47.368756067590944,45.70502954134887,59.246304535452644,90.7194040057927,957.7893765595157,1.117765365061505,23.33022875582914,0,0
37.155742683830645,51.97592528996138,22.828786057055876,56.70418522866336,1011.3598068769411,4.971154140334808,30.069118672374206,0,0
36.474575668402984,189.14768439789054,80.9690072925706,82.6323314867648,986.6810094755468,5.445087187689321,45.426774320262254,1,1
43.249649004908576,91.25992835811117,101.60704905478332,99.10175845561017,957.2026665730336,0.9082031216740738,14.958970291336183,3,0
28.452938650702116,26.208441829086482,104.47973731425071,21.851700082165102,981.5792716335823,3.693892589884107,93.15393301575324,0,0
38.43183517115098,182.4060512902749,116.67944523724721,59.76785949418954,973.4319108048027,3.8745757239317857,22.291886168584053,1,1
39.8007657667701,8.089145624600146,6.163328763925784,68.65143539065201,1014.2057146737407,13.305258486449201,37.188050458859124,0,0
43.20807110499536,106.72491754532352,12.655875601130333,83.76794456538761,1045.3067786270458,1.2007262600471735,39.13513387005799,1,1
32.06306156921617,29.29415201566339,104.12507373394526,42.73197159120352,1028.300853993816,13.419889640566321,59.804582246702346,0,0
21.724999704379403,44.14070411018114,5.681808569588318,39.25699438258131,984.5443609460514,16.662906077248508,36.63926667148053,0,0
41.41176239679622,87.88845625909751,94.18419743926661,98.10172803496319,973.9841558057581,17.246832239277524,62.18240863057747,1,1
43.60529915560292,130.31718045356104,50.87394087289802,38.24599515534323,957.0035225331166,10.71036728921434,99.03260945268656,1,1
40.83146317549722,65.46910827980332,99.26457601040823,81.51872001411252,978.1635793353457,0.2861497958846937,11.81626385339496,0,0
45.705716660922015,167.31260706097436,35.425080105403495,42.815634102753634,1029.286498710247,18.75474939790844,77.91372567975999,1,1
36.19525369607665,48.534270066360904,63.08974969143128,38.68094868746117,1030.8011420096773,7.739221590354745,83.36972169940262,0,0
28.356322629395386,164.82988103997826,39.99813781982903,55.210616369413586,1011.5488419342657,1.4057522805983735,94.82070618154644,1,1
35.07620251433311,101.56400293816046,100.72727653438945,89.2610183917462,1002.2260404529015,18.545246515872748,6.4737766076480625,1,1
18.962902728792614,119.35764600288803,42.48790341523004,57.138013295135906,982.8079217897166,8.094506228898712,82.26463471462995,1,1
35.77166699490066,199.46890985669964,94.42550373851556,41.89330032814613,976.4345117726696,6.717965402340143,84.32594806477427,1,1
15.955067772769796,46.03625577425154,108.59021044131204,71.19171488666015,972.6847095501056,4.382899364651607,86.26181017594305,0,0
46.28151278969663,51.226218192423055,50.46124296918387,86.76765909026537,1027.1007438609886,16.27832213132169,51.83981907879688,0,0
46.90421669068106,65.19030879088706,18.800656121702165,76.69858660518918,1003.9354416006896,17.09171537618962,8.115924912471495,1,1
44.52923412033234,58.65893064176444,78.58268006018196,23.210303126260463,1010.9581296303601,14.345433783746719,36.87502145056203,0,0
22.53937468417491,107.526135320709,99.98289653227758,45.88378866373206,975.2469297521279,5.578706172753753,94.91321529166645,1,1
27.574692051759587,0.720847977657435,93.80174495515436,75.94198362683122,962.8568264602969,19.698084982698248,60.80622853051112,0,0
32.527282182921056,76.4438535245782,107.84073066763655,39.51707851348506,978.5768900219902,2.448216133731338,75.911909558426,2,0
35.844224814204864,121.81323385089966,26.216451722335634,72.0934711301667,1026.5458447246865,7.157770614513785,80.13471439617122,1,1
27.207670598620734,151.62769230185754,4.047612894926278,64.09316811789222,1046.9526560639886,19.624892013647816,28.17525783417406,1,1
30.44896818781244,12.59558159732661,104.80095691255197,65.48577225121713,988.5100678940516,2.2554111697830614,94.67672854968892,0,0
33.55766667373478,56.585585816580775,42.02581561578114,41.655774473771814,1010.1809808856981,18.599271515610198,85.66938033265644,0,0
31.11333063990921,165.29987246020156,50.772657753159585,40.184571260691044,1048.3415115266428,6.077751359416437,32.37242309869084,1,1
49.63925037252828,26.785498633130977,91.26407856116342,94.86502067861812,1001.1794994275418,0.05043523405640071,37.50589441131063,0,0
18.90491473346895,83.23753218673914,94.80321139707416,55.096923910704035,993.1925121345922,11.135789538376933,58.16905847476802,0,0
44.970370807963995,61.6710878457903,98.60055172416192,65.27469989536378,980.0529549717147,5.902520880121543,36.11375171057245,0,0
36.79426349169914,46.16234627198983,110.4400274006721,65.99300673423203,1042.0015776996006,0.9280871715830941,34.26113704614734,0,0
15.798268124066809,54.450363019593965,103.44077667223058,22.92877726737607,993.6147099915745,2.3513414094645557,41.68406592603677,0,0
44.35980544925321,124.61420668050383,88.41076143977078,47.92832923596648,1044.439769501014,14.185241875590002,42.17988192845309,1,1
29.926268007946923,183.73683558865952,69.16856321224702,76.51033679224334,991.7035224513171,4.473855295294282,72.35592919944186,1,1
36.273832024948575,100.26857608495587,74.88251279933566,36.66284688513869,1029.3938706531956,18.963256100406117,89.11031441677028,1,1
26.2502510857456,81.20115465641517,97.00827597570733,67.60937046596831,1004.7914443676649,18.532839350668905,53.60249609770508,1,1
33.022853785555846,8.40371825327193,8.330035030816516,20.593624630452013,1041.3244225783633,8.167733200354013,46.856137613341254,0,0
44.58854316573617,121.84926207515558,73.14019156686973,43.722754348384996,1033.3908373924519,3.3165995207898757,5.31495921729479,1,1
21.70611751314863,53.54744375491294,33.87732694250481,73.6410878895014,971.7824587328644,13.53316608989969,9.113217323379974,0,0
20.152086138426817,101.764289698199,110.62749630919711,88.76540710488912,1046.8753442442803,13.009581305563419,67.5814866416092,1,1
36.87580496260222,124.56378457163946,17.65444140811016,63.49911649311429,988.6067933451726,8.85074431554587,52.36005730592373,1,1
19.493866013078808,71.89754677042397,7.61394730519243,98.37345043379193,961.8528028820126,5.17049477089909,89.12929267033972,2,0
31.894851618369962,27.12744030412606,46.10766456472187,29.269439535310866,970.0215997084501,1.0405969389969005,43.822749454909996,0,0
43.23226426038409,117.19383573997911,72.76143665815341,36.04672240665923,984.3893843252366,16.90484207681664,8.785618432651454,1,1
45.02757287839868,96.73800525295712,100.45769175901407,45.44051355155203,983.884295158302,15.032097366462855,78.49961733922201,1,1
23.037563729655137,194.57426496438111,10.138812509379473,25.480237048170473,1009.5504215286103,14.454815355432428,96.08861292249739,1,1
29.173102327960155,5.058281797926623,72.34756073356884,43.17568164790175,993.2947121195402,9.769389644998705,6.451261073803383,0,0
32.0093624597436,85.26393336086295,85.50531183439118,71.65327289698757,968.5215718150561,4.12277836420794,25.100617877437326,0,0
21.263265410401207,131.44263993369344,119.33162150403247,72.16866724127493,1010.6681546191292,8.19855866702145,31.25802588597607,1,1
46.88758149172677,193.8003748284306,59.613141070527334,43.2160396405246,1027.0122207669767,2.649135817337569,76.55882376436816,1,1
43.663193100896855,24.980788925433473,117.22337625558765,98.84098323107827,1043.671947932735,9.920696188125287,24.607414227682845,0,0
35.37032483086695,83.98676769428715,24.71383736606365,53.89411276942781,1016.388983567759,1.4182662157198211,33.34180014460165,0,0
15.622821150448882,149.89910109233512,76.8829521140041,25.01377077615727,1046.4737559601967,0.45243114254201355,58.99606464760886,1,1
42.17286116296695,157.5792626089446,4.114216271184454,92.51321061123514,1041.8451671927123,11.227807463087453,48.20831988871461,1,1
16.57036120719099,112.39082850197373,49.12548981242769,81.82451259269249,990.3883566886088,13.671616666494195,10.14081462375308,1,1
19.653329476808842,27.94203812983167,5.463059975969222,63.3063087415843,1029.3967726043636,12.208224073873321,57.495488555285625,0,0
38.821837494095774,67.92906461440296,43.43448859778747,45.141607857673804,1021.2108932853575,3.232806713415486,1.302528031292438,0,0
35.86687563528723,188.47627294684108,73.12895003955657,82.63373223527161,1017.279070946603,9.948733070460325,71.8392401783846,1,1
43.84364433493276,44.946328834339596,40.335657657977464,37.89805860026271,995.2172955590441,17.70129101833335,34.52071008353323,0,0
28.106341119569368,172.07344693438637,61.84491968936102,62.83591997179475,1036.0801203332212,9.810534740509464,68.15575346293953,1,1
17.997563305592124,35.72634262537706,48.52514408594947,59.58712542558999,1046.573370123623,19.4130326609558,85.11970874787616,0,0
26.04595923499511,192.80565816648794,82.72090376114551,51.435210225392034,1020.1674916984766,0.3304545957305316,14.615468227421358,1,1
44.038999904472874,129.11472737463424,43.70336415502608,60.0533312178175,1040.5142149645767,12.63156218958173,39.81492839343302,1,1
19.211433008913726,58.7493603251122,117.40082793559,54.9890450281422,997.183946384486,9.971960647940307,88.41040229482111,2,0
36.13748995348585,138.73540729038442,46.72962510589248,22.327009487117948,1043.0972914242843,18.98255361832813,94.91530533480511,1,1
48.02904803263508,163.0483882139122,82.15152601395923,87.56079346138284,1010.0546239001036,2.6873922778404724,39.1218165041421,1,1
48.99532191905281,70.22756271913127,104.13934964776433,27.456917661989564,983.418384237547,7.019066494547593,5.160254310898016,0,0
19.168301556536424,38.6330422243542,100.53787089721355,25.07215919518451,979.8700901344387,0.20350005178535024,69.56277454030247,0,0
36.710608151518294,128.99645241062836,44.92593416575425,36.66142570140552,1022.0320213286034,16.222357454813903,13.860149809820177,1,1
32.03902997780975,49.7431363957725,20.172823344736045,78.74602507959992,1003.8096935472837,4.323706647573355,31.000001121154508,0,0
48.83287849647098,169.73591294171132,105.5936091447754,56.80096776645664,1012.3807263920875,7.535354804088232,7.771197568889054,1,1
29.037425872987388,118.79615064142894,34.457312492175774,87.83604597819325,965.1100159174598,7.342581788738398,12.490390532420292,1,1
29.169124689482885,7.93226099485409,32.70592740739745,52.05882040909469,997.8165363276692,10.873927169502837,27.499112978991892,0,0
33.306446711520536,101.80092431241196,37.94136610514501,86.41602645251825,1004.5641126593565,6.6453943749309,94.73385120807765,1,1
44.57893445749063,196.51756231036018,83.06806495745049,50.25783244048375,978.0860666679013,13.26635687348962,98.08165824953036,1,1
36.93502780363471,176.32298819796765,39.49241172573223,52.55630259794045,1040.6275239589354,15.137334039156375,98.14103203679058,1,1
42.116747340628464,89.70314144364635,63.72816237868357,92.04123939705093,1005.1646736098048,5.107947483288903,43.56198127699494,0,0
33.07105960971913,19.343966710225914,89.25152091034683,28.74831466839784,990.4917713368806,16.09244883080809,46.757036161329694,0,0
44.47054319014778,68.37626441122299,114.91635527981225,36.75747454441884,953.8264144989301,17.448530859808372,75.22027159504083,1,1
23.119434297358048,196.94832142733478,60.27361551222334,96.08523521153307,1000.5028771386999,9.43749173542582,44.9138537144465,1,1
26.720634664653257,106.74029943531033,54.30655943382814,22.93975012988433,976.0435233423502,4.262456002111168,86.74356023210666,1,1
35.96044920293945,152.7366200899455,114.81912452991367,71.5231418021128,1048.2609991404745,6.235281033042592,18.626718231289384,1,1
29.1158460797519,94.15988298716161,107.4433851423102,64.79523512293412,979.2180999418017,14.852685657350417,50.58319371390709,1,1
20.674618084630957,115.36395751825043,109.36734441687406,87.4098093980656,1008.6809972635331,7.541663477699762,8.697875106421115,1,1
31.43771231660683,150.41588750591583,43.23284636796127,38.83574604413315,1043.1379719270954,16.43111400915985,63.82756194201447,1,1
19.787417037218177,28.981768081234605,12.386350974693476,69.30373335141945,961.5562796473336,16.85254397725266,99.29650018193222,0,0
27.822186464803284,90.73396939341949,85.40006123828145,94.97224050606127,1039.4093773556385,1.1518365749969717,16.9071802556765,0,0
41.41090194952273,137.77862160648945,15.986231284814792,60.165166560125414,1028.0814631085295,4.375613645253873,87.12876357346663,1,1
16.85401211871288,156.43901701361477,73.89826797478443,45.21594773234793,1022.0932548341912,15.647315903023193,93.38989713039693,1,1
27.87211352539923,137.203347195991,72.3139532321629,62.016485556567076,1039.0416474155038,0.06334628276800647,28.211160610359766,1,1
33.839703384069054,35.65865232731047,108.943984047931,71.80760940904122,997.788299463199,16.29403518133309,45.088619146510375,0,0
34.55285541755033,0.5501991107841997,43.88406362340882,31.10323778807758,1018.9688680662291,9.580539179514675,30.17575572502308,0,0
31.374131878010985,41.925977590269234,111.01039589833687,24.31781060407304,1036.541703529612,10.22717577466702,61.894649613881725,0,0
25.591196731804633,193.33952335886426,33.82211502233878,67.11023977122434,1049.341670510713,17.621887927668915,53.632982528610604,1,1
49.663108303852425,140.27397234652292,25.04404993701712,52.447696834864516,983.4493334011551,6.880274165423783,76.04564393598663,1,1
35.44920245454777,7.618542317905708,105.29381803811712,43.74369123841316,1049.7074876913143,19.083814606695714,94.05307166819652,0,0
43.38946614223908,44.12266633670852,63.91592928345384,37.94421014599797,975.9675455588949,12.219035388725548,4.083354535306338,0,0
48.93104983872477,183.7346345155929,45.69210865892638,61.23379584055304,996.6119419267759,17.643995572349397,68.8601876316111,1,1
24.733893659852477,89.36825089305938,51.47591708241165,96.74681346271349,967.5310910514639,1.7915267458885809,88.06188321616902,1,1
46.384009632705485,174.34781758243295,61.317229875066765,72.77955426155684,1006.3363047560983,1.3889565210880184,59.58348969007224,1,1
15.476495153963532,64.99748191141722,111.87510910478005,44.3236215708646,1043.9826642644248,5.002679142984885,31.456224046153245,0,0
36.99426237534937,152.32539455785897,60.16653216058609,90.56925497553243,954.024042161062,18.44389677268741,19.6307799895408,1,1
45.948356077962956,80.1726358972761,99.93084670452451,73.7332439842956,967.5941632478263,18.36095139762897,24.551739048845967,1,1
23.544904154324968,162.8357793274761,12.704790668702524,37.76287250963683,1000.3677573421062,16.609540573732488,14.74839747372675,1,1
34.168388207932125,142.2481183605879,103.27142696591416,94.84524481617757,1028.4639914468933,13.056567964440038,43.36200853127659,1,1
18.923855396594686,141.94743850510426,119.12847653705843,78.940847578568,951.6711093737727,9.925199560836775,61.464663248290385,1,1
39.13859703859951,143.94516712014172,66.97301294598289,37.86882661873922,1044.2200661476547,13.933329353273239,23.684003686940947,1,1
26.28126412945955,184.38553412607394,106.4982224048803,52.41171506864717,953.830722199145,0.9699473778787637,28.391829091838904,1,1
37.01927767686498,116.83892706691236,76.05933443327312,77.38263775456853,951.9032253592738,2.1017119034488574,35.94834518272126,1,1
20.420099913255363,15.064008508910831,76.91572751967983,85.22691819928792,1025.2626657434282,16.340795572183584,66.58565440578772,0,0
40.737086263497076,54.355754841660264,119.16096435409972,34.65325235951097,971.4493874389383,5.778436636316937,97.53324301065788,0,0
49.59010062738671,158.9787499412995,75.48691182715605,61.605006014769074,1047.0620845686847,13.91245605716495,94.47301283260302,1,1
26.079277981716835,66.75495845391313,102.56695129421227,31.98839364682355,1044.5927861296075,10.14948709326815,92.64138785836977,2,0
26.78774760540346,143.1917808278794,57.94501463672276,70.14429041963784,1000.4372493139152,19.342312347427228,69.21053978139172,1,1
23.79616390192104,181.93538438101692,35.283568578612524,49.7284079440685,960.2123698020214,17.999330395923817,28.6112023227863,1,1
24.06211662759838,184.05251959899078,96.663223488604,31.286313721549952,1026.932450390368,18.260661961075815,7.851121821074392,1,1
43.882524821660056,109.4840103746112,80.30369392545607,59.42834711239495,1019.7803084905279,0.6819572333350643,76.27067232232837,1,1
16.167029425063543,91.05996954946869,18.115799175635384,85.88594218810458,981.3660909175669,9.08187089208665,42.87507412983116,0,0
42.03756879896473,96.22887195919509,94.67500020124153,25.88066214421402,969.1593967902995,11.030684992927213,94.7088324752695,1,1
17.616524635262312,8.616843231372862,18.786080991342683,71.29225030881253,989.8992916670247,16.511047588353726,7.1933151481365805,0,0
21.874493038514537,60.00528109297913,75.20761040265424,74.81381522412377,962.4203293963774,18.87609417983479,34.104413519020916,1,1
39.960906705009904,104.84154378953976,26.730973625652794,87.69826584923288,1031.823802819193,7.921437078333802,58.86075856938554,1,1
24.02389935775789,137.9703257492603,37.08321751445177,87.52629875057879,971.7385104277274,0.2960684563692828,26.850804196791845,1,1
21.686837026082035,101.65728794498486,24.444394998789157,81.05518965755958,974.1370638004004,14.139363598253114,57.847092301372406,1,1
49.518744976515954,199.98019540184632,104.34312999807959,80.79866954390009,988.6456414000573,15.065534542626072,95.66755370794907,1,1
15.818215138840547,107.58294003954776,26.15979652661215,64.63010526950804,996.6447089758891,11.515371631045689,55.09622214187242,1,1
48.60374637089967,110.43722178694722,101.54785057498407,45.58562294406772,993.8100688791048,9.408269520896198,27.87280433353797,1,1
28.292659151728433,119.70261589335504,69.62253159654388,70.91482756587844,985.1817915420141,6.316629903061141,61.161788275416306,1,1
19.650161194963374,50.606308706427996,5.055328434359425,25.80886820768641,974.3383279260609,0.39058560593838054,24.54105920874615,0,0
37.92417130717091,12.221415693786607,52.40840133535692,93.04870295356396,1029.12848289254,6.108750045897144,92.4805479191647,0,0
26.53762738617037,14.503099267512498,119.28671481217363,89.60180217513374,996.5932783301092,13.327530483848077,67.12280778566702,0,0
21.80687807556611,40.00972663072646,56.3496844022191,92.92585121101584,950.999377485857,15.650112718987186,5.752678371465414,0,0
31.737774020909125,127.57456661469529,82.41111204989578,24.678341089272912,991.8603617383968,11.676745210046493,6.604553730600693,1,1
19.728309480835843,132.7297979008077,62.596583590878204,32.946292901463245,1003.5239336914733,18.253847468888317,1.5587584775363927,1,1
37.49218207200491,14.730086921068386,0.7739331557641016,32.05235909285071,992.290663185392,16.04687997963906,28.178549660455865,0,0
36.89856243360655,82.23132759106133,28.119815035920954,61.139769142628694,1029.7464490372622,16.649847401122884,84.65195318772368,1,1
26.84952343942428,158.69121294315062,25.461414613068946,79.07400809943067,1044.8384426272617,0.2748766938191438,44.036393117879804,1,1
37.67198459449016,140.3551540975106,21.130530992304266,97.77466201908743,1011.5265367970973,3.2868120245653554,2.052251171251529,1,1
42.414246957642156,15.940947889091817,16.926110528428385,65.98640214845526,1010.350550344962,13.73774237184797,39.351401266362075,0,0
42.0864534138388,194.87171992317772,32.53139316958596,76.24228932303566,1042.8468652395156,13.725735252340854,68.11094986442595,1,1
22.83203991798223,107.02604006393858,67.50274123254962,76.01036499647623,1049.6821449896183,0.6728764508752416,6.523266126748684,1,1
17.728252430082158,148.59582689779137,16.362455413290903,69.79614995922762,982.4668877893458,9.14639912421422,21.56631598174139,1,1
45.313729645658974,117.23006483260528,113.34759162987031,65.96769997634637,962.3908030596947,3.417408676769509,98.90739763678472,1,1
40.39478190658038,9.855750005817931,84.45372060415977,52.97384374476893,980.720838682319,3.0812158746106855,83.99039545565657,0,0
17.234448264618525,57.96709247592806,36.76594725908453,32.87242271708003,1000.8184883286871,0.2340525362178525,30.09755154104091,0,0
47.677030541157244,62.10591386840114,43.255126452810195,57.85320385872573,1006.1693374851475,16.17417289641488,19.03212231560176,1,1
45.5111232017395,151.50987142877787,86.71804015938663,26.94436589717082,952.1640689974585,11.88025401816168,86.31339625231612,1,1
35.45545124492226,42.64697308910617,10.862387753905587,75.9677162254188,1022.177027731781,3.450634013742173,2.819031549653628,0,0
29.289922962811893,116.54374042660443,84.72028914806295,84.79560073223223,1011.0537427306732,2.2176121719697006,68.25816721424148,1,1
49.44618250132087,181.1169169194808,104.60026911234152,44.17361226866727,1025.0788176454,17.02206891930291,67.83262046312632,1,1
23.769661479879318,190.76679437499166,54.098329375041104,30.384444693270353,960.9777895057392,12.950379745980916,43.77096464167391,1,1
18.306935631263727,148.07291443121892,95.91902007103437,78.0332504629161,970.2260877684013,13.795509119921388,1.0722802894385097,1,1
25.678924888744323,79.76430628150875,100.22963386626019,51.231549845552344,951.1269446189398,7.046928236560188,49.89240983592872,0,0
48.21516753354707,188.20686075790894,21.70488458656939,34.811723339156124,966.338145646455,15.778438648282066,0.6022040368406367,1,1
19.451201936715705,107.5919263288198,29.70744802641186,27.38851665914097,985.9878012333834,5.484152101204895,51.11043065142845,1,1
49.27317578405685,24.860927362983688,44.72720458009132,94.55880142979797,1037.6873043493822,7.885420695685612,69.89532645197365,0,0
18.074995475347094,142.50821110872303,116.74292753816897,62.99905222673533,999.8490227034414,3.7463723940382065,63.37881989072919,1,1
35.66530482726202,130.3866118951501,3.129994402166618,63.897879067925885,1009.4934843497373,4.150602708256043,20.8332857488536,1,1
24.667635897883244,142.3443183454475,72.7519276238846,87.66101168942437,979.5658571843098,18.241361197766366,74.37061619833584,1,1
28.825408450479394,19.052413125091185,30.8380394984979,96.54145737718802,981.036337588408,6.598019202981289,18.9588931097717,0,0
43.23977103985679,55.12884604845547,39.630989804262676,53.14784867453013,993.3728279774609,8.226815808300433,50.374369537472866,0,0
43.50795078657411,163.85700814840442,95.79757605160162,28.089987129319,1029.9678803274815,2.4050354697315357,12.472377005225798,1,1
48.17519700722363,163.87956894110826,66.28925602416103,89.99761635822897,1048.9364642551864,12.212841332635552,61.2898436981518,1,1
41.40494602059748,46.42779047306655,20.054983382255923,80.7664600012058,984.4904794994102,2.70140712611868,31.487772591774977,0,0
27.552290375610138,193.04553190113813,83.75516533055078,62.46850539197872,1046.8873138682604,18.062794809483613,51.200085661415976,1,1
46.69878723819433,80.86093161253132,27.650479842794958,38.61425414576681,1016.2315524442126,10.021406414145542,65.89508470054467,2,0
39.01265874917594,4.464574579543523,6.484751081748281,62.61421812729999,969.1035477760076,12.650675376088794,55.21857391706481,0,0
35.50161254298119,60.49107596620213,76.7812207533476,86.35941091880184,1049.8071253592236,16.768887723444287,55.74987596799475,1,1
21.77003570879848,136.28917522396418,112.51845426695738,36.949323178584194,975.5995620526577,2.980170868233023,73.67216436264017,1,1
29.229652619828073,12.539127777276814,104.99399897883362,64.61375237620533,983.1094292000356,6.879659521221939,29.025122019090677,0,0
30.941806033742466,67.408337697629,65.75355648847312,81.88138018170353,1017.4461283444374,5.8891378550823426,52.874101153977925,0,0
44.40441559692878,13.641246948545094,9.395672038428572,64.49360544398027,1013.9115128389803,4.228260315518082,74.5220126691518,0,0
37.619218196425464,184.6578536472573,20.274504223024405,80.10994122864085,958.3643090583267,11.305848190357949,55.189513949914584,1,1
28.59347656263592,168.91422953371344,0.5244773743214681,61.61435215188166,971.7153549835188,14.869972382328658,4.306742630609717,1,1
44.10441408635522,167.6184453413903,99.94392148842034,32.20548213861359,1013.0406518561044,0.2873471836677921,84.79625912891998,1,1
40.30413177280172,106.23074617985053,87.67097197159406,27.545927732141777,1002.8655832176856,5.825529836328909,97.2619463222973,1,1
44.99912827183656,146.65513916679538,112.04971622996783,47.7474643652379,1040.087989898818,6.504764642134207,73.2796719691153,1,1
40.77459191217572,3.6699752908186944,43.32716379338342,21.55461379267983,1049.7092017610248,2.44393523658476,54.281089564810934,0,0
42.669468356692306,40.252720452178494,58.20632017145672,68.59430087369206,966.0204754395545,15.57110919823077,29.933645718936532,0,0
22.38580767185941,111.65774928748337,49.237635317152545,93.62287557091342,1038.0062698198153,9.667013267777664,35.92637747255976,1,1
26.39312935709428,53.512724616301476,65.34574244549728,84.39828837876348,981.0756608203558,3.80188179376163,47.54838061832868,0,0
17.41620458791833,140.25580122594135,62.20299195623203,59.709984637828335,980.0445379550023,18.093468750634734,9.04862918495527,1,1
45.4438403110461,75.34104048318453,105.67482191700267,78.3009166665907,960.4170726662038,16.630725730187073,68.2176833699505,1,1
16.130566952037196,26.740536421933992,76.27536670028341,73.0080402304228,1024.6651432837596,14.404908015499638,65.9519954669955,0,0
41.81836156112479,115.01714117847457,31.29496626293459,92.99012909845746,951.8214030931978,7.331234397429805,72.88702930971634,1,1
29.950461440238602,4.966881496002862,7.917708373945582,71.8909895310631,1046.48645994053,11.037272716689978,50.6757818023769,0,0
26.141382456969353,51.33813477321263,2.518197810754166,41.83638941123769,994.9110440865253,3.9589956609790034,8.734798848142923,0,0
40.12047535391109,178.92405381361343,112.41264836245027,69.43989827975915,955.2774582599282,14.817252599235468,11.009530526188637,1,1
38.44118411907384,155.87316714957515,87.10376529917673,96.15070446089045,1023.814628446739,13.864195559636169,26.17431721831024,1,1
47.36690402525656,35.90877415883338,108.58759337677516,45.01300346767283,963.0163593877669,16.533660545423416,0.2495453600829145,0,0
44.12309111882907,52.46236840919518,106.16655273067455,75.31833457932633,1016.618333285059,7.3063912632968675,5.940297389077099,0,0
44.0525584371952,34.1807590353056,44.67103702737027,68.02837484072654,998.2253738560622,3.973212703426361,14.06163568822839,0,0
19.31361952876017,172.6015762998402,3.787145887360035,98.16114076799154,969.8528690385414,2.2064459375815626,57.69716547767951,1,1
17.79950852792438,120.49065263271899,102.07519737763359,23.831841717393985,1029.9868604528544,7.889548819642373,15.949063383120999,1,1
21.16337680936107,183.75290873884524,13.272690232879736,89.34262296925256,1004.4244620983615,0.7811235763287816,46.44761457173383,1,1
43.61073300667052,145.24055752782007,58.653890122166146,88.80399037569737,962.036476178023,18.198821067847376,84.64412084833488,1,1
39.78968889800326,163.57754842574985,65.25786082111992,74.01299432781335,1006.0598070707779,7.108570610158987,56.88607973611776,1,1
24.0112866386174,88.05583416815705,33.69304887122918,29.831023156911122,982.1861856389907,17.039744363695412,38.10807706423057,1,1
41.180127713910416,35.03957084763225,50.930299100117,29.188485546814125,963.862106336749,12.348727597801384,60.74818174490111,0,0
22.468016757420177,94.88463885775973,103.59674003735375,33.93612069411863,951.9210533073515,13.039902813271446,5.3498208088684995,1,1
49.297908350035605,121.9240567597762,56.44756234127668,54.39940320194454,1007.3070658516931,1.8124887344042984,93.00190588194958,1,1
36.89747239931572,36.795699522181756,67.50972645175953,30.660520466640932,951.7552717558312,12.61033970427996,64.84833418701278,0,0
35.42938039811955,36.696640872004615,72.41158301937205,24.520875273961586,1010.9238355571922,11.080340382152375,65.52548308390995,0,0
46.34164620133379,170.0716210479073,117.67850298750464,98.099282634926,1027.2319693373752,19.12839244355456,86.7283885889112,1,1
40.46538574632405,15.076850928751039,5.885986592386532,87.00796540046161,998.9655857871699,16.292133687498417,31.291827065521936,0,0
28.917745041305448,140.03734420238638,109.83920843185119,27.020917958310875,1036.1478144634607,15.860254497587306,31.553927072985466,1,1
27.432581494604584,9.292295444381926,1.888873334006158,58.160490108618326,959.5539645497311,3.8800362883042605,84.67671995266636,0,0
34.985993693765835,126.72648745322267,22.497519699830406,86.29294435635356,1036.7979772439749,10.466551874260867,91.25577718786599,1,1
44.56900187341036,146.2648353348876,88.08910988323544,28.431477916069063,977.0836037695666,1.336944396353521,0.8681209226308662,1,1
20.540833598436855,176.097436529388,28.784887084326183,97.61231700733774,1009.7290999561206,4.7451697526938075,49.71308034842128,1,1
22.66831879450404,196.79471163647477,101.67179806859566,22.099103102586326,1044.7776031467472,14.421302146057746,8.238125202127833,1,1
38.472321121425594,129.3853395931371,26.254649496910012,80.67573600060605,958.7064703312967,9.788903624624956,0.9923207163087922,1,1
48.90581211131612,150.31272635538187,19.062249139158723,47.33392319610264,966.0562377808176,15.332349282586293,5.889632542771517,1,1
44.414232944729996,188.43926776714596,81.19535313675598,37.03723600011473,986.009009581355,9.544797496178624,60.462477220225374,1,1
38.40320814340906,110.84294306377656,42.15767049862269,91.27338244519224,958.1392058017958,9.3251210848699,77.55648384674807,1,1
17.130543285199032,141.06704336226022,98.365394730399,72.86650388216418,951.2936892275357,3.602740542644125,34.211307889195076,1,1
23.179151247331607,192.53042804548548,78.19126969365524,43.757676588125626,1042.9697498665446,14.811883989523738,28.460721182704198,1,1
28.260854929068437,39.88577166079135,116.52887979189862,61.38371967120585,1039.6056687497985,6.9299954203369545,86.08416030974757,0,0
16.88603969495074,196.4180635048576,109.44412404399631,49.056235582132395,1027.4722165314577,15.04515852947652,90.12547971029316,1,1
25.753924339508387,93.1040010628299,103.79995351272638,82.28635633081728,989.346671874028,16.914504658242443,4.695403923240149,1,1
42.371620603704656,41.35317188674013,34.33450893885446,59.45718748764749,994.9734501069973,10.41140213739762,54.477559567202384,0,0
26.603469186102394,35.045502603406,92.21774751447671,51.99809192697137,1000.584086245906,12.89393436702236,90.9637922306656,0,0
39.7643490899077,9.091845118076902,100.62724360776213,99.14840121020153,997.2485025371382,19.391806729092014,54.73287423431494,0,0
31.086559855518242,66.28095294549101,78.90658510000065,38.38563364200357,960.4934218514404,0.5447420516842816,29.238011271526375,0,0
28.851979125846338,110.41533925624955,35.12997902244077,98.72476579083289,979.1745168241167,8.819507768928174,10.327616553190033,1,1
24.12192796679765,9.666427957798218,67.14103601247936,80.08517465059454,969.5709814336068,7.358218756321415,1.6616226727160566,0,0
44.38327195027742,155.9927049863339,7.590483704915085,49.1894087456329,1045.5286613849496,7.840541121579541,52.62086767240161,1,1
27.43350013536243,119.22627762565237,117.37882507641866,99.80020027849577,1027.471497801119,8.086221960408785,49.44322008289883,1,1
27.485596483930692,197.11492598086923,84.93123669904844,55.9145156346809,951.2115270109603,10.409668287810966,98.39282017016178,1,1
33.30713181405682,36.485337097822736,2.6512496525729823,48.376300649936724,1041.8228055696607,19.93108216351762,94.53679748120027,0,0
40.52969976389899,111.62854568813106,70.88233756587024,63.11936072735687,1020.7049304922988,8.377464533907048,66.92040049557654,1,1
19.256424023502035,53.139061312296754,100.32036465703554,92.2999144594713,1003.9008237560299,0.632712344258648,92.69735707917681,2,0
39.57224903095502,82.80558475107216,71.80547318393957,54.381986755309285,996.5339226732051,17.736197313188033,16.108424691711154,1,1
18.628419741878286,0.5457489026031492,37.680045073455204,31.79310131875419,971.9985495138111,0.22477965330753857,22.71954146877032,0,0
26.644905367633086,6.313499281976265,72.94849491565772,65.50402791070064,959.7035778509925,11.90019555036802,99.86539186088777,0,0
48.05641334840392,0.5341986735326598,95.44539735964315,48.28842209891888,956.3651370334627,5.919664274324161,32.17365163129623,0,0
33.31354837581699,132.21675345377093,89.88667346500895,39.67224340506134,982.1770570248497,6.167634137194704,36.27368681208765,1,1
49.987970813471854,155.58866056548516,116.99885583224365,75.44888476376457,990.6270701647285,7.794883672539498,48.85811449750451,1,1
29.590442417755305,165.66524921854915,55.800241563203144,43.64914881686768,1027.4860268696652,17.08840818762789,42.042895614045136,1,1
38.37330001669362,11.760906777660951,63.535782236576,23.598491019640644,952.9190840494468,12.25849701045478,30.333538239498715,0,0
40.988800685941285,179.21651212651844,16.726940847642084,77.96182708631392,1001.4519998288343,2.242385003253977,65.15926064807248,1,1
36.33133810872655,103.12837348015651,111.17654454715897,61.68637568832132,1049.0515115450212,10.18457627696222,11.58520383013676,1,1
31.466493787626064,36.46575251101425,71.65601822609128,75.45057401548809,996.8435278707094,1.9540593536629647,46.864139858355294,0,0
17.850897515704013,136.4251911013068,94.8441869838105,96.99042617816312,964.8802107128456,10.648406710666084,56.75373675354186,3,0
47.28667868233429,125.45532811930285,17.461157477438533,54.90810591705514,1015.4762528506251,14.005688641385948,86.30739985905736,1,1
21.3177491945539,190.30842935109968,7.09672944187107,98.70097076551217,1035.7767092866409,13.205455655243426,73.49955002644217,1,1
17.544220207157874,8.295972578890476,12.211895586163863,26.98878517313102,1004.7381233469436,4.308879742235783,86.02056372067265,0,0
30.601201807382527,139.102095291655,78.34477115641918,45.58824311437681,974.316757352573,6.849125705932703,79.66583738498375,1,1
35.51968969468665,50.70773250383507,98.14157316725162,24.380750888824537,1019.9183374990296,8.782016114986217,73.12903860658882,0,0
47.46114480851994,150.00681958938077,53.03584263736588,32.07805452111046,1030.6350975805433,9.21411053842743,7.531232345712979,1,1
40.16693892219031,58.37039318331794,5.866587540622228,92.22008119792622,998.310109209391,5.619221063460431,71.63865578849115,0,0
46.00658321888973,0.06141500675109768,82.54226220505845,81.36093552147372,970.9927427279493,9.792476628203488,8.928589891793582,0,0
41.136245888037166,169.4912037126705,12.982398878959271,85.31682027462678,1027.1570170484533,6.938266407417945,69.02895299335833,1,1
15.001684336300912,186.35953089319972,66.04598823700474,69.62710912495996,1016.4659413539099,11.227380344367335,85.67638875394631,1,1
36.33956412530404,181.55199824809452,69.87979466808108,33.689793758445326,1041.3562555839303,13.632549967195535,69.92389944355561,1,1
49.49186127000606,15.039310841915832,51.43111285142056,39.127631438929214,1013.0426464713657,16.13623367496144,96.63107088924127,0,0
30.910863743415202,157.24364612852085,110.04619104484554,74.66603460287078,974.2732552449771,12.157083022155827,96.99520478171866,1,1
49.56438401015479,128.4719647433556,106.43853094463871,36.027949107888226,974.6078604952216,19.057752257697192,13.52353754948079,1,1
21.688725333271762,84.10971982401034,70.75011453040204,68.30537751746174,979.1976008665564,18.412277959006964,91.50999076078628,1,1
28.72238185683304,86.85835388605942,84.29965401886942,73.03967171191206,988.2297014960963,8.284885030420067,34.803894342153896,0,0
23.238475243365777,91.62767258482793,82.37209582830485,79.35733642514344,1027.8873648255963,7.49464026906243,76.46359942849736,1,1
15.228071049215634,95.40998754337645,95.2685280159229,70.40357765130827,997.4063124154508,12.892840132126985,90.69460031486639,1,1
34.82336302135726,159.95723829202123,117.6891270270237,76.44545616604533,1007.3325763889063,0.7497189425068052,37.447789825458756,1,1
34.79049567302914,159.4413143412065,52.57257475770915,96.80466206118187,977.1793752623674,14.891343904206328,41.90314170841275,1,1
32.00959730980671,160.50040677308806,35.54583139820466,27.74496452761145,1002.0255584613427,10.575892236074974,79.71677722253737,1,1
48.891172218123565,11.060137265669677,71.00273684917306,74.50228242518399,1048.5801350748523,18.851804285538233,71.24507647119775,0,0
33.26262939355631,32.30478445985226,46.10118662453009,66.80978600457235,1022.5200396595753,12.707991149582245,71.41228018277413,0,0
30.020337659316418,145.5254581142018,17.248950722366306,33.006904941049086,966.2832145829462,17.81729914071552,7.603406330863449,1,1
43.052793045671656,46.714179609347426,56.21159285943008,93.27652763725423,1008.5937229687506,4.202353724647172,28.40900603188071,0,0
47.2156318363525,85.42878502199567,70.43825796081474,56.7945757300311,987.8438088048449,4.465582538648039,68.61915004846021,2,0
40.13847091952421,54.977018321479896,94.68130116657964,88.36281602413436,1042.0675096239631,3.2242482783673987,30.39236836132664,0,0
45.11236716262935,39.7080405655788,0.4162151092194444,89.66618482013077,982.644944175137,8.289950502779,44.633402572063794,0,0
44.689611023352995,67.57842891869208,107.07358630277781,69.35513104384384,1002.7286724033685,6.512290142549249,24.371169628118583,0,0
36.8420454972072,89.37883201131523,109.26192119184076,59.33109728912398,1001.1794916701191,8.334465622720016,78.92629969912849,1,1
29.869371933824464,53.868399949950984,103.44370491522118,67.74625770921922,1009.1510219769002,12.216444143278531,71.88397482056668,0,0
25.95737962593984,6.768874166600569,97.27117930524115,30.312404310530994,1022.1819737210544,1.646305965746575,37.53078420284921,0,0
17.205912444103838,104.44273592554492,78.37629273378901,33.71465129425506,987.1627618438403,18.604789820861072,44.238911710745676,1,1
43.08902491417948,185.43694901204182,116.92149899727438,91.86576157530953,981.7405329158969,19.251457723223858,81.2395241746047,1,1
44.30114542738207,3.034596834366954,114.50866359819524,82.24721790789926,1026.79674965079,1.630494618571725,23.256854107333126,0,0
48.67915827982647,100.13541496109526,47.74296218847073,87.1952653717531,958.7340414113944,8.338840325421186,37.57007744220836,1,1
27.24479854606375,61.538448730614626,25.208994814809365,33.83286423924177,1014.0406116919675,18.38789682417357,50.88516452498815,1,1
25.429109332132548,31.832039544445266,99.61720380631131,97.7193645178571,984.9155401467851,5.819008511042578,60.149295297494135,0,0
42.1365143333699,91.08056070993287,75.6087779833139,77.32392544186335,1046.059228785618,3.300746610401668,99.73824938253695,1,1
28.725482933443008,144.64002854531074,68.68972535675967,58.93348936070721,1019.8075368731586,7.915077004471902,12.61099813368064,1,1
32.111268409243394,104.38317413646372,24.228258407992705,94.84954850629256,972.7475646646292,8.184551881681955,15.49296868447233,1,1
33.75288261654305,61.527521620017936,58.71270239713008,37.969353316656154,955.3775127948716,15.584533021645106,64.10862839596584,1,1
26.92587744988545,9.498844936464446,103.86900752365452,33.583600394854344,1043.0742218281428,9.57190757191917,34.038670990848374,0,0
40.96158169118374,175.36788121503716,44.48562763748529,52.587500173614984,993.3158219347197,18.44646122957338,69.25639915143327,1,1
23.667614096597944,36.99993950039588,27.644119610977928,41.0851111348414,973.0183491334002,13.170128943847923,11.593351065750635,0,0
28.557547139778627,125.01071459407329,34.9031968731517,25.221950776132644,958.1823922845969,2.5193355260937267,83.58430248681552,1,1
38.02522269617394,12.904482219528957,46.92826549817038,42.28681382776525,1007.80401116288,10.456118993446267,48.11240233697149,0,0
26.007932963041462,27.55995440879815,89.08516594471655,90.38854150741236,1044.4150909232817,1.1723794122716091,73.9908711588883,0,0
40.427621079243686,189.42192282911785,30.349751339731853,79.37432306361251,955.4626288766484,12.624914415232382,35.08478240521797,1,1
41.91183038416163,172.6608572870787,43.77852506610195,62.04688741594404,961.74040623636,8.338139304469532,36.08003932591692,1,1
21.40932109245812,178.89572495335517,17.77054056481923,70.85914860241498,1039.0142643479887,18.239371597264512,79.32396998405684,1,1
21.16493968559618,163.48628184277393,33.18777748987495,93.79184219460072,1020.908668142385,15.70535122017773,8.503245350193723,1,1
35.39677897052405,164.2284253797359,103.39084233269992,22.29053637869132,1043.9159232555119,0.8667746660495945,61.451867967484986,1,1
39.26856346653592,21.46905823358196,5.761423873103122,82.79297235605833,988.4670624797434,2.1422503063024734,76.2667816387642,0,0
44.72070745502672,117.47723815176147,19.348417012157473,21.217797719319265,1020.0802481301944,11.002793496506335,65.07971417200795,1,1
43.461463456985854,86.84555539859443,14.941856260034449,95.19866283126612,1004.5262127246857,12.305882381770806,93.34114295517512,1,1
47.6054279708592,114.41892134563471,35.713370966571134,99.76909072101914,1018.0817089953536,8.168733537841131,55.98368028535897,1,1
29.554191759381037,177.66103045932948,57.899924983889534,85.88227007849977,1034.0176297823004,16.486646754704967,72.21886124756745,1,1
44.92072008826537,77.44591592459385,13.759584737035242,87.39633634980116,999.8168415687345,2.5475206505570203,11.531252218200795,0,0
20.573483790346245,150.19465193342117,85.30280081595373,36.30549441479066,1034.6923418109795,5.625895910564898,79.29855833149475,1,1
32.10820677072297,146.3097365077132,45.7665195688279,47.771247767582075,1034.1359598959332,0.7060450902813931,97.47369472575073,1,1
37.68628453928807,86.49667763988842,75.36654373805102,29.819275716718625,1001.4052455293547,19.701910466795955,23.526943784670685,1,1
40.27973346627223,86.99427516634013,78.29497781855443,36.39097829534204,997.0464982617602,19.601854277185502,19.52871510160096,1,1
37.2755759747065,115.11954975335908,67.8061903548484,69.20986317212936,1000.2237973688228,0.33861500515316,90.00968114631178,1,1
43.94425896194108,34.833536184224265,49.592781285464284,81.64391845548543,1048.0062315387283,19.022740928835727,89.93591996761742,0,0
20.543086405469886,182.89502120180097,105.41338955412952,50.155992893311165,989.4522594536262,9.198178439103215,65.61756309664169,1,1
24.12924655940555,4.589685887988937,16.94754295166907,55.209272606141894,978.2002569426202,15.290331220722637,10.669007054927137,0,0
47.11128289441813,179.0654359887822,109.05081803199458,79.16879988826614,960.6999971483599,8.762751427391336,13.140537180546374,1,1
49.569471746637895,66.60768467973466,70.23966502680744,82.35144433953775,1042.0616084225646,15.1109545168272,67.45037787662376,1,1
31.309362371335297,121.0800267501048,11.299657062339579,90.713803356901,1004.3777308839885,0.802701008698854,91.99021256598975,1,1
32.125569084290404,173.71782831220034,102.82655450464283,85.26012699656918,956.1403019295356,4.941332908484178,87.55478724654307,3,0
46.46468696182328,91.61377247376122,52.80497611850427,34.01125071089198,1046.841078869115,4.262769507180863,19.093678435076555,0,0
38.1255139552211,48.568860600089536,112.65259332172677,20.872559625423584,950.5753262323301,10.09753602871199,48.8062459913472,0,0
20.71774076653187,98.90391259405689,49.399332620398376,91.2263620273895,950.9253920216963,19.525396100659044,62.43927642958425,1,1
20.314520597584647,9.352002762233248,64.57267902710782,38.79121327774561,980.1165537001259,4.902643296690272,65.01723135725108,0,0
34.373513674064675,15.5948847043623,63.183183981021045,83.29518124506399,958.1194590820324,17.7947795246084,57.83066494477291,0,0
48.271856424461085,29.62824354447513,119.22779992239782,71.54182927757415,1006.7494199481063,10.305592482241707,2.3654373098312753,0,0
47.887371704235235,128.79889457083965,10.995178139914948,21.676173623561994,955.0783639236752,12.187915268644813,61.40154148945852,1,1
32.48835521235044,61.35316413059031,63.809127793756964,61.30414567010063,951.9415559876566,5.649384606549961,5.318534146714948,0,0
46.50541630066794,145.0446325570271,119.53382042314948,44.17370106442303,1037.848584775691,12.061085358649635,45.31254069036049,1,1
22.790058895102227,147.67843305722857,108.49688986851599,38.82467184602966,967.5390334973613,13.92443830009734,97.69731627255192,1,1
41.24842853864273,56.91614780952978,50.39465089773428,50.745410836669734,1035.2095018047046,15.427415577444476,58.897543476152016,0,0
24.623568863891613,187.59770554441124,78.3978269722976,97.6381317153426,1008.011703304203,16.42385516727228,81.31053793945267,1,1
26.806507189175722,192.80414459144563,2.632976111707679,81.49687270139313,1046.5557085764044,6.778164065674456,64.8110587790972,1,1
34.67781374454737,152.30146193530473,103.94135059740628,68.24356554396384,1031.5904586381457,6.245711517785104,22.85870587048169,1,1
30.073369133649408,135.54731991615665,22.469633872646835,74.42817537215132,989.4093648572067,15.91150547785264,3.6835817103303303,1,1
38.37939232402881,129.96446732999354,112.91225713503772,77.06940428512564,1029.630189642328,18.091820317063366,67.50519182919878,1,1
25.15537722359911,173.9547599167044,89.70937433711701,53.95500832007148,1021.0529172649963,17.35377754362284,97.56521313912715,1,1
48.33230263856694,65.0655653528283,50.60324564618181,28.7629283981897,974.7544287018046,17.648424169739005,36.0849926279359,1,1
36.71934305082084,133.19312366140664,93.81951301719744,34.62400241965048,980.4813134614435,8.966726829163612,36.48410612382735,1,1
49.40168315008914,166.98816064274249,57.562410554458324,90.34149008691743,984.7652947583297,15.71656647780529,22.367559810645364,1,1
42.03127158292281,91.29068063914568,12.899918519069082,41.860996364446585,990.2274624023564,14.985858233288742,7.298271473095086,1,1
38.08414482824239,143.20272818656872,78.47056439109018,80.85357105340445,967.8168616022838,11.742067101260748,94.11449472038798,1,1
36.377449443158824,122.2672693905906,88.37275705359228,46.656338570068726,1020.047590132154,18.324676666264303,1.0895473025342994,1,1
45.45395643881029,43.72366625177182,54.710792844045024,88.18782407621103,1032.3912127456629,17.838549562521116,94.0416792632526,0,0
30.650493487011552,131.27276216020138,46.8574128631328,48.05733739937327,993.159541059767,14.86152269565352,50.14407471415529,1,1
43.492088605691976,149.04369543923116,2.4574153349279193,70.41905256849293,993.6571123308591,9.132579783022832,81.83730538698947,1,1
34.16627951296368,177.12436469178942,85.53667108700284,64.22720070112422,1025.4537976151105,0.766981018508146,2.7083654828207737,1,1
17.917226442229822,87.51306502942853,28.254017475233173,98.74090355326277,1004.2290139011367,13.24831492162317,27.882013624669668,1,1
26.262891800566308,67.09238282823118,83.84828461803608,57.89649661514468,1001.7683652530075,11.840059643186907,76.8811656238217,2,0
18.162941197936735,155.37478244376433,67.58820826502158,73.52763558842057,982.7551764840762,8.187736736328983,23.116581965392026,1,1
49.27549990960918,99.40059450206333,119.52922989559174,59.1828782449013,971.9751264384067,10.149047934737133,3.95955717990778,0,0
46.66694304976829,163.71005023888821,87.09846248331417,68.78613723539681,1007.9834233670363,19.934564281589257,27.799743401993794,1,1
42.288952787795225,116.2809540427315,117.10566525106623,86.2242546638602,1049.8525112989594,11.766499889248927,20.454395754493504,1,1
32.629046249315685,142.2222268101149,92.92324634179057,20.040799121275484,1000.5027088502294,4.704691599412931,87.49118332547884,1,1
20.351690541758,133.29124991496667,31.92746283899098,48.52337145714178,1044.0559260756845,4.808962508161589,9.500276182293065,1,1
17.424971550547905,100.92302201989243,77.00537787411456,46.18349148567098,1019.025974179308,1.220674371464756,85.73346449228768,1,1
43.57985234087332,197.09925427841713,112.38059770822144,48.49577311351425,989.9275384015577,14.91929694956519,13.40827719549832,1,1
25.99051485856922,23.708187395129656,54.586373888739764,64.1603423908254,971.1160469962753,0.5326337382821,71.93558317505232,0,0
15.700180754915898,194.68052178567123,26.592870809087454,73.11200736930329,993.4751726239989,1.193477206742144,47.218360663446745,1,1
33.086622200387986,170.9366416185737,87.88188835774775,26.34419798027091,970.9162683432265,6.237753684298955,11.640768646481947,1,1
30.99146748200717,196.8618381725071,61.753534948531396,79.35057346585354,1018.2937797699346,16.99822870184276,21.572349046560944,1,1
41.38391915925599,176.2710480611499,20.581178757629132,47.7441775830403,1047.0101764331562,15.61575691959585,28.259083253753236,1,1
34.737961937557046,80.86522456989576,58.79582115925559,48.413295311256675,977.933101853034,13.495260827828375,77.85418150861176,1,1
45.58849929615707,31.06599346363761,98.74266283742887,40.38406595816508,992.733638991005,18.028873716984933,45.4503600982602,0,0
21.89722369155107,31.97373104742356,56.75805199825606,81.01379391812432,1049.7205143974302,15.748172568618038,87.70119589428535,0,0
41.17413263272108,179.0870201512212,9.15522519766959,94.39452791853164,989.6406153725657,18.43228446560889,7.573283745947556,1,1
40.03350349923976,147.1377497340409,119.62930671573272,81.5084216551851,988.2573705815606,11.144971032370908,36.655093816659026,1,1
21.860652585670035,49.700465500454705,26.641264112918513,63.905226413057036,1040.6160634531893,18.254532521767953,5.47637775258255,0,0
17.796479033316274,49.0238114344687,30.60713429633699,27.59113401914009,988.8463341173441,11.754507853825745,57.81622005994637,0,0
34.020038844050745,67.73438497749945,84.77468223798968,86.11871527848571,984.6274266477409,1.7107071859892398,29.633025109185652,0,0
19.807902910121598,93.47174544543617,18.712218157929392,57.02758061263818,972.1002892324648,14.774622109248059,2.7568240835845637,1,1
34.41612063411739,33.89765498401134,0.11902373635524821,89.53600704518456,1017.1527787814068,1.978856441010468,66.40723676838556,0,0
36.40765664581595,94.67133740864067,50.310971811073685,90.96558103325879,974.5148019897451,7.966201140267666,32.91154128948273,0,0
41.99203601628217,183.29306124650788,101.97380384882766,83.81631442398148,1048.6789945570083,13.942891008207702,75.10537912135338,1,1
49.39808888967566,1.3981570798348164,76.0858051723638,79.11772255626317,1041.7827053757196,17.676886083686856,84.19606812337943,0,0
48.102694517959634,107.4758375827415,0.8304114701792109,20.884351895760762,1004.4639055617859,8.705444777278826,45.12450533654485,1,1
29.014165802351293,183.54516181824715,43.10044214037479,88.49815534104665,1040.2864793791641,9.990035399979096,44.69380373650883,1,1
41.635721147540636,141.59430152797648,39.42421399154471,28.203850073971726,976.4852400182481,2.6205701162459794,29.473227577669135,1,1
24.163754795327968,127.5422847773427,114.53952341457355,74.85949858643869,1042.664940806457,15.682645172168868,72.78776220711732,1,1
29.49216790746695,64.95890057267373,101.55328469675031,92.43145863432042,995.1882493650932,0.18126196373288828,79.25310589064705,2,0
24.977409416530207,1.9775730033841477,96.59862707713465,61.39313510535185,1018.5210746338469,18.29379642288955,54.11738301381054,0,0
32.61179254026381,58.1324242696527,36.623260132794314,83.72336528237167,994.9029245585937,3.270524172162408,9.45287640004956,0,0
31.552204090162277,92.99100472354608,78.41499338464753,57.68539821961126,964.3475704134215,10.15605769597027,90.67894038860251,1,1
20.580449406707434,137.9509281955498,71.26311179586318,79.88685813694421,965.0600273427593,18.83210673811989,62.09664277671586,1,1
44.647489819189786,49.32135273604712,88.72954672775539,82.48245634671352,989.7435272387075,7.679069057668442,65.77962650257493,0,0
18.269268861607557,147.1248300435018,5.146411180729311,35.24722408966608,1016.4143757241367,1.9664733418392766,97.184209147679,1,1
45.39386733116652,125.2604664813473,98.28689468032198,91.00640388716543,975.9475649571818,16.98823175898639,19.47937836376018,1,1
29.466979245208538,111.65192624971986,85.6669155688839,22.411305417802243,979.0509412778189,12.170381964207806,35.736867914911876,1,1
42.12587694703227,130.33043223014323,28.12817444684829,31.674318367386647,1012.904699358705,9.009346554095155,16.89570411013186,1,1
26.42309718614321,60.60934966371732,12.975836680725013,63.75272154121824,1026.3648633912553,11.509337777059741,82.62913649373523,2,0
19.464899152540095,87.12237156444478,73.1298124389719,74.0801248753526,1019.5786306423427,14.579308541957621,65.14298121960167,1,1
18.297983112930368,139.0611355204593,86.97391881292651,99.47839474669017,1019.3362436701126,13.736607915030978,51.4813290181972,1,1
45.37730180047899,199.36695239223167,93.48538442369185,69.00003022862467,957.8954826931569,14.53478263459255,70.85615685819504,1,1
42.14488517333011,24.911077679897865,78.44790001513722,43.65791239613397,1026.0271243402833,4.807479080629324,68.39786768204107,0,0
25.324753144439292,1.7988585634862275,76.00294943677144,29.061526652713788,1015.9291472788213,18.512188967138748,96.92459342110902,0,0
23.257308056466442,161.85064553013098,42.42639322469284,92.03656581983859,1028.7489568629373,1.4784343329152727,40.71369938772773,1,1
26.80612391033859,157.03620414465541,49.23428527837909,74.7670718122467,1010.2435255590441,19.512774381952674,93.77849568016148,1,1
29.969483015855154,144.71564232822988,99.53521127774661,91.91086030897162,956.8134263776484,6.041575985469936,32.02300409685218,3,0
30.20560829269575,33.8529501430838,59.54470559400097,73.05714618387648,999.7363920216718,13.315861903952316,6.644163181790031,0,0
45.65955660975936,187.8138384202137,74.14889089423784,90.51127989095176,963.1446016648213,15.948978401526205,11.914819347259398,1,1
29.280358102413786,64.763706911655,70.27101902645451,44.121162819162684,1013.7313629667133,7.347745783039157,86.07903810304644,2,0
37.1859344076864,43.059659464289226,40.33553064337045,87.79367101013247,988.6479749987459,10.715981311312904,64.89419359523328,0,0
27.173337735507086,58.79572615161366,57.03058831296343,37.19047776742313,978.4210586919063,1.2415696806407217,30.397027597100546,0,0
26.224643267724925,192.36663325826393,70.76745905590562,82.99059403326444,954.5377252780322,2.1307338721674385,81.45369608625923,1,1
36.82423422961725,38.196406108040584,48.57544870340859,63.093799998529825,1034.3609829137442,1.2082398338898837,59.67222893673624,0,0
40.09625725553394,195.57837158209188,96.85920939506212,42.09818508522187,1020.9579193878265,15.265557698539542,72.97354999183952,1,1
43.705042378315454,180.74599524272753,11.81158427872083,28.381108614489506,1029.6399988770645,5.047449530429418,5.854142195007794,1,1
29.043021334321203,163.97538236521564,15.187802857677646,73.7473577443574,950.3615861771568,2.1947489442489987,35.085034576848685,1,1
17.92607983585449,169.1803334874226,103.68846037745627,80.44565624796194,974.2479631395618,10.464941504799597,18.41885255233714,1,1
24.84474575255888,103.20105843475822,88.20165701529574,27.57235043149113,979.6696697628087,18.532426971438444,42.912331778188815,1,1
47.86043858682601,198.28010831042712,63.19917913336991,43.04352078278804,1029.077680857258,3.186214710500299,25.204685967207052,1,1
42.470796832474875,86.72918494640598,24.18455243852001,72.09005959618595,1023.2761861381683,2.5014247890113817,27.698025997493414,0,0
22.74468643802816,75.97092575249043,91.61338746912773,77.09664818194594,1016.2523910383704,0.12571091737182405,14.214331338038944,0,0
22.815414218572336,54.39116920776992,17.571184997868002,52.82524411791117,957.5180585014026,15.000443807755614,78.7720787296105,2,0
35.09933413603143,17.940975408393566,106.80998034561097,97.25086629664916,970.236356032179,14.092796388814396,84.19386306424857,0,0
33.89452328899458,64.66461990534978,57.427045809642316,60.98150006275616,990.0637044188028,18.596849872674124,74.3883110942502,1,1
23.44555747892374,117.1114374639737,82.64269811174009,31.212513736170422,985.8425742380149,18.11096563207832,56.71731001852015,1,1
22.594921112111088,24.556959623830153,62.18722721698533,63.81485784233153,983.4414451354612,12.60832056838237,6.868468621938872,0,0
20.07988926431492,109.25476420225183,7.417883261334475,90.47270119928805,964.2146370456517,13.47839748169073,39.120344171442525,1,1
28.992571163978695,152.97790572222877,59.935456100749676,78.0524370915093,1000.5191228752769,11.858106828105267,76.07146278696642,1,1
36.25580600224464,123.12302187775772,94.70635097131134,95.92694526554986,987.6716153935337,11.542343144519025,8.62731577335456,1,1
27.55813581991034,82.4098451778772,100.22847801888612,61.071392170054146,1023.1066373298457,0.38014800051342723,46.44926696283156,0,0
46.54611828072545,44.86278186115702,3.782662236853551,54.67269869707812,1020.4431820647595,9.089270136829391,45.997831351126585,0,0
38.44317644334119,50.8777616566098,90.2267749970373,32.249082472458674,989.5750605285988,13.120162169418359,82.83690072301977,0,0
42.70358749077694,144.33711986153958,43.09156602436693,29.784345303497908,971.683421769299,17.2966762915297,85.73313701326595,1,1
48.30462983886555,15.197730379108322,64.41709023329473,71.89464359233868,1021.0657377066857,12.877264700208604,77.0011389902282,0,0
27.581505170126952,35.88655442709643,24.550004658052625,20.958295157613147,985.0321872106223,1.8348810175995456,32.14886927901909,0,0
36.987352700818676,178.89561111736398,100.75265411886197,40.21393695660615,963.4083142198047,3.861445475934626,97.09866519036069,1,1
34.23160678899218,36.50044460011497,100.88953856241781,51.61529954500439,1039.9222151974727,5.21354253668973,39.322175880423615,0,0
32.67317169765296,178.52306681780632,104.2508917926067,65.94840562431023,972.177550978089,8.067139434757502,97.56330653655054,1,1
36.27206283570907,156.21955102483932,53.983763443370364,62.56058203734451,992.8954112232544,14.058419961239359,85.14710138868774,1,1
32.757724012859725,96.17349172724514,40.83437605180763,34.1677355435267,1043.924772287511,6.3215943735901,80.06914635742855,1,1
40.03714574506159,158.18352005562582,112.4121760046523,69.86966081767179,1039.7950343382045,3.3539464582458733,62.67125759567877,1,1
42.02964645201145,54.328226148834815,88.89045615503579,82.27814632929895,1033.1187956016445,6.257658251918656,68.16065901683092,0,0
25.648864919341673,147.80807749969108,55.55683981748547,67.8035499621776,991.5839981430569,3.239658538596486,17.802952960536366,1,1
17.714911754174707,123.61453594433236,101.83660775436711,21.666946100966477,956.6239502088354,9.149339846058206,73.77207361681893,1,1
20.519767564918297,54.33026390983877,27.840744153816857,51.92409749369233,972.4998677017571,7.05197357089506,72.85425986619441,0,0
36.385323695896616,16.23634107833858,76.52947994948613,58.16617372473708,1043.456557470714,5.786086342081065,72.616641969916,0,0
40.58012880655995,44.30015620183747,108.38683499651233,59.294656034368245,1017.8883366889303,2.917111177670091,25.780391699196926,0,0
35.5137491278028,63.8054536746699,59.96315022851681,49.92041594986314,1014.0553796644048,9.742907255616178,0.46099359731681666,0,0
37.73882932808844,84.42431141003635,41.00380085882674,27.531740182657884,972.0369690566491,4.475445831617069,93.53694994047291,1,1
30.137954116129137,8.413169443034008,16.658001869198507,26.322614058632965,1008.8869390207211,3.7324298313365345,49.855764028177596,0,0
27.952172200449144,160.77527542883988,38.45875647184347,56.66123859174466,1022.1285548597825,8.667024138612787,79.32155360131891,1,1
38.158952468283275,82.1058227893432,60.47783108236352,97.37627646737548,1016.1611496508392,18.099904519446497,17.875850347106436,1,1
31.913265468580317,181.7323339690101,38.713447372970116,97.41313585171366,959.7077490473657,18.053423405500737,44.52121220658587,1,1
17.581045779940624,175.9043185172175,30.232825489093614,21.780010039618016,963.5807105569193,13.182294837995233,97.78114891381948,1,1
18.90117488542309,92.3896096249524,21.6763861137039,79.60292272812737,961.8058899761814,4.796834969617791,19.640596764907137,0,0
34.33819231284423,174.63681840012646,61.330824138770225,24.6594762217177,1006.3388930596831,15.950419986360187,13.215619730432271,1,1
17.54489250206071,37.56155551151381,89.5303587385953,67.33443356256012,1004.0594653961749,4.989597892635366,33.22365952468594,0,0
48.80597545301698,48.12504534587714,108.19745079061062,66.44252035661893,962.3296466371248,9.34624756310136,94.85487173608759,0,0
29.64979593480755,172.67731295787246,30.771443358204923,65.67377214402984,1034.3852058201974,18.41376882339391,48.58233671513007,1,1
37.38908357509001,0.5960261564661895,30.386796901606754,42.29696829975566,959.3493011654431,5.593900267139533,32.112203305813914,0,0
48.906811384886765,133.72047611216752,51.12060952996131,99.04435685564074,965.3232320234612,9.521023878609691,64.70622070490494,1,1
16.945322206942695,143.39977161662375,11.984082350638786,31.222584687974155,965.9689512462085,18.577796533110355,68.32355451381677,1,1
37.93996253860864,111.09869929299843,35.13671984341234,69.6711763679481,991.014971988864,2.9083230018522976,68.95972903277331,1,1
19.535375877547295,38.133716204234645,98.1239174217127,72.80936769001232,1013.0991154213642,8.364055686854481,39.62805182393711,0,0
39.15919132148904,148.00110772180915,61.22558428371727,97.5415395478821,1045.5699558918873,8.248589800255173,82.06222542831536,1,1
34.014374455944534,102.3511775114349,6.595687365438221,65.9179768374648,1040.0577930563165,15.602676983901842,78.63171446992621,1,1
20.597516350171873,71.68988942671272,27.984589998028294,45.27322259645088,1007.9539343493725,7.295676267404958,56.06978174642661,0,0
30.347543689610198,57.32311168994553,11.448412104619035,91.3470765875826,951.1373366004649,0.03304976283942329,82.6797739763546,0,0
49.88838291140265,145.42056554273125,1.8328605675461684,38.13521813348107,1047.1822700261962,16.172085043476695,56.679984380471105,1,1
23.290124830412566,2.874041185349796,2.5033767164890808,68.95846908241813,952.1831876352423,19.872602838507454,18.33838334937381,0,0
39.87475766542471,31.011944282482684,64.81121053172575,26.448903077297405,1026.6778424533243,11.698421894496594,8.616669340141502,0,0
44.700516622000194,109.4037229553404,110.59107720159815,93.32986989424901,1042.0507789486583,1.5557040040093595,12.095776175452343,1,1
49.56970334006693,97.5201642797412,28.58568633949772,81.57315907989263,976.4285221212482,14.544313760372846,83.72857778497611,1,1
42.44921820533482,54.80956163958708,48.19422888950845,53.06008025866211,999.1272918104472,3.3474570308027207,45.24700504143424,0,0
32.87740466804179,106.34179931621048,98.388051598135,61.38675987835961,973.0783922513675,13.262574764883743,79.73141440866252,1,1
26.178008325339164,129.06118580352103,17.632559513521517,47.354104366245124,1040.9223929549635,18.226163263251415,57.53245787430637,1,1
39.582301130278736,170.80308304118827,115.02638223751521,59.190915223181555,1006.1575736626035,8.312831332956605,7.198193705642875,1,1
29.798121535708646,158.12546787661543,96.58625975898343,91.39016916746398,955.1466705175969,10.543091791612678,10.742448793707627,3,0
22.025976410801015,180.0433004761213,59.614951011563505,80.68359367172908,956.4384105928681,8.33653007849704,67.42402806643378,1,1
19.669226844737466,65.16357582113663,7.745736602865989,72.10719526956083,1047.089125905812,16.540909822856595,97.46231168075656,1,1
44.59616782844388,171.03916123939572,69.26126344456111,61.46018491305679,990.6254266427827,16.361897900917597,18.20676122780246,1,1
16.96787205384676,189.578764536935,0.45338222441724696,98.14634575006815,1022.8853369873766,6.569978393956553,69.78198430863102,1,1
43.62563050147946,49.07241119728718,92.50748199354983,84.34957000065921,974.9354630125346,0.8385270875596706,20.412228455809768,0,0
22.022624311128805,13.048090835096637,87.1208861586235,50.39799395667266,1038.4386167453858,5.04342211330372,45.32321650999273,0,0
37.365610012436704,175.4929899343556,62.954532194324976,49.881970224990624,1036.701507847201,6.204928493752211,7.942369963257645,1,1
30.5764737628584,157.0186612995984,3.6936998104227703,66.87057959916737,1009.4464048527236,18.570835268547633,28.64648171450218,1,1
24.759281462374368,88.09673026793563,42.82978817658182,78.90766901514614,1014.1752077131549,15.178420758125327,82.00417911986891,1,1
47.30433964569517,86.18734635692952,118.16368673658594,37.25286507229222,1021.4365161947328,10.680186346143785,81.69005946848834,1,1
31.68696822122491,156.78772707248626,111.62024575772136,78.58354129120698,1027.6094286218324,1.3435086253171225,20.495766223228063,1,1
49.10063091762578,138.63740075747887,67.37388207732056,49.358109871716,954.4389001206918,7.3827181592827,49.89128732895759,1,1
22.401082828541035,34.627358254766506,61.009986162902024,66.8723388502035,973.9917918854525,11.74778948912426,90.0339963874295,0,0
31.56106403074738,171.47803391743628,111.27257334399822,27.391522314966856,959.5811579656797,9.520883657752028,58.810244431770265,1,1
29.905921256276024,65.29015408350061,76.91929393513871,20.16652098799362,1046.8073280863741,4.641581763760443,91.7098768583007,2,0
18.815516058707708,47.617436408914514,28.184844130500046,99.69223233605169,950.4600545725884,12.792764186069917,86.96865810608529,0,0
38.52957789086578,72.54676364338883,114.99712352435219,91.48166036712328,993.3954920249517,11.46656985222327,96.75191878052406,2,0
49.389612667426455,89.96465514359045,101.68200337717063,44.15841815631491,987.1812872930665,3.2964376598045253,20.91845927767303,0,0
37.99056557907756,102.15632360141618,27.735823275072345,52.232769308932205,987.3183459863682,19.747204090706685,85.35658372113794,1,1
28.578821668433847,182.78331577920662,41.116246995380536,73.43212101878876,1046.6649996682113,7.805577279771045,67.98849651049338,1,1
25.357333387192163,53.262463119594926,68.89879997178623,98.34116784265746,995.313384872017,18.752739406331614,91.43635202447616,2,0
23.881691432074817,80.36388141686548,77.19629741930197,61.44367075291133,959.5958529863175,19.873960602543164,75.265400121128,1,1
30.31929133786491,123.63370993325826,10.508738071947615,59.6241322951688,1043.0832415817488,17.932019161099568,33.73808454831456,1,1
33.59787523374686,139.47670481752937,40.80111202894864,25.190337447515077,1000.5441656717804,12.032714716466728,0.5841600121510249,1,1
18.345138073848574,41.45812871883046,41.7662744389121,63.28409782644643,979.3842918759665,5.5236762881300745,86.93493438130818,0,0
20.07677242804992,99.09202663447205,114.33896603233632,70.00105992928367,1021.7205479894438,8.624739827812142,1.9932167119719568,0,0
37.61456289285219,126.3848562856248,13.25131637559997,56.97277708997052,1041.532894466565,4.101696639439503,46.10987546341103,1,1
31.138611482018213,162.1522936295277,98.94910443953334,80.74155357307134,986.5454159188274,1.440738500370402,34.94829772240141,1,1
38.79269204449689,140.5493148978153,115.80002513720629,56.29129851549668,1013.2435582940291,10.783817414450635,15.061856011323737,1,1
31.142086524624762,108.96703093779885,114.08995272507103,49.32312435271648,1048.0099103107977,10.84600148048169,24.246924330305752,1,1
21.708253545553273,28.33898345204635,54.35194446881436,21.75411438311386,994.5045283314865,19.768093843118926,67.01067957222666,0,0
41.59251424201416,23.80107814365251,56.7721033788109,42.89784808205711,1039.409752798903,3.6258494402782504,45.873332713674195,0,0
35.58167014209732,102.80821831570653,99.62922335644888,38.51625370557123,987.7391110423691,15.84168593147905,52.807141173680485,1,1
29.074108497678505,5.888502948966301,90.40625088187312,97.77456623734082,1012.028700948851,17.13082441377589,51.68757431949261,0,0
23.10883378981776,2.888420847029094,78.40779211079871,59.44870785985957,1028.2098147087602,13.89364834870609,98.79523682065647,0,0
32.8609404194214,85.43495793460187,34.408762732715395,58.14890334330195,1037.2871478122922,0.8487945158348253,97.79000472861887,1,1
49.76575180077293,119.56427571758034,39.78530444344817,37.843917465761905,977.6490395684879,1.002108530099437,47.511095848335884,1,1
17.006349480254205,143.69484295518504,44.63153466394249,35.94917853977306,1004.4853557836038,19.475186144860274,69.51310490184183,1,1
32.21113975364561,155.38285985090127,88.49717662787864,91.33883688462349,970.4668947593948,17.17755152517464,30.102608704169885,1,1
47.9349624738784,56.21302978934703,111.22182517952115,97.10325715712641,964.5491357457014,19.48999766525566,8.572296842928228,3,0
22.64987253143827,88.8337561745609,119.2316838854052,59.08504409323035,1005.0409443178486,13.888498990472971,96.82935582729513,1,1
42.41729900434855,44.830800884739716,36.35891167972256,27.810259168681952,1014.445236416474,3.6148061307844315,25.74048884793657,0,0
46.0839779313132,65.35113506640305,67.99760620250004,51.80528070313416,957.4031287405913,7.257276597934101,40.806820303593085,0,0
46.349538566903135,64.89013072926791,45.50893437144814,82.63174149378676,1025.8956651211597,15.965705532969816,95.3770740076004,1,1
42.84451244381745,81.52164064357818,98.58102202777103,60.693970567195066,977.7714032518566,6.058341362620247,22.384238856339834,0,0
20.07475352369137,36.898082370730066,7.5813659944583245,91.0760691945909,1043.1007809649122,11.73540784987791,84.0489556608685,0,0
21.42498859286015,180.33476504539703,60.763387155661,25.373199408444407,964.131274449416,6.179529215736343,4.3557580354751435,1,1
25.825268230610526,11.986086623778359,28.32331262313902,41.253580468515324,1049.4368976366793,4.710933475273289,23.918644893858033,0,0
39.037613892543476,171.87149570329038,46.44664951225038,90.04944159525539,984.0142020747758,3.9403175923003864,32.96388243277235,1,1
36.32747308747973,73.42863186241475,80.74725647871465,38.95487035379859,1020.0992893989148,6.948767264969334,45.58683716019345,0,0
34.52107991550136,137.24500063719873,28.645643021848045,86.87564299286484,1022.184274975524,4.681958380479989,97.49745626029103,1,1
38.26789468606604,90.48537729334112,18.90327906642196,62.657680184650516,966.4775886827118,8.589833573956875,40.87125227395189,0,0
40.197887552161106,38.476636244849956,98.6245625845015,46.09058616129326,994.3988626968775,15.44681951107685,62.53923997135148,0,0
25.780887313067808,77.2405849091762,36.69441767875322,67.58161338217258,983.262453320684,14.513953895662816,57.97871585837261,1,1
20.099731411162814,62.05372373597648,26.57369302921869,51.225057004118824,1001.5984086209363,10.135257145682196,75.4523676563289,2,0
21.621015226059825,189.29456585948935,41.141412825860236,44.01990775329108,1018.517857818022,16.11033257366125,37.84717648136534,1,1
41.139644121289194,176.74719122721095,92.01643982483489,22.73571884566664,1032.7368911366189,15.489619169087348,66.9290238153186,1,1
41.60078466807662,195.88507916638778,51.73354653820196,25.377858796367825,996.0889969627717,0.9286731078209587,29.425040808846113,1,1
35.540792712886564,61.92457858523126,82.24742950914464,85.75890621485769,992.0439179279537,18.002759025860072,7.983893135040021,1,1
44.403960747015745,165.71462908785978,38.63926755921179,43.8972149699692,980.5094981153512,16.22787424688822,83.16534876101952,1,1
26.540286058968366,118.51806948889237,16.67198753285454,57.50229906248177,1049.8792850855539,3.176782954124937,94.7562639960059,1,1
43.84891526877527,194.44293018925399,21.549451273263962,37.08147923546914,951.6867181734858,14.49403625831211,64.40946934361857,1,1
21.232290341365623,158.2289931084144,35.90346073580705,30.79964554645081,992.2562665019348,1.8193969685371214,26.324365627324664,1,1
27.996667544957116,170.37283490282996,95.10584895518657,55.42034286004946,1022.4575057752388,11.3729927235801,34.08418550780681,1,1
40.40560202233497,136.6998308932756,74.29133306323224,69.43644168346005,1018.2981992326977,7.690910252850765,86.90758150677024,1,1
20.680774592376128,176.7770926478308,41.07382116383933,30.002529248689804,1010.0027402679129,7.519733381408105,81.54997271035192,1,1
30.077491398506858,133.71250511242195,36.99095874057906,36.75619000202721,988.8049030948824,12.136156692048669,65.69467392113518,1,1
35.23723328543064,197.61114372482177,82.93082237941984,94.52157020775343,961.7933194895174,1.2274585962695772,31.099470201195366,3,0
19.780612843174836,105.17370564565354,62.277750422793446,66.00377331551601,1024.5227880831073,19.426594004246397,87.82586914391464,1,1
19.142853385145358,67.70273775413145,30.698763005765027,34.14538862238342,1004.4724876655785,11.065288040654611,22.72448278880613,0,0
39.91640376073399,146.58285983390104,2.5175993800719976,51.660616297785324,1039.0140641201622,10.406372164876764,34.76278014389943,1,1
23.878665305829557,48.67090398365646,11.972164062096763,85.37811352744737,958.6657405394171,5.845895317236316,4.56757385663532,0,0
42.34852994032951,7.856736445358092,36.99613246418501,65.86378960693312,990.9561360293444,5.645421344982009,27.518907242754164,0,0
42.92266071021872,194.795619017449,41.764928453855205,23.131641088721324,953.6565777909109,15.184268304214362,55.236982160912696,1,1
42.42574300960656,139.49940205771497,108.90076191184758,90.86594328372988,1028.8327395621177,9.503783200842875,30.812640760385246,1,1
32.745937560562396,100.41432146396471,73.23306586672052,34.887805422632326,1015.5619880444989,9.132018484116315,62.02048319408592,1,1
23.3861688021841,86.878978775471,25.224145734302432,90.02441254054413,998.7961045041537,4.4996283114762425,4.120869574154629,0,0
38.650853262873966,42.928942797951144,118.7498630782534,62.69602987321373,978.8976996248032,13.153548675852607,27.521992343808556,0,0
43.70960028684112,61.64721018598838,118.58972788750911,68.41158283562349,1034.4411148942663,1.4563093915684444,34.82994173861882,0,0
40.812048015815236,131.01180346811654,23.30917457205093,48.49623444077679,976.3443407487541,12.26740339523686,34.4568229458775,1,1
25.81689847001224,41.47559608726834,49.0832545097578,35.64020721572429,1046.2569587377632,3.090036229906068,91.33047149587763,0,0
29.996558435480367,75.57319831234442,27.75837610858186,70.86050674940154,1018.5528015010836,9.35141924504835,5.570689569342413,0,0
47.14785527409925,196.0658265752762,51.725209825420194,69.09286459274617,995.0298626243747,6.437593017722412,7.731879285780763,1,1
30.96237056390546,163.6769112718903,2.043775330560429,66.56861465441779,1038.077210872669,4.35098860028716,18.32558646890622,1,1
42.029681899568004,51.01728622385866,23.038112107277815,50.239140045538804,989.2502012270218,17.48202126033132,61.84434719336769,0,0
29.208650971885625,106.87759285715337,114.4758279990329,29.05717412879163,970.7715521724691,19.250574131731106,95.73248485272042,1,1
21.20078974426704,29.021763425059643,50.53021612063438,23.97746339903753,1015.490353228514,1.5499204332348437,5.802962709428073,0,0
31.981542767309723,191.5573272220203,51.21551232757915,48.518492692844085,1049.7956715502287,10.639379215583668,37.524140689024854,1,1
28.505128466956066,38.991899206702094,61.46676689370467,55.10840225344047,977.0795296347413,3.2108017320351956,31.123886866755367,0,0
32.80391646907053,11.666654456960334,18.449283430074715,95.81258135752763,1004.285535103134,1.2689860732007574,69.3087758769573,0,0
17.163100452766216,147.7748454092746,89.99552660640322,72.08631805994021,1023.220454461935,1.7593156202611548,72.67805523552676,1,1
19.784091190335904,67.90118145436877,113.12943042007595,60.23003821273121,1046.7426432083014,1.778449177734751,47.755659956318006,0,0
17.184081209690472,126.04205247985696,9.444840164221965,34.029424203230185,975.883031006928,14.974877033289664,16.396211881807478,1,1
44.632121865257375,26.380787766160175,4.22933388841876,51.60363351757343,1047.9441641971296,2.2068445557755445,10.171844403962904,0,0
41.29082787784684,62.43233879871306,86.07379406708603,36.00084715546907,996.0071994198163,5.305797554978358,45.15282148790869,0,0
41.91839824048563,152.40198809553235,61.89267452084684,94.26974749768408,976.3784102448274,4.806227022384661,61.38064011754337,1,1
36.74539619758762,9.308007912994798,72.9333254864277,49.95489258792115,1024.744252532056,16.16211329090546,55.21538195470366,0,0
15.059676102579278,127.27316203332842,89.86575355991212,39.91866129852114,996.4646001140788,19.314532468235765,29.811555339410344,1,1
22.810363786460925,42.17095809560203,67.05610012247956,95.98296810464052,1010.8690129200355,6.066462404753199,63.856977806745405,0,0
36.86948041592256,119.38502714593085,19.13114482659624,70.76534394759953,993.01644525145,0.3718411724606674,53.976448714749516,1,1
49.62433608264462,69.9479181687967,115.86710619823899,27.696459333007564,1023.2450115867306,2.2865998932567067,27.357157355527416,0,0
34.979429236274356,118.55593879534977,93.02535806810054,69.22491257819514,1009.3614704380561,18.247061739782765,45.21607522091572,1,1
22.884302254326926,32.35771700472605,47.99935161713997,77.02022041549566,954.2543484929901,2.5810677301881224,10.611346010363942,0,0
35.483755356801055,48.57293010625325,19.951131396167582,67.42165757944178,1026.130991545238,6.643098329053288,57.820460567659616,0,0
18.43435446198111,187.038206091514,40.42754223777274,99.8004554538801,1047.8587755849783,15.576468986716229,2.0067095406966717,1,1
34.021622213452716,17.3672840880023,107.41656311538193,83.17090021179223,1047.2340376595682,12.167659062995908,52.2172804484338,0,0
33.164084958053564,77.28967489086898,56.24280806749692,70.83300665082803,1043.2947607556277,11.91768676512062,85.71159423173673,2,0
45.19729689558753,103.76653516965185,41.696356979714594,71.16590986656648,994.5877341914843,1.628817346438658,37.78091004324337,1,1
49.792524831726375,9.702374005257441,83.6000294281112,87.29509640569977,1014.8725903475379,11.3949646232658,70.75544169787575,0,0
30.02699580548795,18.27234746177535,115.48461051640581,54.58406159873569,1016.5389237168017,10.626208737785905,5.4673071977554555,0,0
48.346131034738846,158.50744522286467,17.89174733632739,98.53191010306135,1023.6901372171708,9.446433008566178,61.137005655957324,1,1
18.735783870510915,112.0823020031222,8.839328642047128,63.588420569544155,1005.2695688762785,17.488775703214877,72.5057500272294,1,1
23.7343337275292,177.68522843757137,68.78911978176069,68.5103582859227,966.8981369222179,17.15547191938228,93.0965115016544,1,1
42.124672732321784,188.15049052900125,36.275988494681506,88.88953346902169,998.8893142863742,3.2783440588716983,66.88005990334011,1,1
38.94420947470576,57.38490275133803,3.2991997953084073,35.98778072684507,989.9777547673887,3.3512582211973707,19.40299482396042,0,0
28.698673253379432,192.35732286171208,91.7092218489178,45.57987209812513,1045.1604068918548,12.912935845174653,45.544964464014015,1,1
31.39050696343015,82.14889356707837,27.959046305512764,50.93057537709646,1002.7896384043393,10.56054701460442,76.1736902212518,1,1
27.55792500050734,143.35960586079048,69.37102065224215,96.94763236214675,988.5284926033983,18.024329285215806,82.06425472982895,1,1
37.31824996063099,130.90289334842345,10.157992152769282,96.01796844747459,960.6936063495743,11.264666174870142,33.00708004491545,1,1
30.04481924014481,122.03660216736341,109.0621653458786,56.605369885784114,1048.7729555306441,11.856241307029995,16.055394264217448,1,1
21.65032531909383,143.22220711785022,6.047735309205811,58.42732609777815,964.8219109803516,8.6643727035569,74.99174220717195,1,1
31.058452488450197,32.69022179618539,30.231044442797092,49.40316709217459,956.9561183486414,11.686752721622437,60.75337912780502,0,0
17.175317449639863,80.4622642348324,49.68008194616699,46.705565484208094,1005.7739740331112,6.919149801202236,41.640927947780604,0,0
42.9133241604562,32.42187108604029,74.2937634364105,60.44755213526764,980.5071637479349,14.550693129808215,55.1188359541148,0,0
31.707653443624338,133.53386295424002,96.2748369577633,97.81350320268609,1012.9350368376373,17.488799708007658,0.10915410229569433,1,1
33.55824924540619,42.92950975403962,11.30309484997646,62.55768136515137,1024.6826506149093,8.245450449487596,67.0107449344435,0,0
32.14017388443325,87.4171731918852,34.83079685230328,50.60748116008036,984.9795630794428,12.92374368029763,11.601851127913953,1,1
18.24227290407321,132.00259884169208,65.55576838546568,54.416007739412606,965.2442884407903,8.22054223738623,78.97317633200116,1,1
46.136743252623994,140.51531399284403,7.189461105705699,73.63278212808949,974.0985589546294,6.305024860528102,19.58732079599845,1,1
42.15145267170716,129.7204245274558,73.4202065519017,73.43780877354209,973.6772261403903,8.892888286507233,63.325372154898915,1,1
37.28079096664051,158.3703725510261,34.45247600257326,81.62688973574579,994.0184480616936,13.403453841178695,45.571938006528676,1,1
48.201355942683016,35.86045294832889,81.00061062988286,66.12280006145271,967.2731040947745,1.3201267162333585,79.91443889716636,0,0
20.510796677619282,37.301336557155196,117.41210687868472,77.38086811813046,975.0486841601222,11.818979203032026,53.41118384025133,0,0
44.55656436298466,145.86414956652487,99.8065350591823,36.92052703818899,1014.0219204367005,0.8048171683676064,6.894061227922011,1,1
39.973446144660905,4.88402052878627,69.5718010680611,87.2324078755624,987.9941808418029,0.8968087367982558,71.38474496287269,0,0
47.53902583624528,143.43427841165357,69.41366916033303,38.4023063903248,951.5375624044497,13.893442169581064,23.102617584429296,1,1
45.03569370138251,93.27282376652227,63.67626988469475,80.31492354130933,1027.9430607803342,12.853016661611363,93.8431815412743,1,1
49.380445271214676,189.37708887492337,98.90150224127322,76.45001761954012,1016.3325857881667,2.075003538410678,27.148434681911247,1,1
15.199087823528195,27.481974046798374,52.7075372603026,31.722924063125866,1040.1663414676757,16.11398370670564,7.161191208951823,0,0
23.71198004135431,163.81437692230176,96.36553518718482,95.6360440094231,1049.7547761617361,19.525401264822438,41.01379857214415,1,1
23.761495533071127,151.6820380854125,35.912747129283694,84.51202881050638,1003.3954730397925,15.878545504699078,27.587987971701043,1,1
32.78095604438373,112.80475872043641,113.17296812641585,41.32780614643338,1043.6688239284895,16.097178309314316,73.08940540866953,1,1
42.54045942147938,121.0850091760114,29.2896012554983,35.15959750718822,1036.634143585039,14.502788051916664,21.320428276094905,1,1
36.52826780560406,89.50929628284476,19.03862039557127,62.548568748573146,978.1519092466417,1.924882483151431,46.69582985454108,0,0
35.65379932327467,9.381282076230102,48.25112992931962,40.61295358693482,953.0650590707232,2.513250992230116,13.903415881837756,0,0
21.40059868412899,160.67551428758424,52.739023977376704,31.76687938163095,960.0296966927889,5.958809174580781,79.80155187044524,1,1
27.75609467788752,31.979472058787618,48.49394178553919,64.4249245829646,952.9584183638013,12.552836028803462,39.51007530147893,0,0
15.340405629591803,134.77787978927617,85.48651626751779,70.30718308469463,984.1930217598422,10.592097081319222,38.71577061334354,1,1
39.5217605555893,116.71603724673774,9.81589365929397,71.4474846575198,1018.7238414337802,7.4140436122939875,87.57857809597044,1,1
44.505502419573695,35.03330477994757,108.51195701830423,55.2697897196062,1022.3749652634293,16.28194013934472,50.51124210696899,0,0
28.96856787797855,183.09027372301966,27.702426352250782,40.55760621753156,986.1620314013437,17.189315559411313,93.8788264213076,1,1
22.702370016420165,172.77402952624908,30.984355136228316,97.65129973999105,1009.7407891981583,0.14172934894764788,3.4129904071177886,1,1
20.161958578164796,37.514631563751344,92.11429473919159,37.82127011335599,1046.9141620049859,12.722241144058765,69.25175092535177,0,0
22.623578174982264,178.54126281901694,80.13774873839176,89.15244994734911,1045.6481097231226,2.5128195421919286,9.658723026894567,1,1
43.11927393063725,173.22521181883405,70.05137050535828,49.28004382004165,1015.2629636075224,6.113281451849146,23.838569215346816,1,1
32.085082333454295,43.23076552127594,58.04443299782075,96.52852043708576,1033.978403561739,18.832618390000448,80.63289748473585,0,0
27.416282758119685,162.40904771031182,110.74988922638569,95.76286302696435,1018.3197850684998,4.227332876302263,3.972915336469085,1,1
20.15200798560545,193.10938357878908,55.45161890313233,88.3988811865646,996.5044153558291,13.216351669196788,2.4140777122333645,1,1
23.745272995177835,87.25385600851784,75.67572565849959,33.72169504425428,1026.455146427049,7.288094122724747,81.74352692338844,1,1
18.428918163827355,135.9513175364744,35.19939998478122,83.63065392980943,990.2170427042411,13.306992645271329,93.43052686364734,1,1
15.721932120481753,2.2233564668747263,92.43351026120561,71.71144412064625,979.2979720504433,9.887934055485248,4.193566559886874,0,0
21.735596187643427,84.8992749054335,100.08532994657787,58.373374628806786,1008.6362504525979,17.475075839875608,30.881891358884527,1,1
39.52447623857196,172.33345173565067,24.313884083541208,48.5182532118266,1047.9810173889355,19.66437129592422,22.32299302939379,1,1
17.325604361241986,54.184322262010575,47.72783487644247,55.280448074493094,1011.8806307330424,17.990055202630927,33.034801190716244,0,0
44.7494587424723,18.69578418532538,5.024963876785766,60.3236146498769,955.9662223330605,7.849796024684603,89.67781168692343,0,0
23.451906267261567,141.19515502498064,36.283847086808024,23.59360441937085,1005.669058141031,16.697069810735034,40.94684483426194,1,1
36.605283926033046,180.00471953154516,94.76334152843853,35.51011195142554,1023.3383959365005,10.03786050320304,74.59668078860847,1,1
32.30804426827764,25.59163282166057,68.3891336027087,59.37071939178719,1001.7921733641442,17.578049072917405,89.48370467062514,0,0
30.87379873680014,91.14640825601768,61.82243506471392,61.567142266740554,1045.0387144179113,12.98800934754987,27.745699488794394,1,1
33.60378789338965,125.44471658159657,76.77260652167574,66.82033809905462,967.7736154621538,0.6718637815901496,33.78430523668544,1,1
29.963275409608876,12.36084791521732,97.79608056238153,47.5261950008219,1041.3632746178505,3.0882021568453033,5.693495693731343,0,0
31.881063653521263,37.82586736514133,112.48791306934334,20.824271876299115,991.2619675059035,18.534955426903366,38.44182067297683,0,0
18.258824821016127,60.57898857235742,59.761247260132016,34.81213498746665,996.6561705143262,16.72686391571675,87.2617970196613,1,1
16.724125714875623,32.1806716105147,33.0348162920165,67.58926807100815,986.0994758792467,16.88081826892151,71.66718682829377,0,0
18.515960808972785,124.91150050241824,13.56151504163741,40.402853570916804,967.7870633534228,3.461238984014099,61.639552477685925,1,1
34.72617228939565,35.205630557545376,118.82073665021181,53.746938589463504,959.7069328154937,2.4113803391023025,58.38937137265947,0,0
49.267429118421546,114.39022032383957,113.88497719399646,55.530628060642144,993.5841103652012,10.000147186317644,69.74254581555553,1,1
27.866558825796645,172.7772065357914,3.513766172177548,55.18113560227539,1001.0991849979918,12.140644765261923,27.607191236586324,1,1
29.961798984504235,96.90755004281132,82.4291974419856,81.88353477886511,1023.7827327343787,6.831661045791706,99.94505229919636,1,1
44.70328591255128,52.00467462899378,23.412696680739305,45.121700046671236,995.2344852999645,17.015987566392276,77.83622637945345,0,0
44.793614322705665,54.3914229820657,71.21534669422034,42.659924982189956,960.9023160719494,13.683954869493613,14.299755119543878,0,0
38.3694216597265,129.59286098108183,97.22981333088204,31.164368365085153,1028.348014850881,19.98553051892474,85.10424485859022,1,1
41.31342267146832,132.4330709389415,50.61377816225153,78.44001343132817,1022.4178035140453,12.629965653745765,79.62783782978285,1,1
30.706736094939213,24.250542426478127,67.08812731310849,41.20348229690741,988.4433097429151,0.34829807882452046,38.27905879178834,0,0
43.30803871474092,108.54447338765097,1.1760632320765252,57.58750561918778,979.1451647645407,9.551013107943422,40.4692721447877,1,1
47.61927268450835,8.235459792603162,82.03056135383187,88.08212770413932,1045.9238584650475,3.552724530885918,53.13048019661939,0,0
16.525635206102418,99.8367048910177,15.054970744917831,87.03173397589707,961.3870002605365,10.265767207729905,52.10960689927538,0,0
49.00776742760619,130.99613880777764,34.54083516921623,39.263944795051074,962.8248205645065,15.13029448098119,69.07566561823386,1,1
36.34569945578371,8.16808858999767,91.53946396731534,71.35100617187834,1046.388886811049,11.744042597536241,30.395190666170812,0,0
28.35321932662621,35.168141075646496,86.74970186416621,76.61773280173803,970.0650015477677,3.169786463645572,7.70049332021946,0,0
46.91915102886155,46.61396673897023,41.299623210216474,42.440360670199254,991.3624602610791,14.280975987649667,87.05956337262845,0,0
21.390956233498905,137.28246874823301,42.30745706909822,98.44217346378342,979.8919159284077,0.14385912015719926,51.563997401984516,1,1
20.27558794965782,8.89888536367982,83.79230783372502,78.58074260067653,996.0699013116503,13.537710335131546,53.82394482471339,0,0
37.04303877026761,119.34079463759224,79.89873168667108,35.9704518938537,976.8706620036701,8.79926299015384,44.61280094191864,1,1
42.104409905541644,73.47873184590641,19.500618727101884,40.11727763928607,971.4733502384229,14.633200385120439,47.03396146259821,1,1
39.80207442898442,83.24393615152539,106.76827230046862,98.68162461781877,1016.9842508702611,17.276251144724377,50.79332671720627,1,1
47.711729412386774,166.3172971345656,119.0134286119247,69.84749882622245,1027.9206740268228,10.85736279956427,25.912010427142285,1,1
27.41643098954152,178.80108294626322,6.713753591834468,67.31839088595265,987.2484032504109,7.733850760111114,88.45712064137673,1,1
44.88378310911793,119.76847511449374,32.75026168852007,58.03650769296192,990.8293393789216,7.072360584049906,10.278557855729641,1,1
34.008986035036216,60.366259574896716,79.29695315130341,45.53631486604246,993.1163493134802,1.0472074838881507,99.25380699054777,0,0
32.76636341463116,4.847518832834563,64.94767905133729,89.62831994445197,1027.2552134266202,14.018133682589083,13.94646545990349,0,0
38.020797764561536,153.25967560245206,68.6902876758596,91.41992036162813,977.6989781784886,4.842893994785012,86.9569744942646,1,1
36.88893850470083,0.2894441041998652,42.3757690213263,88.62847886517396,952.7319511641743,0.06495856523017762,28.125929052512976,0,0
46.99000129532473,180.29551629400328,62.25143349618095,64.25894969116982,983.2008011317189,4.874733240556197,81.52218542121183,1,1
18.72032011748745,97.47087417572715,76.12767113965013,28.294423229682337,1001.9607095472346,11.550425758248863,74.24960605073649,1,1
23.21926172016365,58.66550065815166,68.34253759596402,98.65011279852914,971.7493182820115,19.71807654246928,71.43425330544812,0,0
43.91287243705081,17.928253647267844,36.050422491675874,24.618902372078484,987.1546995003175,19.625793198401038,10.527306220633847,0,0
34.68304738299199,1.2141245627624642,85.52193792528752,35.77541538976328,962.9584537124763,6.740356243215753,77.10442979389815,0,0
18.73145802089238,45.96779915973907,1.0157305940771444,97.47318901564944,1009.2145599988864,14.397992727693989,65.13831711560145,0,0
20.052759560438602,118.98798779879883,15.769871416951453,52.09891631705023,1006.8963135925293,11.177622282043117,11.907342598274095,1,1
16.205258937628276,159.64686277476275,87.11069243952065,26.545512365179043,962.7415518801554,17.851675527792406,76.91289016217799,1,1
49.86561036758359,50.79748984100434,58.53635866425779,38.91676608498845,1012.280013847731,2.3082847818263597,12.72431727430331,0,0
17.51607619917929,138.71721645283338,59.28870929198481,69.4184973083704,1037.930104658936,14.806569695107171,46.172291816669095,1,1
49.452459593797926,91.25122022839464,13.494080788023982,99.41237978021728,952.2820730014847,10.997671189755042,30.909548869970926,0,0
32.624325285594466,111.74259051890432,28.81150755341851,64.54870045898095,1025.6061112005536,5.3301967448799665,38.34261333139071,1,1
24.38849426074203,164.1119461976405,86.9978711051516,89.69571497747259,967.0049892901659,1.471592763195031,11.938350385867336,3,0
20.635641648848274,106.61653213496048,116.50944844353178,48.578833329342565,1045.8508269360204,0.7640158997835944,92.68722028146583,1,1
21.34034125567399,182.49499714386977,6.74729161385534,95.85755579960261,970.0798264318861,6.054281201463214,49.09423441029581,1,1
28.325230843241634,133.50559385263,116.97693207000928,68.51411926439525,1022.1485409436549,1.76010500611403,62.78124290700053,1,1
30.884742196624458,177.15647158392568,46.58533195717224,74.35633152399353,972.815372825908,5.187450670483919,37.61224309222736,1,1
25.642223812727593,50.77576787801497,5.9602447080971155,86.93970654019672,956.4301530891285,17.74731031205935,12.546538906806026,0,0
17.284160797193067,112.60095279613942,60.293015108966614,59.29876550655081,1007.4504327501397,5.741132122383115,66.29492734296112,1,1
32.58407768975141,66.94869339146506,99.18008003768738,78.21768770613681,989.3610341944621,16.952355704577457,92.02582501117742,1,1
33.79031934795269,42.990490031384155,109.89505878563843,35.158369607641376,954.8423226417269,6.549740177462617,72.69663444610399,0,0
47.31459302237423,127.45712936288798,114.2206256359992,27.38966714207173,956.075372958802,12.08383901487328,96.61163224927549,1,1
32.59524581341534,10.303045187861027,26.54623872929474,39.583432513261656,983.785712913695,0.8720676717242526,90.48927004979163,0,0
33.04473806525233,134.1861585908218,8.060740427401075,24.329237424291954,1008.6467772040547,17.74592021008416,52.8482000959547,1,1
45.72367103995251,162.19825461104787,9.10245429539049,36.15659795085519,1015.7710669155342,8.870027651000832,29.069981364692055,1,1
29.652184961679268,89.03992925412687,109.26627009859158,28.276662696396244,977.9730746807616,10.75129633165428,69.82869266305917,2,0
37.07230511357353,188.3285475474789,95.47307097833678,64.56614735795442,971.4682691673507,9.017484628044796,69.33822441944774,1,1
44.32867611926297,191.94724488447747,72.65433193655012,62.1535493843546,951.7691923121148,1.4419813830035988,15.610499763740027,1,1
16.916597591636982,80.1726477609853,40.42542541666466,70.98833262947143,1003.5665107933403,11.919415187757194,47.197720293765414,0,0
24.720800199399,190.5650629892954,10.369099171216675,95.11127995722458,981.1238046864735,10.253228907345948,10.884232282754613,1,1
17.482587392985323,85.90908974372059,89.00368516556138,41.549182203883916,1006.234788893532,5.573006810456366,38.86130608930408,0,0
46.72562114658386,171.16792509898391,61.92210521011558,39.0484501977663,969.3183912733023,19.081747060714285,20.271659651068752,1,1
43.28589088193887,73.79404190710746,118.2791817069886,49.45245922902303,985.1516624910726,12.749272577552462,96.15168066268193,1,1
49.16733620287515,141.44122929339704,90.55276387636243,65.07217407784222,1025.5775739132332,17.195593099409933,48.609530319502326,1,1
36.695179199053605,107.46333904660955,67.49647362344126,91.20383278991527,985.561683020557,4.163680512012484,45.628011027362916,1,1
22.28298166684428,99.68008513240383,108.42097264284703,69.39468163859823,1035.5432853303078,3.323818392310236,90.08735925371768,1,1
36.06255075424905,6.35195774809596,75.97427463420442,96.11175650087344,957.9167000475362,11.649122609391442,91.54786028697147,0,0
15.33933089170311,126.18258529316464,56.988275019715516,47.759145491888845,1012.7536489945376,1.0540418917483385,75.30630462874002,1,1
15.156781692189767,61.387148758470445,60.47503652216141,50.161780045324136,980.7475935205582,16.616702909361923,93.48325742719089,1,1
45.5799439717061,104.48626260999994,106.09970102321796,93.6689252145235,990.9238397047462,5.668917190108909,9.826520581332032,1,1
31.768217236723018,189.2593840876883,67.30890336844452,73.40496814289372,961.2883818491848,2.870393282845125,46.44732619596725,1,1
48.294267964430404,72.15692831830577,105.29808495810403,29.623087474056923,1011.701720693371,12.012259538210364,85.98747500702684,1,1
15.116084654171553,37.98633343951443,26.362515051537805,95.997287047259,965.3693656269895,0.7392470044112076,53.44614947418081,0,0
33.49954618517886,168.80939307357286,113.86315802133625,63.08363537121048,1042.9994182419655,14.503183025996593,26.4559127995585,1,1
47.49472488303742,133.48863523637496,49.691511929116054,74.41936676135445,990.1312827743751,2.2836753597591852,71.89787471768997,1,1
43.84306642597603,145.76123980387754,27.493760130801185,96.53080107820904,952.5254561691156,6.653705947512812,26.00924345348955,1,1
16.684417966519785,81.14593859773369,74.77378081953294,90.6042290788081,1048.968971619147,16.161791728087962,46.86805187128248,1,1
40.329654908846074,168.72475771792813,55.83686357024176,82.80435472203999,998.2652418312877,7.729919817534454,52.60908377837612,1,1
38.654915816950066,145.37641126371946,42.80835226705294,65.70562012448278,1040.9870874080448,19.526258002212796,22.72480911839545,1,1
21.74909079996695,135.33712668572971,49.76206629881326,21.937787073450963,984.6861870647284,16.13489486944504,79.74269303831825,1,1
32.31398020858036,94.51558697750706,69.5408930921253,37.55173684508608,1002.6043624890956,0.2209272011329677,47.55595547831337,0,0
26.761786618770742,134.97392118073194,76.60243009831531,50.46687041462472,950.7272981478592,5.045472587899209,63.33478501891623,1,1
17.533067005612658,21.52848436669277,77.64420294805046,80.46139207594338,982.1549708012712,9.793461310331237,94.57113649836586,0,0
48.09402467615893,61.50055489268602,97.19854500205084,67.5155242245487,1047.548449335038,9.552271394221929,77.47068680155616,0,0
41.88479953652049,99.48657352661523,95.47561371567693,40.88322666455972,962.2253036290228,8.503274893106326,94.36306566335847,1,1
32.52606128708851,127.0518277293854,74.89949470894504,30.605829381562437,989.0296882377211,14.138779458437496,97.19900985807263,1,1
20.880620840395913,82.08837806782326,11.411255976327524,39.390116771940484,987.675934332615,10.812864959047008,23.056688223908097,0,0
22.964693141254003,155.56599582804077,115.51699955362575,45.889037420116495,1018.799201863568,5.161609227158415,92.7952254965632,1,1
38.55158260578894,160.535370927514,5.922485183899777,67.88047745924997,1002.7612331358382,5.859938138230641,26.24299850573181,1,1
35.30086808109394,141.29712700144503,3.980730844222675,65.39212655389635,967.0459528946628,2.807254627722011,62.311948809468454,1,1
25.88045410261156,88.1760466269728,43.19985713277275,71.86690561220189,997.0119766066468,19.26917324075895,35.238275910646536,1,1
40.909951909199236,51.4585135166089,61.05037111513762,64.20558015215656,982.9109281062732,9.435610578252582,27.927863789849216,0,0
15.21002735858937,43.12966032757575,84.00770069918407,81.67704195883016,978.020286713892,8.160859976361438,3.736566013861109,0,0
23.29720153841882,155.84385667445983,72.71835243180686,36.461641756349714,975.7441995122432,16.336040459791203,20.90842029449008,1,1
26.695520404649592,132.87173833092888,67.33348628496944,56.86961641870514,1039.9741090979744,4.394209254301034,74.14198908629999,1,1
20.567234421636417,123.14676669642904,104.47482760935759,56.63214283825103,1022.4294507191329,16.407867059979765,13.602642487760274,1,1
39.70394133487385,183.96820479773527,69.1644731826653,34.88977956230048,962.6942531588943,5.194706609334958,10.351326901668257,1,1
32.96879250547666,13.940936541346915,26.808554956347173,55.19283551297715,997.3914750402022,11.307969702939289,70.56149627507266,0,0
16.653002388291362,16.12419043515665,7.303098216573689,53.85202523719283,954.1847944882934,14.921625336626525,22.300018103847783,0,0
47.872437265148555,97.28075101942228,53.559090293064195,82.44309541116002,1021.3153983892992,12.146180818962858,93.514670625037,1,1
29.779074134547695,161.7063351544573,45.61115348949822,87.06765394368838,975.9474628965969,5.78534145672065,67.7869534017454,1,1
22.44496532331287,45.83083740508576,36.63149148208977,74.31430157283006,1038.9388092423233,13.491353022539734,82.78142443441251,0,0
34.02462063930644,13.784644269029055,12.055945381020079,64.35135826935323,982.7800968642109,4.411361472738853,46.62569273026208,0,0
38.327385931650554,76.99838954717168,96.305070858881,79.0818597257115,1023.4914882159567,19.70379379354777,29.522997737163482,1,1
37.56539552193133,171.09566803206272,69.54293206966932,83.16017408923142,991.4452185839913,11.809826913096092,5.5666392804328275,1,1
49.50186620386847,160.00369628968346,104.25708859577394,75.5435422514357,968.6050032808699,0.6205688483606453,86.46566077360136,1,1
28.871572880764308,52.77297520798398,67.40075506067333,53.67188179805755,1015.1665995687557,9.675864661090273,69.72331404402706,0,0
44.86981443282001,39.11140219115781,39.531945667858416,54.94524692565111,1046.2058448027637,7.306672270949706,38.10998495926295,0,0
37.87153830358464,83.83994197798985,114.14684947675262,91.55750083803551,1001.3408777775672,12.895504678956996,5.803056188362055,1,1
39.350568481133934,141.44017458980645,43.10391547718497,37.57463069002181,1041.5078401817016,8.534098016102554,65.37061048017107,1,1
16.16650782416896,82.81343331536726,98.07105732166559,51.006080032057206,1010.3161160136876,4.197116009690789,41.652564883955954,0,0
47.467320131861534,113.29034994020743,108.23177509115177,92.16154395916347,1044.414780042448,17.907833201602106,0.3281129010300643,1,1
47.69052120535589,27.491887817075277,4.791150133338067,24.431082766244224,984.8916195176433,12.416081705375872,40.231119651899746,0,0
15.894399962728281,95.29652683494294,53.05568907244561,80.54794124013175,977.9612898425438,4.3506234758873426,25.593895767662623,0,0
25.63089379204468,119.8329746734333,56.58305825424958,46.95156521432463,987.4314158283678,7.4184732031795235,97.24066947103174,1,1
23.15489458185334,163.61231205445173,84.98530051058245,20.445600448284047,1049.3176218125489,15.128787412671471,68.24495863507913,1,1
29.186364768682306,111.04061778285792,30.392507480096423,22.8386724116558,1033.6021658445973,17.929689873623435,16.247063661423987,1,1
42.546963354600656,148.23053465713173,21.405000232330856,53.746304205983506,992.2757920834104,15.19928516610497,83.76609057760554,1,1
18.317129248697984,112.59384698084058,91.40981963146623,82.89524752521268,964.7993524430409,10.510102863015883,85.75587063627029,1,1
26.148150180484947,85.02337978235943,96.52302136035989,27.145561694700984,1035.9493289888978,6.22313433461618,0.14503165911271543,0,0
23.195570076972537,17.900128179101294,11.086188839549296,75.42685873140732,971.3976335639065,18.69484725953965,51.6444546591304,0,0
31.103439028422148,86.85670364403033,83.11051676059581,56.18102100188867,962.8600356225191,17.60344361281513,42.839534892565865,1,1
17.590160149482585,105.87319749955222,77.6816230146844,42.04659713262068,1030.0340407673843,13.395516920747275,65.03411692644335,1,1
29.728873350372798,192.38306028225756,32.90270015390972,66.21644008123621,980.9055157472618,14.89609505943108,4.779148387012144,1,1
16.606285375626722,162.17219390375828,52.112179327640526,47.29440436802846,1010.7526862175339,14.03798687737947,20.12013468444066,1,1
21.490093449165606,191.6301495519763,70.75971676614832,51.20931818354145,1030.1441694669506,10.503179175558344,24.166281037458138,1,1
22.235735697455084,79.37185323396434,103.18750323118556,24.915833283540714,971.8526000754763,17.863036377051827,12.17345689692505,1,1
37.036900139245894,42.70227362420502,72.7040217014266,50.64833334753857,960.1676896430992,11.649501351082128,68.3042747084586,0,0
38.8095416638031,127.40688181454192,60.026973712265494,61.557809348746055,1013.564010980796,13.80518723493282,65.48767388313851,1,1
35.543094771970814,31.16779696082368,25.273984619143413,40.81792168282787,1041.9661657087502,15.18790183593933,55.28668195368782,0,0
23.821992499041638,22.178304648834235,107.85110711759697,91.41328126583336,961.0695595695692,15.944333321929921,44.664506930991266,3,0
26.338842649068905,147.82090724174145,73.71954492728767,82.40240860746698,957.4328860632937,6.371740399149129,31.931685041673575,1,1
26.541358230071793,100.4959745287611,33.96165636971369,55.55068880700158,986.7777593115416,14.705920960410225,60.35007956750501,1,1
37.87703013110604,42.116778816528885,39.060259839226724,21.693235808965944,960.837470729317,5.301084639777747,6.546372130202105,0,0
36.09213401241459,199.62602318476505,12.097825687846623,85.6984170135412,961.8816247265147,13.39828037592872,64.31576030590172,1,1
46.595092718391975,22.789122736102474,37.853335929827736,27.26238082837486,990.7383325804434,18.2318634711489,78.15231510618561,0,0
40.30150351558617,106.6055009725404,106.01828908026275,55.95534385930627,964.9685667100638,16.751704462415585,27.963832805172682,1,1
16.877173935855684,25.207606133758276,73.08706994329779,68.5665571136938,976.0183171082034,14.543602958919582,77.36401553995343,0,0
47.21759191467664,116.98749973564739,93.53080369770875,80.2479743817307,975.7809048467193,6.204518558753187,47.848239575287145,1,1
15.666363863523697,59.47955463154471,56.86594480130856,28.6455436224915,962.6275887775125,9.264734714746822,73.09650315859312,0,0
44.18121258222391,109.26277950094972,56.96987850560773,50.74244547678042,969.2948992437606,2.9312400562872942,79.18964516618081,1,1
31.275232127431767,158.06404909595093,84.48996430807557,35.511673150670305,1001.0307264211226,8.880332608453614,42.38735060906967,1,1
33.98998672213348,196.41638021508757,97.54807172048943,92.29699453043133,952.9639583176038,2.806727335850119,8.47636602245635,3,0
24.213085177284682,88.37849839333009,77.04638971870675,60.06650130292816,1040.318391491314,18.797119177877274,16.35209511974589,1,1
44.85195220926748,96.3444408026602,54.39953655808612,82.79514787876545,959.3140509044877,17.64986254838293,67.08633545476147,1,1
45.634156268029926,198.89551554152456,62.1605342828704,27.46097583271432,966.6523862930886,6.472364851086199,10.355294213470955,1,1
43.536963914821946,59.373570206553694,117.10634256238383,76.20731455454845,967.3430370255558,9.520852938878805,46.68842216333211,0,0
32.23790804167719,107.13823412858711,3.7407698781277032,74.90409005948987,998.7191775288443,15.81930797737398,81.53495732604306,1,1
23.06872926971011,9.68458928535556,84.3880627334787,98.22102307710995,994.6657986580901,5.192256191871916,15.667189458348096,0,0
25.06059590867048,65.58391027428996,50.86496921213574,72.43256985716692,977.3163056080227,1.0195352693735193,37.327861157271954,0,0
44.94703656556765,99.67030217037676,115.77405092944917,60.289722487098544,977.5898816921848,3.8662799449042917,69.45244967855764,2,0
33.77334500221028,120.7997857990883,90.61521472009574,78.07227714119144,954.3363300168227,16.051438105900566,53.27033070517114,1,1
28.70979857851704,107.50388525361407,73.494173814879,31.96050478990376,991.7415395326445,6.711724203763676,35.04089448180384,1,1
18.19672284425579,31.96869760004608,19.419848110346564,49.85797945773182,1039.449154487479,4.120547438418853,41.61925076748045,0,0
25.906329535469826,157.47666251026763,6.015171878497938,35.72347164287123,971.0641542354795,19.859256006264626,57.07750179663036,1,1
19.863539253423138,54.4398278553131,20.13865129475091,29.96836556955584,1029.7182028407892,9.915052573207097,63.121013684878136,0,0
26.59379364471986,110.73901721346589,30.908283902843653,44.642901994258786,1015.2237944366733,3.007002518384605,61.722185916746184,1,1
44.828218574809455,24.08464523615381,107.69535366839747,26.3556544239116,984.8909226955873,12.21018630475989,55.94147601185369,0,0
18.373687537305173,159.7826335571706,116.77839517743034,34.49826313470161,1039.5130969815464,11.136188842235011,93.59337712453274,1,1
21.16300854458664,158.4042786358849,7.173789053439736,90.65571574421811,1017.4159422199634,7.4050956784486015,19.046682349785016,1,1
43.57865844985217,120.64826427896232,43.24990235376016,55.5068659842013,1032.6542656072377,6.778543867137355,8.96326781099287,1,1
46.89487602712155,77.46874793160691,41.80650133382562,36.35196951007515,1039.7422571228346,4.350106673756677,63.66728680013837,2,0
45.8267754062836,6.98272292064348,99.45500463602349,52.84795373518196,1015.7974575265212,7.448091264511079,69.5516256347494,0,0
23.90032200951947,4.386108487079254,113.73450177455442,21.309421123206622,1032.4099289633507,3.382751866449476,39.222022860202784,0,0
43.787233177711954,41.18643006246907,103.8849126630043,59.82071512815211,986.6153462717276,13.248754934726723,34.13897219809575,0,0
27.155092564872497,146.70527818766064,37.17986694469295,36.061811868354006,1030.7646127996572,16.107420674544635,49.758570370686925,1,1
33.43294656570343,139.21532515352771,61.112915011492014,53.3631967175386,1049.4894193296745,2.9528085570511786,59.27279792398606,1,1
46.00520591264811,137.44300823622297,105.71079589058861,46.90677762837381,977.199297626024,17.025447738042093,39.41145761854605,1,1
39.83888130700589,29.549715682822853,90.70057504520096,63.91861192198955,976.861163991046,9.890079279178101,69.69436258397035,0,0
15.416024309658429,127.49341176282589,64.99089339279293,37.62289341973861,1025.2981073976198,6.0692196926640225,27.686093154656476,1,1
31.492642214976293,135.22993568447293,111.46151710515053,31.308579450568317,989.6468120751733,1.3397918502525985,75.85507474717424,1,1
30.670651138847624,141.38582703763703,38.66333087715447,87.54537931250587,1003.4828078240115,18.8721564364731,7.881463914403419,1,1
32.999688858972604,153.29104919953974,72.01831776883377,21.85553123414742,1047.233867834388,5.965273861517968,24.927786636638206,1,1
31.998095646230283,108.43162150466978,91.95457651077905,51.46189261271913,993.9960376462212,10.699198318676618,39.43870997416406,1,1
47.00918276854046,170.25039332685043,54.5968434093454,20.01558898698537,1040.0934495529282,2.486731468789305,24.451241519404622,1,1
20.332644952788936,35.963113996204754,96.34530454678017,66.36011533327394,1045.6095163125349,4.629070246474329,48.5634908131234,0,0
49.20999291788645,165.28870285495395,87.43388149445893,35.11801610966336,1026.9405400909716,6.951302451918355,53.05368970467577,1,1
36.32064245638391,121.87274230485082,87.18281662962197,72.93616741137645,956.8370879310589,9.146940518982145,66.40216067199792,1,1
25.359754375800506,62.61133744327794,14.948105730553864,53.48919887798843,1048.6830434306175,5.706387225760747,53.143689268609805,0,0
41.01330384726795,2.6994541768541325,108.05274715179587,50.92401477799508,1036.9115986710983,0.7789531779895609,14.566355186367586,0,0
26.28853090671457,69.09235461265575,101.73530676336199,20.896089231058816,1014.1111776469679,2.6262487235710053,82.32156507110494,2,0
42.25006430852693,99.98420548224011,25.52246706148502,70.7596312772445,965.6258317657646,3.800475851853069,62.66899022253577,2,0
49.69299561310185,178.21216745050924,71.17288292204125,63.0829415013939,1049.838488000811,10.947942952677874,42.01165219594439,1,1
46.83444375213695,46.83685917385765,11.703118835617076,70.72720274894643,959.584963376875,7.462970739059203,42.35773855817205,0,0
34.16383234672316,198.33190914959246,26.51780679998169,50.06051028055296,963.2240124410658,12.152270520664693,72.76731823078335,1,1
31.87268881325576,49.166253657994204,74.50659230180972,63.13261786950796,967.1185723403718,8.113638010042605,43.519709163519494,0,0
49.39162138200015,169.85716643110436,88.12449459283125,91.1021620402358,1023.5484405828715,18.068037102514666,5.455311487950798,1,1
30.96231732434208,149.3796670483667,69.99549559320162,34.013293132062934,984.0492086528534,6.355487500533825,26.1346913184336,1,1
27.009744372988813,102.9706576922242,102.58428297399311,79.3626129915005,1033.5249704016232,17.672074891261726,41.61504560976073,1,1
27.11091994093615,11.524676336832362,111.65899462517211,25.265841435051513,1024.113551537047,7.562166089311743,94.87807744991864,0,0
29.686070732694517,163.3216702709433,33.91857985964119,43.927097379507735,1009.5519409878434,19.959652674149474,51.757241797919626,1,1
47.77080227376517,157.24996564974555,95.50371770126819,54.87679913030113,988.65422501728,3.8384361618163076,96.39412669836535,1,1
48.578776435533705,149.41354686203655,35.55029398232034,39.614363227382576,1048.8610242386962,1.33085630216355,84.3564292141309,1,1
27.441030016886614,83.7739439454441,99.83731784986045,27.248241280428644,985.4169678520257,19.040485543391462,69.90659127712564,1,1
41.42287076820617,151.5010601910953,7.268409979673343,36.25660746083449,999.1263256081212,7.363004649507503,41.091229313285346,1,1
42.35065825189854,2.935847013547055,79.25903115854865,20.008818544145797,956.3058525576243,8.165722396752479,84.09485198048215,0,0
20.074851794756118,110.92428182572232,81.42062721920931,38.362630733772846,1001.2330255269583,18.228145662763847,51.222852536553276,1,1
20.50630716256768,125.56285933750895,71.06402160102168,22.156380783850498,959.0594405747566,3.1356271028202154,13.628907756186992,1,1
24.08130196963266,90.82106464711359,44.60595574787813,91.25199131236775,1011.2109409406337,17.52288699923686,52.703932491759886,1,1
18.1454664741269,92.65748981328696,98.64390562108379,35.52830137336865,959.121427875265,6.588694766765202,38.88978306401396,0,0
25.71901867420665,27.0481571249112,30.100783166605744,74.58259236816883,988.5928516293164,12.650988892371116,53.630377991873246,0,0
34.21685289501842,49.7099115895592,62.58516393218179,21.887577109056142,993.1743742324926,11.452456463798303,18.19956213541093,0,0
23.9795477187133,43.90620396312388,8.466954631850903,47.8285856912072,1047.896576645194,7.0776081292722015,46.05366218369756,0,0
37.85805378347313,129.6995502338214,113.98739760223489,88.60513123193002,1029.3950687105153,19.03254451556621,23.07653854831716,1,1
36.59689681176274,177.43935334443125,74.89657899337222,98.19363796854957,960.035271390638,8.786610055864006,97.73629079086362,1,1
28.284880999947404,147.91127501986088,3.6483481294379017,75.58696917042505,1043.462673252758,7.654125703800054,2.1299837926929466,1,1
15.976843153841935,178.4046611422178,86.70193285155142,28.534910738126385,955.4590277051196,16.096507272309587,80.9860632805359,1,1
19.218264392721714,60.30408077772735,93.60312774886675,62.03296567632051,1045.65848607253,9.621252906920098,67.69579375655125,0,0
32.842417800955445,188.59309913700915,47.83909104811306,38.383716414288,982.6633860280994,17.055504083304584,49.793856351213336,1,1
27.398830622578366,108.85200436189658,15.987564873221082,20.42874437004769,978.058468369349,12.100114395670847,71.16807696613873,1,1
43.931383822318836,185.33271187889392,49.453481635772164,79.24134396459637,957.4672930198062,1.1505999754416019,12.479799198615659,1,1
30.699918424076685,42.25628769974998,34.4309930325379,71.83041388098421,985.8522178802846,11.147431154360444,41.24037567365922,0,0
20.913923943193684,14.803998051178823,28.347779437186542,24.616037559283548,1011.8611959889807,15.914352029322007,33.974076823740084,0,0
28.54888693733254,163.23821255186132,26.713549484827233,29.532821215589937,1000.1118117331087,12.923803390664743,59.965442504647925,1,1
39.985556584596324,11.350236434604778,51.38419353100475,39.08564191565545,1025.9121259546025,17.454609681206993,28.133574080641488,0,0
18.33263276742929,50.68559239827937,12.481018687070362,45.7937732890763,1003.8198578321826,19.473619087964128,39.93702543513585,0,0
22.70139733491174,33.360348074167014,20.764771936641118,35.407814660916735,1026.2267022537446,1.2205542286483984,99.74027069430342,0,0
33.294023690819145,108.85437886016514,42.90766544395258,75.22042875296964,997.1456340880798,6.581225699290996,26.51384037080429,1,1
47.39779224266408,58.19790301048404,52.36719113158104,48.02731216931746,958.6178827428035,3.7186878896453424,18.950197532638203,0,0
39.27773300363792,81.31708199316184,93.83610756847904,76.71607394673256,969.2049766396037,11.258338402402012,74.29088460488028,1,1
37.15650232165031,120.00330161759618,88.75330648809215,24.54245914050455,1023.1421947361433,5.453105263068567,57.18722545093541,1,1
23.48067481437776,167.76351444136753,57.66712251609072,71.43529696199869,1029.4082043476728,17.906305101427286,73.2062097069341,1,1
20.2069001666642,170.90647391715729,74.22934990386074,68.75598067042189,1042.1340559804921,4.976631113317662,23.95876184940333,1,1
32.96177441432366,150.17261330697303,53.668884987421094,70.71131119139218,995.2524724222719,12.207743609739374,82.22623026137111,1,1
21.316684363182315,139.07570680119682,94.491088720582,55.7689125985426,982.3233577067854,0.2708864784880416,79.71050223340936,1,1
26.477853066259584,71.46189388161004,40.32073957185747,59.89914646498705,1020.2499573219077,15.437262620010216,39.25707204031583,1,1
38.208571226580915,144.13685005426305,35.63007980128579,27.729717562967462,1039.4665720644462,13.542319435631857,64.81104088762915,1,1
17.06158803241923,163.5746115007853,67.92649873032637,87.83075338540529,1047.4561183736762,19.142006417604843,85.60893463902075,1,1
15.38315808409791,177.1454416473913,9.007477659317459,88.09551761414139,978.0174068611624,12.201366770667352,3.806823114987967,1,1
41.99135936413798,22.3412244465943,49.282580601092626,85.39568018602411,1019.5348996508335,0.12085393716133819,40.30323345425488,0,0
16.467463093757782,134.69997216369381,116.27381901039857,72.42090098406074,972.4372431117556,7.104660641330803,97.66505556584677,1,1
22.84183442113225,112.30581461088853,48.05445704180937,81.46522383425773,1036.7389271979887,6.816745487005935,66.03963636993826,1,1
34.21666941312046,55.68889801108667,32.632896337560204,63.090531802584316,965.4002873532299,16.21619792964943,6.900483920040202,0,0
18.31010701729107,68.44526178545351,14.171010983656004,58.056001700439396,989.967589044187,14.43619591771434,95.30041552097204,1,1
41.374550465869405,35.88973257612087,112.26255425572836,51.37067460424538,997.4189360926913,8.43152474741271,28.054702328771896,0,0
46.326550072911935,66.44777317932322,69.43157636154557,39.202686749946416,1029.7375374770181,15.48397319058373,29.631213844704398,1,1
38.85439256002088,140.77470661898994,67.50136993257195,68.0478705817336,1007.4454638290796,1.6372880798969125,67.0265344713785,1,1
31.442125344354192,87.69145610828271,103.1999062538161,21.858137076889417,975.1314917958755,2.428069996854927,3.534104460972576,0,0
24.648694918658165,197.69525455893552,32.42750078490885,73.09646558366171,961.8298890040721,12.036952600944598,98.44814831383133,1,1
25.214313321116286,169.61512327511656,119.70856564398426,67.08432709765952,980.9401100428036,13.470625197983123,84.48482062686188,1,1
20.99725850366924,90.50315276829066,38.302525214860914,42.66871975699039,1036.0821260740172,8.43308013643677,33.90763418039128,0,0
36.12286894991048,43.88031592747625,27.587218868169472,61.62309846972037,990.9272728646184,5.899647678446489,5.39511322741022,0,0
33.22709835234825,163.32184112021503,102.16526463432695,38.83519837808642,1009.9641203947489,17.117626189258807,40.87259282762648,1,1
47.6247886057635,180.59570582591058,24.976067690257125,40.7171866320163,968.0441998645969,3.921087029094046,90.78620871734981,1,1
47.5898268217418,10.379448237026189,71.23240268066458,65.13852502860573,989.054764672446,12.63395185646214,94.73678255108501,0,0
20.958920895275117,24.082181943291125,4.006868499477081,49.10666462721147,983.7628477077866,8.616393763172878,50.331003088094896,0,0
41.52383979106591,78.42267809150367,39.67357312334803,86.15030562077015,1034.9796670653657,4.655319285867064,31.467182271130834,0,0
43.879072981853085,15.881648859552966,39.101613646888545,55.868008563268894,968.7071615200571,3.5982839322139637,42.486205801352874,0,0
41.40826036571995,168.04659590952548,117.5082111043408,25.918724007337524,971.6682201145993,15.132596847683955,54.05987060556618,1,1
26.468792088684637,41.11793224944871,33.65730619709376,54.34311602407615,967.7151219506032,19.284519117535012,10.758844459987438,0,0
49.49521020712267,168.3786572001345,50.778194101648694,79.18530675105681,1017.1515243696387,4.265738358978619,33.90700861189464,1,1
32.95928969819103,127.56883597754538,65.14739776279458,57.838996880517904,994.31522734549,9.965289985900359,43.435151984597034,1,1
33.94655271410006,177.59705980933336,75.9395175665534,77.80966999908321,1009.7483133730776,12.860353648280045,57.834982844818015,1,1
15.940328276853812,199.91967644000397,4.033108825547602,51.611840658692294,960.5115678298934,1.9385690088186491,79.35269516744836,1,1
29.907402277532693,160.22774165975298,32.73437648169978,40.51702334449878,975.1231381814462,12.322912528158385,81.49993898456,1,1
30.829135352633422,75.84977812821647,116.82954650419792,29.340322880931105,998.6632682044892,8.169755063628688,9.812659658689038,0,0
24.38701267308767,5.688242515822406,105.23451467795485,68.6279623192321,1031.501849787025,10.431089048059796,59.950982942189434,0,0
39.52990672332077,181.602325492843,11.010226539101492,46.475871578858154,1020.90261907,19.167011260027856,98.08074284900054,1,1
37.33360531980418,38.719695550973455,14.305069369674808,95.68349154243404,993.3927689462507,3.8963206652536964,93.3892515777601,0,0
18.658349504750916,145.91421937141502,75.03156330520011,27.018773150471347,983.8748795639442,2.998613790800213,60.44985925331613,1,1
31.698956108710007,0.8550249320981917,117.08526795406897,47.966771991163235,975.820439283705,4.448859115882053,15.881589617356784,0,0
49.96979766757784,59.02189357632097,48.6616196669138,89.70847329424711,1014.1887503542878,7.373888234905451,89.8328435923853,0,0
41.240347077476,45.58010150833993,77.24867935199046,93.79187986339213,999.6460878450413,14.672248056633343,97.11037439891592,0,0
39.164494931332456,20.487737953216122,29.34714611175472,67.60771498741192,977.5555815371906,19.150834107782796,40.53520340221738,0,0
31.003064200632778,140.32041869402346,62.909967761024895,50.57167735110147,957.6637875154579,11.928911790157278,86.75800307940347,1,1
39.001685461601966,76.29900200939043,15.327127754775528,85.30705495233951,1044.1748362231206,7.765459815925295,72.86421891840615,2,0
29.37672039617645,100.45338777043989,100.37716567396916,26.673947376892286,1003.0335348786705,4.292405493424449,33.98059454957624,1,1
37.555008862479596,5.445682467369672,71.25901187677952,42.675379156299975,1016.9484360808073,2.831627038261084,73.58116038161786,0,0
37.597390191704235,194.24836657607023,109.34824359097776,42.664229055976186,952.7316572725437,13.107371222235155,60.28873890046725,1,1
15.960006906825612,24.535505840518535,70.16420454431827,92.94618112347935,1040.6500276513407,3.029701092241497,38.45739464052495,0,0
16.51210025232609,93.85436927258581,90.37001516078467,83.19781690924891,999.8989466596573,1.9173934941643678,38.13639751815664,0,0
47.623568599102754,45.92251130394294,38.37053398952718,79.74617403704568,1023.3580788885938,18.244045760498647,38.81186907203754,0,0
33.01095533560019,93.47849224409552,111.33026052269437,81.54644710597078,1033.144177983385,2.661965376588218,79.18466928681599,1,1
30.15425681201239,4.667736566129421,7.2106023291941534,74.23263517878756,987.201244114597,17.36231146446961,73.42731338758665,0,0
15.758800408343662,137.3776623672004,23.08229672788275,53.80660549631297,1012.4735202122963,17.454356825913855,45.60978883919392,1,1
43.297165896689705,156.59313256012658,49.744621542150995,60.07841307463223,1020.0485010049813,0.6229686929387945,89.0811413799246,1,1
41.94356558031927,49.88317628046608,117.74159438267706,34.3512282071695,1041.40866737044,6.489469166462223,76.31467101641358,0,0
30.97318076367808,147.29347749000044,18.69396575272395,41.560516670918624,959.9857824472026,17.302879628756063,29.62929877694993,1,1
39.30666802958322,164.04423954830563,108.17018836552151,28.503769224937425,1039.3014933512613,3.9450555546143895,73.69020115909616,1,1
40.50971567776139,1.7006283481908469,26.47486899723051,59.35268117318938,992.0034706663282,18.37146959769219,35.974086950252314,0,0
47.794430019258684,91.88586367850621,115.72234759681989,78.9883848019889,1032.9334591632155,2.09753776698002,58.61414332423678,0,0
19.994512594027277,59.524200410194815,74.82784874007217,78.09805637551126,953.918378201125,10.618874621447294,56.53139862898864,0,0
17.758979898857042,100.13760684015271,85.66107360597918,24.258182790042476,1026.0267776323963,11.528530098082737,83.32272082717908,1,1
22.632190049892447,166.6547368426237,11.347317032096157,52.30637571557371,969.9484791524649,17.520416645817484,70.49198163017738,1,1
15.887662200625487,1.9046711227912239,34.94991053780036,31.46264914244523,1013.0304477560196,13.275938677651196,94.19509036613675,0,0
48.32139735910443,131.77934108226913,0.6810135423250463,48.71983332556915,1001.3141513247266,9.983595130169318,60.334062950222666,1,1
48.61930189816662,177.03853839103076,13.068964014058594,41.27843131147146,1033.3109417419637,16.486138176384138,27.537072412167095,1,1
40.570581074014186,134.40747574357147,56.82287579639538,36.11639621432235,1038.8643180894087,13.557023686136695,16.89929248783747,1,1
39.66808206943013,148.286743915396,106.42563421452488,37.82714041935479,1048.8754105413407,3.0678684505384246,60.068889185958305,1,1
38.00117768457174,83.79057905317211,57.00452505244638,91.27280773777099,1014.5274229665462,9.940019164693725,12.834956243352469,0,0
15.256816882809712,24.993723630366695,114.74214809718065,81.12694263930646,1046.7116327510248,0.7141741941634372,68.02204038586393,0,0
16.55027342411963,156.41129377376464,45.71402072822331,27.66122880851959,1006.8046641787515,5.602403932027762,65.95739418718185,1,1
38.03611658298266,141.00149482415057,119.09580945333109,50.935816795792434,996.5315474485101,16.092234020506815,57.83700230218854,1,1
16.304002374072986,168.6157040519713,6.179841832564916,33.66561091934274,960.2079966974187,1.5585426576224037,2.5684875304710197,1,1
16.925969989032858,88.487837835762,30.342272397913668,30.1229506735055,1015.8705542726526,4.522238212685171,1.8949155344809454,0,0
29.64469243185647,62.08659839566102,38.23253176157913,55.621602254524916,1016.8913927234278,12.329582400759879,93.72616097888755,1,1
33.12008332058825,94.51398194501444,25.609732226027635,80.43050310785254,964.0775776214284,9.822657796409683,42.13221983874445,0,0
38.04053074415411,183.52429399133177,113.59147097978669,33.42394137305267,976.1817218267179,16.23270639929413,51.827976244919284,1,1
30.856209892450615,142.12509047614117,72.23099431283661,97.65712435370676,1008.3974652288267,9.319476526945065,54.281736207817566,1,1
43.298893584394065,122.53501135704417,77.64577096640612,97.71511040292735,1011.8395484425457,7.605704966690796,69.13260270127965,1,1
38.0810788942059,2.769527101276381,56.07951561429998,79.43228823059195,999.9041457721129,15.592422718707788,45.088369642761435,0,0
49.416255917303246,58.578317840777736,11.054712977528824,54.400944092327784,1004.1709024873919,6.98187463364923,24.228116011795898,0,0
38.522054198492114,75.42501997125042,75.76422349207643,82.32571588790208,1026.1002627760024,7.506186212713826,56.78982289501747,0,0
30.738037855495982,174.16105054193204,105.45101757599991,47.49932663104295,959.173744787873,3.3516496664803896,36.700174213088374,1,1
34.74874841670467,131.35740219288584,39.76452555432003,73.39992956991887,1043.7739983673755,13.040282543379009,15.856522944435126,1,1
35.28841195421697,108.37910335339656,104.48401330781049,48.02424441703795,992.294561005668,11.973181109729873,52.44253117420254,1,1
40.1655807341811,8.077798182499162,67.62192230483518,29.733751440310023,981.5208992519721,13.232537230647807,15.74142005921777,0,0
25.80946424266201,140.6012965670624,78.09662910322007,27.283173536779046,1007.7268493492323,2.945089238372789,25.22713787144927,1,1
31.072394752252254,21.869364659637824,119.23763615022801,33.22956488432009,1028.1312628428605,16.5967769004645,99.44639698960015,0,0
30.002862624829394,174.81890402786803,114.90473268202211,33.83153159157337,997.9436089059533,1.2002163771217544,62.07240120242016,1,1
35.34921548997983,40.825256932639434,95.74833106729513,22.981497821083188,1030.6227324127558,0.5329058232773476,65.68288121363503,0,0
17.756932987021546,50.24510386246459,86.6296019174203,42.43238397003094,1001.1173848717734,18.304965390402288,4.963435403657835,0,0
43.38779278074857,13.054399713697906,15.215381320401198,29.54552831113687,1049.4102283210725,3.603726386630668,89.67618462562682,0,0
49.682625703129396,76.7569540824596,75.72582522344226,82.327300301089,989.2645081836208,3.236282809956146,43.37627437925612,0,0
42.016067575103065,156.15255254968062,27.6646550605096,33.99725119125972,1042.056070210035,0.8799806111662112,73.47384757650869,1,1
16.62474849063639,167.58001017219758,108.64977760033224,43.79352993832792,957.3935643516697,9.613690726948573,29.84630367454768,1,1
29.599764998363266,132.99709069773604,25.179124313846035,48.556125561126905,1028.2562490292673,12.875238999056434,32.62754911512387,1,1
38.2505560090975,153.0625845783933,71.09826971433449,39.15974660008068,950.0245290511994,16.056982139765626,82.26335553161644,1,1
39.41615754880267,15.316186273522758,70.22667450096554,85.68165370172858,988.9668320108166,3.960014684405082,58.762729724147064,0,0
43.92073195553073,9.773991741413113,71.63414605928828,71.45390362714735,1010.2367039348279,13.00067368474097,63.13753076041545,0,0
19.564135974312215,46.98735538978307,74.27928063468121,21.415452890941662,1013.4744518723245,13.30773247570064,23.917475986165847,0,0
35.93464904135989,106.8180121447529,31.282985778373657,57.03792094998037,1040.962452941218,8.532055609197657,62.98441768795017,1,1
16.237278736424297,15.560022664419758,9.756968796398215,82.25926109011564,985.0256894803452,4.552233767316267,74.73245684517227,0,0
20.948602189466108,49.298505014056126,51.711773192402504,46.51504552116906,1008.5392211036644,6.756812381496953,39.29516358588919,0,0
45.20103128873201,176.90628792560048,99.3253428976089,89.18647461637062,1006.9728669339117,12.924664295027679,55.71731665549405,1,1
42.495582941852206,110.20009715228885,13.329235746093664,84.76640963654879,1026.0585170677537,16.406011905652505,19.042946338976186,1,1
24.506596845023846,59.150339452706,60.969664342280836,30.710166733076782,988.5381753274868,3.643163221580592,26.476271303273645,0,0
39.72356720954495,170.96223126345623,2.7487039916620626,65.27175706840003,953.6059762062267,1.7049849002310058,70.50840346141091,1,1
40.74628372757408,162.79613463455976,56.90898141243659,88.78459856129506,966.6838291641625,4.994328272700052,13.450214760197133,1,1
42.91380412036568,45.73502367732378,18.661349130995475,69.8488550070445,957.7082026360674,0.8980055444034507,10.671764855245891,0,0
15.008430939550866,139.3980308443585,67.46823860573744,36.79000872301791,973.3004947977596,16.219371969400793,50.18201158603004,1,1
39.44849249786088,90.55109025498311,28.526163122495074,97.63222405463254,1006.5647563375397,2.619638075358248,40.60900421839067,0,0
26.526809418141525,42.81749371770427,112.01279870883114,90.47359963678021,969.9147116520116,7.042957781110335,76.23153916708216,3,0
22.297711684907547,118.31297252084889,83.97527305497799,72.31778605686131,1020.64086402755,14.13399178057526,96.48059198489284,1,1
27.127461133211185,175.7180848751679,2.6168475018128134,43.05623706586266,954.8655781999131,13.024079199116805,10.079037073161956,1,1
44.59974022782162,129.31833675805194,3.4578481264326832,77.18218923476984,1036.2034947256961,13.22242015324299,3.0524215935032184,1,1
45.02718419611423,146.492782586807,45.414157498078104,46.29042066524021,997.982018140744,17.342035018757418,25.205935186955752,1,1
18.53373339344204,172.92727459220998,3.1547818656867532,92.87976177952517,980.5745194301401,10.164454033765352,13.229552475222805,1,1
46.57892392818398,149.96724467688094,110.8986703929641,74.658324089453,968.4693776742326,6.165340059724986,48.684857510347335,1,1
36.25403718760724,185.29188746725472,46.07417589469668,76.24576175257167,1046.1008848910822,3.04748126830906,86.27095887795481,1,1
29.724712463761954,146.48435518586734,35.22460064845004,46.71873746128013,952.7133224868066,19.42808306333919,81.34525752307844,1,1
18.287128527417718,199.9017591327549,72.60295166435297,88.29829103715065,956.6660763277869,7.7890235698384735,66.96511223036099,1,1
18.725180154489554,97.78056773080013,53.12134494529698,37.28321795788638,980.0269835851802,19.342367089899646,28.864848600993597,1,1
22.469914688894384,107.24183421366669,80.51496408843575,78.0074488855652,1025.4247184496917,0.7366498302950619,39.37604003795633,1,1
42.08853279240816,180.97042036002588,72.26401479993399,24.184548280774855,989.6645805855131,1.484542317369093,74.85378626845845,1,1
17.222691424858283,37.14621334703545,50.035010875772905,57.01186936918976,990.6481700315012,9.26793293212,71.32391520201999,0,0
27.924408803443953,109.55009183012383,36.404310903447865,48.29019960723861,1011.3798959042081,9.8098930327404,72.30362948592811,1,1
34.618850581811245,160.71481707677458,53.208985559365985,59.282689589344116,1016.997134890094,4.424878888240977,38.592953693126084,1,1
36.869443540409776,5.7752538531472775,52.436572036072995,67.90799490448934,1046.7375531978198,17.540331232353424,28.074195294265813,0,0
32.75235364101236,11.282874532018262,28.890529778136855,81.98846944544721,962.3314012275345,5.153810496679132,94.40425017358079,0,0
43.83495301723603,156.3655425297824,103.74689883625881,79.96845492658832,962.0586216118235,10.331226529704626,44.4243920802322,1,1
25.890305239463302,166.80808194392108,55.69670428490804,24.823808108603977,977.4965583720268,4.5724211605889025,88.74788848112836,1,1
37.66033352236499,112.07525317641502,60.79790900144461,72.00904220331724,1025.4875546777125,11.087694116630198,93.82854151526105,1,1
49.18919597276346,199.0684633217646,80.32693321063736,94.60963734047027,990.4479695307955,17.191847824947708,90.91742987396809,1,1
46.64491653162965,166.1692565816763,48.79189939695005,32.71259855845875,983.3956356344446,15.345771385961859,23.288551132997526,1,1
31.739522268909035,113.0799035969344,72.46302749254504,94.85804387030389,1016.1493020414317,15.725976321546044,58.18783478916334,1,1
44.17531116016872,52.73272261395257,25.18532060025471,94.10560390063758,1019.3480876357378,13.430511541164423,46.72952386284499,0,0
28.184404075272866,111.13823889572775,14.467961930600053,56.37700488664862,995.5367704465481,10.766730258885303,63.46856143672023,1,1
48.50614280948768,130.43382541835138,106.04701823440938,64.50430891753311,1012.692788262749,1.3967390621913922,13.326372288441558,1,1
35.28846523191389,79.14257399160584,95.85726238386022,63.45422998993408,1038.229103895134,19.446633569245826,14.763518512148499,1,1
28.81897130794693,132.99620504760617,36.65865064804196,41.36258701771961,1031.3738560628838,19.60756938117486,77.38033312474813,1,1
33.328681798143975,88.50224638906295,64.75772646364379,57.027176175018866,1000.2888056785669,4.069061010584553,90.37419493093276,1,1
41.408725053314384,136.195484538644,113.99099651693678,42.75154655302704,958.1159410893614,16.522773207106635,99.8416963649255,1,1
35.24513533070698,11.761877582536373,93.65616481859294,25.899923907667322,1004.0013986259281,5.550649484210542,91.50267805923954,0,0
30.796592464081975,179.69266969571066,35.88973023054811,50.9890067057081,1044.711918824708,4.026289018632707,57.85011516511452,1,1
28.597861499603898,154.83337701374546,15.515564540562888,54.97719752037348,1019.8932626845263,8.140324700123196,5.85317392753767,1,1
39.67892914673703,100.63966553699662,1.3570424016120652,69.01247161826984,1041.9881022528787,2.2205189642337797,59.06712350091689,1,1
40.50341086169206,14.154734028061089,2.713854979702357,57.13566933159578,1029.1186687234365,3.2143882019865666,83.6637272214923,0,0
37.98020393982586,66.43465755769714,61.89909581909394,97.24599837813908,971.6436970632338,9.990707954880804,62.448655610762074,0,0
19.83051119164832,8.704417724661928,1.6151943517765543,45.9754285280013,957.3947294484865,16.07539905082229,99.7319527161746,0,0
17.14563376070624,86.54525518668792,3.087854757908972,30.71927126058106,982.2922560910674,7.873964261152997,93.97829464286401,1,1
28.854288306491355,99.25553181148044,29.470004192863968,20.01001110052604,1039.9334456733136,1.6342951407260964,96.42488410362292,1,1
19.57954364350911,120.97569615008805,119.92927054279643,31.077167685574068,992.3943084939824,15.60847337942953,3.2190149849968264,1,1
39.142396289901555,16.074667578159897,28.382417072787163,32.80609299946883,1040.7336431646936,3.609134335633617,4.04340955151572,0,0
35.56689874567168,69.2361850819404,48.684746476963966,29.525019589003758,1024.8234491433195,12.03107299287036,36.421704474828,1,1
21.005123031709758,118.69034783411207,93.43167354088528,44.99178270937559,952.5860383538597,4.28687969505968,68.23978188928292,1,1
49.618373210992296,2.675247881755305,36.73842745585209,24.961669635907107,981.6349287763032,8.118286862548425,92.0862091946255,0,0
17.819627979174257,155.426810613154,47.464127527555604,84.90102797335422,1001.3402185325622,0.7856407768682017,94.62058847148388,1,1
17.895692220208264,119.53670050675123,105.32013155202189,26.38158382001551,1005.3893388416013,16.485797510489043,98.63247086457957,1,1
40.351459028490744,55.66687509265873,83.94843958144914,76.46134154461114,1019.9966012104617,17.085208741862115,8.738006251949093,0,0
18.794694589540168,128.1234248451116,114.46573153178254,57.26709111353968,1046.0562701625674,18.761705190323077,90.29097382343195,1,1
46.844784120242984,179.66375866559721,98.38672602470186,75.59831668842642,952.4408178592608,2.6450718431210496,13.423205453146714,1,1
15.823909949785646,23.340353684727333,110.36957202805276,73.10434295286288,981.2073018295423,15.8672002447336,48.83694869548509,0,0
19.97444629205568,176.90041624529854,40.6394335483767,75.90873844239154,979.0594160499608,10.001425013476,81.62527115304155,1,1
20.48720712485287,195.45027904785567,8.425910743287144,62.72071277924033,1041.6025519351947,18.913877697650506,23.2108962879776,1,1
20.039474342518304,144.88060006357819,5.036828193148453,58.819117522425145,1029.6355226793182,11.205094490336677,18.801326577400502,1,1
32.04655048144871,184.2549432897786,74.06555736531321,77.71925020552159,983.6263879662515,3.7696755033523544,25.56422298996036,1,1
33.66121578161032,56.04403072214075,65.03577449113213,76.62335419009415,1023.4395876170302,3.2936987932218686,75.04308488338631,0,0
38.544084885732566,2.4010266737413355,7.064661010770101,71.69996014883043,988.370389956371,2.9220799915133178,4.439655916963325,0,0
20.57894192353508,191.5027928643233,87.30787698851637,62.216433674743506,1044.154050005459,12.382208753632078,72.56451882806672,1,1
24.892813647705523,117.79636871783916,17.21726931574083,52.35865161582203,953.324032498661,4.33256175165361,7.48686294226747,1,1
28.572258682753098,168.60703292769804,45.35209276140637,86.53117007957147,1015.6498312578888,10.190588932616556,23.689169326133054,1,1
47.27546324954533,10.840161768406652,82.66956212385783,69.6991914247495,994.1041522256527,4.806419105852107,43.06959368452669,0,0
45.547045394369725,167.35322205099084,112.9657499972435,44.62345653001984,988.7104158368873,0.37452305319726653,94.29499947200082,1,1
26.52865321360441,80.83276430659865,108.93655337368735,62.127874413345054,1006.6174541755478,3.5246567630183367,49.866002081865446,0,0
47.1373010318071,111.7436176215852,30.613963756770968,22.494469130781027,983.6301773454068,11.451818281289158,4.261328837083012,1,1
36.342740205190466,104.68276542362256,94.01225629998851,22.311053781756947,1028.0847344818737,10.417540915162139,37.05293327797114,1,1
48.78840417255884,32.023909447210606,64.95901429093277,45.67851788739827,1002.7486378795336,11.045509051608242,8.944824842484579,0,0
38.13973014214224,126.89629918380237,92.33607295613568,27.25267949273368,979.7258546903688,13.002211994562025,13.673082591560847,1,1
38.71593737759548,11.805342164084598,40.19178635515533,87.73688978660152,1027.4291290381161,12.895214304541758,87.04584166251011,0,0
39.824434046027015,103.8750210421606,117.5661000462944,75.58848638314556,1010.1367176813003,8.177411219071294,90.24124985790503,1,1
25.34981834617475,1.8439188421805364,23.608862691883196,28.761399355388733,981.8993774173072,16.5175735491691,65.15296853650074,0,0
20.91432062317994,157.7643442184677,60.506383931928326,61.017169929463755,986.2112180980873,17.29232729644047,31.832730385579268,1,1
18.294891623439103,60.545798794389015,85.84242555214628,72.6065509442663,968.8017153553578,2.2356859820988406,66.08657584017463,0,0
38.673189247921925,73.22992744211415,101.13616602348957,98.25641630399335,970.5645223449395,11.541374314120567,0.5346329003939165,0,0
39.95690386092006,82.85642271266356,23.192307228379782,80.1777537411501,1031.064879755608,2.223330023518746,4.0995761838034,0,0
26.692745458419104,125.19809315220711,95.21034326263597,63.684999730436616,1008.0748776306981,15.997164435057822,52.88433742187594,1,1
36.39040715792052,103.24346799531186,105.65498800412448,38.84132948680711,976.3993584540509,2.559229232036515,81.94667514944217,1,1
29.412205169682508,69.57878817624876,117.76184605045874,94.14426931518284,1047.1987682124761,2.845979935173857,89.12518131481663,2,0
26.504835978560802,2.5313540423725023,46.95580031796825,60.73570825104477,960.8220423567406,10.753552337485125,81.94635841767315,0,0
28.217783279371787,70.52896130686044,40.65725042768129,93.84755567069536,954.8758098790199,8.901522839859107,26.459945414971685,0,0
46.2832458885623,19.210452716760784,49.373132001649296,52.54529216248685,1038.8394417547022,4.309868900819389,64.4895410301611,0,0
19.70421444107262,190.79514281610855,71.1617951126743,70.10053842565362,993.3773401660472,6.845654253326446,21.26764294948763,1,1
36.13957138412906,190.9123490696476,43.174914491088366,90.65255109296433,964.877631284725,18.722520417636016,35.048628389807654,1,1
28.2904524057671,92.56845140686565,86.18931239371803,77.57227469512281,997.9588584719666,10.463057986278718,3.001048777414117,0,0
25.650384554541397,69.20341484612189,67.04727224709113,64.66398138970436,1020.9899797727874,14.340545924361619,23.5210724212083,1,1
41.956550288668865,3.92071360925641,85.93942615280646,28.16488828155385,1022.9648208421219,10.542361811368085,43.725450068309215,0,0
39.173323641650015,7.274166749446542,26.8164390810694,69.31521139741233,1034.721540663082,7.622152738902339,25.87614726335571,0,0
33.1557752526148,124.46305047736827,50.41236376868957,90.13685461278041,1002.3438708860014,0.7164717514117003,22.30539547061904,1,1
30.772646082123508,139.54510380338667,26.37026925511066,98.10059517739369,981.8558258188084,10.649604137211767,1.8966384731041175,1,1
45.971175250078154,157.76693070503669,23.45496051547112,94.65893529918743,981.5839763797404,13.843725767602342,81.89763180165998,1,1
40.93200614330133,183.51655680596824,103.71297124088503,99.5689211273288,968.2611412576146,6.095236024534001,63.622586743163,3,0
40.65665150620543,106.92101091114183,8.87140378639379,87.32761814403057,1046.0874356021272,8.110336876527896,22.481248169884605,1,1
15.675981423673063,47.45980721871705,83.99025298061066,92.92715101381843,959.3513066431766,11.065183743238599,69.55312485118324,3,0
24.673328738719402,113.9794078340604,85.82981112069274,87.01753945083014,995.2499850819981,14.957144378379212,30.17829717398497,1,1
22.45663613702555,37.46274921813348,43.064727819087146,22.87037454310792,978.299183766525,13.044456488864565,64.79190471601368,0,0
17.574383227202194,57.48312341612403,68.3469197613506,45.484171000248224,991.7988024188874,14.25621514231528,0.9266829456630044,0,0
24.67377404309507,28.474448757003334,15.31310193173901,96.72321731577976,987.6560331562417,10.541771698192797,73.38218870696326,0,0
16.660661620101756,48.20452771153967,99.8577344812455,88.95924905423048,987.2950920640802,7.497231993035365,75.6896877108882,0,0
25.32745793624542,23.418816227999617,30.904254028870014,50.98757853086199,955.2204709595098,9.573605084003496,74.00075127727784,0,0
32.981080056816154,14.379068102901392,52.81795576151502,76.71236864342661,955.809665399019,1.1969437945377703,37.06014031809827,0,0
21.823738744329816,186.95615826168407,69.76123244876918,42.98603195247169,1020.4776729114951,7.498581027186577,13.211564437901002,1,1
23.303128044525316,128.54945689187514,6.225132719638999,41.8151232038451,970.8311477642175,4.02270221353064,68.27624119759712,1,1
43.90359208640276,143.17332161285174,77.48733789606146,93.31614174542912,955.8392380424297,3.3496617195248146,41.440685567053215,1,1
28.03580752263537,83.6103205926045,24.774588605124723,31.960265246418267,1000.9193247457928,18.561050481375872,39.1969462349917,1,1
16.517362494183484,141.23346857790492,34.932588663260994,39.60760058439136,982.4258000697962,14.476310478157526,81.88193868703041,1,1
35.58196235686373,64.49575074391032,37.25738797407338,29.94466799243704,1043.3301048235194,12.762787979376391,2.6974619855864024,1,1
38.18284833153382,89.43068483870158,116.70695556563034,85.52550598451256,967.1315753832798,14.40222237749733,48.55660038352634,3,0
21.546580728447488,139.74798146598982,65.68650944330945,22.42991030172564,1014.6587950528826,12.699741797248814,14.408516105146262,1,1
27.214570444884252,117.17979415020798,16.653961692807584,88.21787022678052,952.7486046287704,2.056748299387099,11.610691985488408,1,1
33.48374940912693,124.02280243372505,48.44889558017839,43.093346213453295,1030.9317375625558,1.3657196745284028,28.02918611327917,1,1
16.369045258138975,2.7780269932536017,42.40558643186415,35.58589299559456,976.8365854838246,16.418943149099363,16.298009624922138,0,0
42.30816785031303,135.0101246292727,39.17346301689992,63.72449161410302,994.4435609774539,2.5679063099533073,90.71853217341757,1,1
34.9366288655016,176.04800915909098,98.85918141759483,26.38207402475386,970.7270666018452,2.905222287496616,83.07795327869188,1,1
45.185631925932086,105.59430196167318,12.501368700960832,30.849329483441295,1031.3548812438266,18.583802730586605,19.947568511065672,1,1
15.389815176526056,66.19058103015558,3.6599267577457617,86.23799328624304,999.1512257226252,12.837215575260396,41.14848761365422,1,1
27.092764145436867,44.440082615216966,92.46390564457748,75.64380675324234,986.0728984496086,6.422322685983659,0.12428786486790022,0,0
17.224324551591536,124.65110497852696,61.7528772282554,54.7842563588018,1032.750224080166,10.077964088056932,38.449358140731995,1,1
20.643972163374475,164.13760164292384,69.14979001454253,27.39679727382058,1014.8898397997076,8.501414909768199,81.13862235879958,1,1
47.16201089485987,120.0931626352492,87.79353831760397,24.527267808173256,1006.0255455001158,15.106799567109482,49.67621494781037,1,1
35.7742531326518,179.78963711620887,23.771948643743933,27.85972060415295,1019.0643613139501,16.45697811044888,85.04901885825635,1,1
37.457557398192705,166.64268363416068,84.07970468679483,26.99015327254326,1026.204350788499,3.587193791006593,23.660934259097278,1,1
28.81277194495327,62.91341326526738,38.598208596349444,33.54076193632366,979.3871047109544,0.39325179951763545,47.2910946688326,0,0
41.900683556943235,172.44947384496794,98.45142707513261,53.31661751960905,1023.0426481163856,5.757815481904249,5.556247271761794,1,1
38.65900338869433,129.7592329472812,96.19552745554508,69.28849653623038,965.6891624973916,17.063247841003964,62.725278801870076,1,1
43.26633946622514,154.82142407520817,35.74373846701061,25.96423798816419,967.6504409089584,1.857246686265015,24.34124320801364,1,1
31.083629555909756,181.36212099625658,104.64225071047615,77.48798520765824,952.4112359547826,6.82778402641107,68.23484264845197,1,1
19.516011389367392,160.21757000318172,109.74884159851123,48.328355731026036,1020.5843061863834,2.964082653374267,69.0816449113027,1,1
15.750939430046515,30.154301362220192,85.18577359304041,76.94801783010449,1014.1162705845177,9.547280487684064,67.4908091171945,0,0
42.083027940107584,193.29633180734876,106.6369237858326,83.56273620528997,1019.4757516714373,11.483110908647344,12.060882335191625,1,1
20.794489473443754,164.0559121341799,96.39754946486647,69.15671407786903,993.8840132716153,0.5206529964721129,32.71769425285439,1,1
29.722388014786127,97.16325723468411,111.5189518273451,28.696751984011428,1001.8866919779771,7.358445939165595,99.00981192160516,1,1
45.165240569901684,87.75717084778418,119.96347312257126,61.12505971771971,966.7117796591401,11.11749383653429,22.62057658036466,0,0
37.27094940266882,187.48803497678512,94.34382922020339,41.853095233524414,979.6858624966007,1.3857640618062406,28.586783564627737,1,1
18.2418679887236,99.88974386512857,85.00164953979092,80.09449291993268,955.9529232248179,6.799117964764041,28.81717665474337,0,0
18.650511304556712,72.49426218640113,35.918413096708335,70.75993834714214,1038.3302663733714,9.096834417464317,74.66651727668186,2,0
20.1103628488736,178.99327572877291,18.311368585811074,35.368094447951144,960.6463803587676,6.193590030410729,55.24104467155261,1,1
49.579793899221436,158.67360693150877,45.65229634703784,66.06768463228563,1012.3308030939207,16.454544424946942,73.64517854198004,1,1
34.925189443989915,133.83660540793133,89.51011331554795,30.651524730672346,970.045546130538,13.771685778150335,85.04255619876321,1,1
29.324179894491873,195.9780644942412,25.928607920804744,53.33594256347511,987.8523043463254,18.605918814528582,28.53785175725395,1,1
31.477677231477546,37.44676792306589,62.55194862749326,88.59233355708729,980.4039461890565,16.215841443256565,91.1311582175626,0,0
17.553526140009726,151.2849072638502,30.6412123380589,34.026213002930334,1010.1122392025036,14.112052324573995,39.47609857352138,1,1
16.37107974787667,181.74090483935862,87.6896300216994,41.733344534641176,999.686385574474,0.5558557993415603,33.928278180594184,1,1
33.288733245479136,103.44472302325003,24.982185361024936,82.13978929471125,979.8862158526643,11.608200463559452,27.15222255379748,1,1
29.880875554536956,41.502925050046045,75.9609351038446,54.046748811308056,951.6117304487764,0.5632998803353217,47.113431847142216,0,0
21.412905341687402,117.00840962894847,48.983013812642554,72.35358684317782,1045.2395174063952,10.574722695905072,78.73786035900996,1,1
41.3564348710578,184.35822086477305,25.682144068560746,86.18615766279527,1040.5520378504687,7.855259618951553,31.381619459896815,1,1
48.32125683874007,125.5265644277736,45.6811782289762,83.34621767453042,980.4473901615715,3.5281517213972413,54.39696357977055,1,1
34.81742157187112,165.1492964534676,54.8432826024516,85.16692316042733,981.1322679348339,11.507364043555839,20.84727789007158,1,1
28.490608282080874,171.50793956657023,25.918583212290606,84.81915703194142,978.2871657847406,0.6897943935890738,10.993457005684625,1,1
41.10578408622759,52.41418530042965,78.49747106895266,75.93591222057864,984.5118464434685,9.498379744222804,40.37670904558106,0,0
48.15721487240869,63.989772470317476,21.99876506699529,49.24742743004626,1016.9515707602012,13.947253807229306,92.40573153600069,1,1
45.86140697065332,57.6641040834551,54.61958987611157,79.78151905467472,1041.6537280602024,6.743300257137836,44.444143417699586,0,0
46.48173946587631,71.69677463168453,57.661558343008295,92.36033129744631,1030.2243217989849,4.868618500196056,32.47950654119334,0,0
27.35355546107687,182.54769468621194,119.8720484525447,81.9203441724352,998.4326302493506,0.20347636134957936,69.74880565979575,1,1
28.627640757422462,126.59729404572109,72.80327561549146,58.466564525950986,1044.4387397726323,0.46292690710683315,71.21324844725882,1,1
29.34439539048411,142.75809009832224,81.02635770475584,20.81904020607963,978.5338495174672,3.7818304100756084,16.698635294249232,1,1
40.49668394423965,47.91026981862492,56.968513798476096,39.759119622854364,1008.023382343533,14.41147536119936,33.10747386981765,0,0
36.10572969004927,164.9709548827478,11.306914219739,76.8536479233017,982.314494443538,2.452999130498885,54.56542076143488,1,1
22.919181174370614,164.27235853383152,5.1475091437291365,27.892231701671797,1002.0996125985816,11.778835681539135,72.98866645227469,1,1
24.074125488826784,168.35208164265836,114.37708077285397,59.92314428758909,1026.0531364969802,10.496967090875856,6.946702941221061,1,1
26.413902949491735,17.497337925403002,118.66549431060162,38.32207296587018,1013.5900419415718,5.686902038898747,65.32462153559258,0,0
22.364059180466885,157.0540131820149,13.297392340396259,91.61203200722242,1034.0421692540795,13.576146872767712,6.7414627142847845,1,1
22.299915991512492,171.8723191382152,14.636932116311417,32.47456770464161,1004.4003323755521,5.483548793486874,22.20756999439295,1,1
35.15347011468632,74.51533529160581,16.867187612360247,62.788301403637156,988.7012403278623,14.690335485475387,10.27554423205892,1,1
36.721463538109084,87.29866538864954,48.72742500628849,38.5830150406673,953.0426028202711,16.95378388729291,32.641008603442586,1,1
38.83818639054465,189.51747995534149,67.7988357698558,51.7717522015893,976.8273566348704,18.680875852949868,68.20768180511429,1,1
38.28484876397958,85.23166502905539,101.40584554409168,77.09377496075896,978.3183271781016,11.99157320050096,43.01939546012656,0,0
15.230655699039955,161.52468630035946,14.739641870364096,60.79636048020913,983.6226193084816,6.841780824013551,47.7364883413808,1,1
49.89580864069108,81.67593612629516,21.87950757798869,69.0885070439495,973.6287708039521,2.110982734259008,5.017417206592912,0,0
15.800844590688936,86.23292966221274,51.20709358480724,34.843632006236234,1028.401905377121,2.585412558397575,91.53171926393024,1,1
35.565159217514534,5.523275220985924,115.55671508912599,44.63530076366829,994.9974959577853,5.685373859891043,72.84212980337776,0,0
31.998807725183852,26.47459188050052,12.504474283134455,78.03003306596598,973.7081404931272,2.7558674927694504,49.942759699784276,0,0
43.09678506377064,55.75654917462609,33.17179340409693,86.71050082083015,964.7833794568783,12.334551835730945,95.50134829825855,0,0
44.44561023520576,12.363046755945838,38.38930518739505,31.389957247409306,1044.924063768714,19.718831324441624,23.499302054003792,0,0
38.43946656900634,168.32634640942368,28.041634129737183,35.0144507456782,951.121102324728,8.239249138830518,89.94374623947165,1,1
46.60428771697221,25.548625501803258,24.522297663407393,52.64378647476269,1028.0624545163703,12.237029670634572,51.384974352021636,0,0
35.71761594779111,19.23993876045933,57.31963707058884,99.36506316313027,958.8446146939087,10.384933552697728,29.56492616573746,0,0
33.89696539016856,114.76375200674933,69.2967477743371,88.17670282487093,988.9747414673661,10.327083253329919,1.0928398967748554,1,1
42.63427105529183,51.897541475170584,97.98660288486197,41.251093310425375,951.0788496262492,3.096626363868935,98.5682902572168,0,0
26.1930436081796,21.764780402549434,14.251056435090064,44.827417124577906,953.7645041116763,10.229771762439075,21.374091548932018,0,0
33.17587244889053,28.152843739844037,51.58286748209908,67.83334867209956,956.1999938338108,7.974986185021171,30.252382098968777,0,0
23.412593577102193,120.9069252168993,70.62503829184888,70.45598453421547,965.8882670432521,5.714184897246555,20.96787779950787,1,1
33.917626174924465,92.21313784192327,39.63524851113001,82.88118470947465,959.3973744408382,19.497933775112845,11.654407781531873,1,1
42.05747843989293,73.64603783216637,103.83146749581667,25.933595902732964,987.4721710192338,6.708868130004726,99.31570382255353,2,0
49.49421482113689,37.9607917332776,75.59363528380067,62.841553592875215,965.4373491240739,3.355594122088461,98.92517284795547,0,0
30.845549776732646,25.1602584000147,25.774804648710514,41.46784537988397,1001.0917263318619,6.7109625901261865,45.5011785889921,0,0
20.827484288547694,65.34573811750124,8.437991126130484,91.1768218780679,969.8752477168579,15.138002708574776,34.955178820334595,1,1
31.603906162892766,58.252207892245366,83.57295253288439,87.5637135419766,978.6270184739589,4.844352873271848,68.1440265463897,0,0
21.83035711987023,127.96795312195445,11.331369563236265,69.61097279685498,1001.3406734010433,2.278114311526167,64.91036348645997,1,1
30.629500496192655,43.42301016341714,42.40609868426127,59.36816845111437,959.1554227264382,19.152189662567086,66.55621562121212,0,0
18.58872434506936,164.57243686569188,38.70659171353745,67.7439629370547,977.7142841579573,14.668118898292144,72.30089750001024,1,1
34.32152099053463,48.18511849431562,30.44445690145746,50.62902373559544,964.5012167396285,6.753114263818471,68.43546012483125,0,0
44.079584802079744,66.51645809867229,28.030830990523675,86.61140626681075,1039.070402738592,8.200430466241286,2.690415384963385,0,0
39.323656731295316,156.8066472366259,2.1629103797328275,67.60246826732106,1008.8368758244175,7.574158174958281,74.97673258508377,1,1
29.98626633400262,135.3551903582728,62.054076556218234,39.877168376227516,1010.6500863010132,14.738169896916833,97.39056734370037,1,1
28.30381313808447,12.89450893327022,118.55654654656222,69.9045327540429,1044.6450458160768,2.076541720222387,34.20338398704577,0,0
19.687784460545352,167.1020309164119,105.64112897151793,60.104935990001636,968.660621766203,2.542379380794171,58.81641100802067,1,1
32.72317136048552,138.9578204735335,36.62487151439895,52.18943960194898,952.1361073851158,12.20286090151058,42.314352134647784,1,1
47.19176218347067,128.35725954096097,47.843338973963256,41.08713446986803,1040.5284942607639,0.32530148234886536,32.69124672523922,1,1
48.02269543258122,130.80660139631482,63.92628855399589,36.282777433634195,1033.3374774254387,4.083981251855522,24.825353152124997,1,1
21.71479000051493,31.62989211390439,114.39749951745634,68.16252769130467,1013.7837132010094,19.08650931357567,23.057505512556265,0,0
15.207113850919223,119.77672991405824,60.941382386899036,58.212030191863526,956.1880211246199,9.08869733149569,28.75595650906989,1,1
24.60976370285096,44.47631603581856,39.903403170548486,48.250646011472995,980.8775776361997,19.57505431439018,93.27310855094872,0,0
35.10785348337018,196.21096768206198,118.94376123830281,48.4751768013842,994.5187545739744,19.18123553969331,60.86261992986866,1,1
22.45251789930454,137.87613366730008,24.689541845530503,47.14861949374766,972.7560163095352,4.899604318676845,0.4655581566782252,1,1
45.82480912698081,59.19809905515876,10.364925542735337,26.95899245448708,1005.6018276460952,19.858411010678743,14.502246727019163,0,0
18.48676233323808,87.66077608041813,67.59975046089545,43.55042871023524,980.2522092513866,8.489530036978989,31.4145615150606,0,0
47.036605424898084,8.390914258125793,28.148419184432957,84.6842236981937,1033.3958124664957,2.2311015792840228,97.37634500127167,0,0
39.26741974646881,54.51861119671912,54.72454377773454,43.77108956543737,965.0022249854419,5.823561294978303,58.00919374896184,0,0
43.908939319241405,72.70581497791544,41.74818486574101,57.44005608650581,1014.4555599964347,15.032325248646185,32.67995047994739,1,1
35.52233637387987,77.8721682561765,85.96798204360631,33.17399364136166,975.6924865051296,8.521208396854995,88.94147899213677,2,0
35.06640262727416,193.07922379628232,12.39332223373006,56.81403309207479,991.9078530045384,12.004123528119369,81.19646087075782,1,1
44.4506808954071,134.03892174110166,76.98436370946644,95.9223633635846,988.3687401638424,16.655666283769765,92.15037270922942,1,1
32.203873549281894,145.82051572066007,45.24238280050873,32.71032113563233,1008.6503881472426,3.9294330169906377,45.7599130803869,1,1
45.55077596649166,17.2036375127361,3.6514242797579577,68.51822779055101,983.1061326594895,8.358754138518306,40.57105886583315,0,0
18.031708015334726,0.7132865359189111,107.81078914371172,37.42388487229971,992.6078991864289,19.43851593342157,82.67625819836523,0,0
18.777579934194577,101.70380632251714,87.60948317940192,75.871422799937,1026.084185240447,9.149093097760705,17.592292933028208,1,1
31.27053553717804,129.5774498346584,73.03105039262016,25.641764303088593,956.4952434082192,19.30515662310424,15.180545503977106,1,1
25.30618624041027,153.5268964312331,49.16124909878099,34.51718826080261,996.7232382309782,11.378999415267316,45.27666092780757,1,1
47.16311264152382,56.939859019900865,79.35985928396052,28.983577712791817,989.2285457664027,14.819865031699473,22.481694058946545,0,0
35.64198659790444,30.687405841812065,12.324202963364531,61.85861991400341,1017.5010996086029,2.267341324689669,91.7776252372915,0,0
22.90202919441134,23.995061631860004,24.323869002025265,33.56579652254736,959.0674650612949,15.956784695574148,49.5537774744111,0,0
28.5981804132539,190.12558539682664,44.521006447774894,33.35781808377515,977.4042891926596,4.779330671771929,49.87412795633048,1,1
25.20267933841009,103.21223443727237,80.31521099361467,82.18390285706063,1021.015778126723,4.111814329127219,11.589971924275378,1,1
33.98575556854378,39.782358241629034,10.192046612581592,62.167547438353374,982.6794185107796,15.122980238770076,31.419163054841803,0,0
49.25509979695348,151.70463825214162,6.923186578663456,60.70981922850209,1006.262050121411,13.906054213631954,49.77967970337582,1,1
31.92052594451006,73.58772233552256,32.575366067900845,95.69601695813876,981.7596669634372,1.2684264916066135,16.728473929341227,0,0
45.00468226144514,117.32669182467679,93.45366592524788,84.70252369117554,1032.3236439211073,11.012274154892175,17.712059569910487,1,1
20.18814632826496,114.79688407502249,43.98172244228117,64.64385929966139,999.8477844237865,12.04396159395097,3.2111790736565338,1,1
16.14928382205432,144.31903416970175,23.17526925872638,72.1758769753645,1004.6575910791455,19.63588942809247,83.54058788830623,1,1
29.45970824659723,123.282564018633,14.074734867056641,50.91088343699048,1023.3887741089875,12.453431682573072,48.44713243773578,1,1
21.178518641843418,160.62918523150893,32.77999252938923,85.63832653295276,1011.1609062794994,7.454628558975749,4.06052219599915,1,1
23.13465955205319,177.8141850976328,98.1569212674861,65.98826503472783,996.6322463962127,12.942853586602183,46.624812784330146,1,1
37.550669425169914,61.48081993203158,100.61966614937701,76.15343147722133,982.9975628427692,16.613322296468823,48.73425308531789,1,1
21.11236026581115,15.542492400705331,83.95268971646645,89.20966433664086,1030.7441988594544,13.113020604443037,14.137505560476804,0,0
18.291542659182873,69.00592460234508,102.58930684785226,96.93890162453313,974.1360854847071,15.2419134116344,57.38692169072057,1,1
16.113257847727997,108.58326998658796,96.71284835872262,42.08982266752212,1039.736162397046,4.7252081374927375,7.647313264405431,1,1
20.59787583038474,167.40057374418367,50.0767102847434,83.75564508973261,1003.1233060989595,9.611182495888627,80.69131514924653,1,1
29.822066409933157,160.40654621327366,12.079459795613472,70.90486524314052,1020.2587056551985,17.981947922834852,22.432391871619494,1,1
36.1476958032498,86.6513127378446,45.932598665283486,28.537084416956596,963.4233330594942,16.739769228952927,74.9753432325562,1,1
28.381939560188517,165.69731627792618,9.691942178829414,69.9819133626535,1036.8176052714289,16.77728462062499,37.27827599418598,1,1
41.08318485699462,85.49362910397551,100.81657972679392,62.460956012401844,1026.4857049105042,1.5714316458334343,59.00259716088628,0,0
34.25994621142685,121.99534434703203,83.47699294987082,93.44871760273135,1028.568208177603,4.392759828698094,82.5896269292096,1,1
19.272788716528346,124.43971713501392,105.93045698951317,28.089764337192314,1034.969265331026,15.972414684604912,50.377543383907074,1,1
25.811416080339143,81.08764561430877,116.23897628402541,36.13580449214771,1007.9604287829895,1.664814957573677,21.78930641891722,0,0
41.71607358260822,60.51980807210544,118.29192846752815,60.0653634475072,1001.6539325307742,0.7262947867147052,95.6526749577266,0,0
21.098170430954628,107.66811976208852,47.48095319504779,53.24677605956846,1014.3300166036108,13.241773541849549,15.428861485809687,1,1
32.48553285926623,158.09548982837137,53.19437802626754,33.26435766612641,981.3216943156691,4.2475912821014035,12.581746791483706,1,1
28.21533946023738,108.18724863961502,8.73018303319581,68.30586977825467,1049.3024440169606,19.282498640401673,82.91734819991589,1,1
24.321938948084107,4.4815192958734595,100.02500434594212,24.457618558297057,970.562808147077,10.889064308935687,17.837803914364358,0,0
44.182591595452465,155.43193925196582,90.69234068846997,85.29020927180612,971.9701780264612,14.577847522994986,35.52815025917647,1,1
38.33956658489399,24.404345726234954,84.67038960774178,97.76861823206237,954.3600365318716,1.876578023341695,12.363676733801388,3,0
30.069736672945545,58.15603698661074,96.83041842488325,57.90297913607692,998.4537342688552,14.340762026507075,36.196898253574574,0,0
27.362253659716224,151.3852775254961,93.60500950041177,21.15190180262556,964.3790475840733,4.261963622969596,35.16004687578763,1,1
25.200682920118357,133.7040096776553,99.37622805635498,35.366958588481936,1006.2980060601949,7.356325021620719,50.577787504606185,1,1
36.72652446241879,178.71996373640224,23.075120139273686,26.960526964484828,1012.7211919045352,7.88261697545253,16.290269329298855,1,1
19.098050857419565,111.78195737480596,36.05647134338347,99.79411036687823,990.5900819330714,4.245732175303654,62.88490451172778,1,1
23.548921139167742,98.81720864623222,57.90914204652089,56.28461037725898,1029.6085696269574,4.3322600293236775,90.430730507047,1,1
42.6969176124737,66.62447284866475,21.67230075361662,42.3628019605393,983.2636246909078,11.138663376140933,4.6368168813650135,0,0
47.00256954482186,19.734971332222194,33.512807292004176,28.742995036237325,975.667282652566,16.753476372176166,61.51758113832423,0,0
22.956312878131822,174.35170595986753,96.08544710621817,80.29194258572645,1034.7632698385712,12.392993630366302,50.14373602112323,1,1
28.08772591599863,44.75280408153968,66.88939891762737,91.15938765712707,1009.3981788992324,18.392137234412736,35.69173695931636,0,0
39.32982903846242,129.73309449252824,80.45206128752902,71.60336097926341,972.1654674937117,2.8718179656629794,97.86282562320586,1,1
16.585329509487543,93.54729740565406,51.00963805702343,48.8015166572061,1028.198385357671,14.907005766250318,90.52249235299404,1,1
28.842063416542274,112.83590558589194,107.07684568105448,99.50784502843075,1046.9294362365356,14.356877425374684,14.32275578101796,1,1
15.811510412755931,165.04367128058837,100.91304293901905,79.70887266107756,977.992348599922,12.796357191970532,31.624844181527422,1,1
30.772688613532363,76.4870169961021,109.63681041480667,38.732586459510046,1007.7610904573751,7.219630580677183,66.30711119142258,2,0
34.759709941211625,184.7955362731881,12.193458204145582,37.65126718054107,1026.6347963831056,7.375736797896868,16.578378622872393,1,1
32.616244073588575,130.42841232227724,5.379205698419831,43.32975114939558,1030.9422537696043,10.404891332203885,3.537921517331999,1,1
24.86828518461453,127.82813119588428,23.92313634936297,86.19131249755314,1017.6575907083665,9.427581218955863,91.5623781066785,1,1
28.71302698236316,47.014682112817056,79.3683591032041,65.86361499761188,983.5247900931225,6.873291226479543,39.82103086341018,0,0
25.189849861777923,142.04828127218448,78.16300860614464,55.262212203711414,989.7854675779237,7.301025387194102,28.346832139225352,1,1
17.99938321049708,53.64093710450011,38.54416184316781,63.81472050122746,1027.378850907805,7.914042896680633,94.47569058520918,2,0
43.95724872044069,196.96036957674903,105.14436492497781,69.33807594475033,1009.8479287816718,2.590522535084341,72.23992488915677,1,1
36.0072400157435,101.38642067919695,83.19442470687463,55.52382742703949,1002.3859662408286,7.967046096065127,71.73708933706898,1,1
45.68138396917608,168.16898782652052,94.32303264593625,21.103016363564073,1041.188046387746,5.497514414467879,88.7973942963376,1,1
21.893883608128178,87.92915028494745,89.92785531922965,71.2223156221738,991.592193802943,13.572477134805567,54.89495100466395,1,1
24.65077073224363,129.26588909942797,24.509650361342807,75.51906274073323,950.3110877623243,10.975450275235394,40.1067627556141,1,1
25.608632083068155,103.1415934469275,77.43739590430657,97.22498129707719,1033.3064489888097,14.342997661676215,47.89669116791464,1,1
28.725044188252397,6.505930917199443,43.09162836708578,87.87017109380932,988.402458197629,9.23169998124293,27.183442402490478,0,0
24.594646558467836,12.374352178349678,73.6564710743761,55.84555224362771,1010.5960807490794,10.937738000577056,79.88445872971748,0,0
41.28541693090155,154.29077062757588,59.908680833001064,48.31050810831444,1043.3436590532954,1.085395474331079,15.262130785023032,1,1
29.68596822618239,122.79153051360223,0.9840449768065973,77.54582554489136,1005.8726542789915,9.694055173538505,42.34950388278682,1,1
33.18204611092186,32.35714689634952,13.045408713237903,43.170998300147076,1020.9504791985324,11.765757676709928,48.01230176190126,0,0
35.00323380635861,111.85160260786864,36.845031058791044,27.796475779578067,1039.678236866305,11.998225252478292,69.77479996808516,1,1
31.23990285284343,151.2961159953125,70.13967167744006,24.304089767775217,1039.0097035393692,6.110722935757737,13.789077742133548,1,1
18.081435269651053,144.08806276842216,84.47620401652318,76.01296998506166,1041.5752772681567,6.97886043995303,56.11330563589232,1,1
36.682345404802234,195.8963657132925,37.48153724623102,96.50649599231524,964.8734333082382,15.28002912055684,63.288590002041275,1,1
43.591361304519566,5.737114727969428,9.375725152686698,25.57566236553167,1009.2959455497288,12.058721351510759,90.61048893549763,0,0
31.366123008145575,13.609811000992789,25.14352819470185,20.645847585427433,1027.6714525128405,16.31198873761549,99.7940416284136,0,0
29.4268057168583,3.859675080318503,28.167585778844668,67.02150941306367,1046.1942967052737,2.0715710294158862,12.15730201607428,0,0
39.561564484763004,133.4414110043099,30.06076263741997,85.05158328116151,962.8778755477463,18.514836895535197,20.10319303324214,1,1
17.847333045305174,67.90441729477092,22.540954624145396,62.15529800288263,1018.6846537371727,9.818431569565824,66.06073318109776,0,0
27.772218003999456,5.584519447727998,116.88769490701789,85.55308036319963,957.3418824084628,8.983527923126688,63.50190700718746,3,0
21.670799470042326,115.5977222725543,64.03783417412245,36.66121508277638,964.1210309277453,15.179245792372749,32.25864461496337,1,1
23.541418684478515,147.57567056119774,88.32824304275783,42.112132506898334,1037.2568461251853,13.765003301446848,34.57642178215381,1,1
29.96213775646306,145.34193718612357,25.390059947459036,57.50086339801793,1015.35583422581,10.789970960174264,60.83283459044932,1,1
34.11743748168729,39.845488758004024,49.22464139671457,62.55883963820366,1028.0062742345947,13.078084743390852,42.65909451859348,0,0
49.10399412557009,21.559104335945033,24.816584226596206,47.30500880253312,972.8572076987911,12.508839936120227,3.9550729336255253,0,0
21.210287449569556,58.66944753172088,82.00149300951797,90.06919060649024,1029.8491770553055,3.6416186650050975,56.54057584410691,0,0
16.050792587064052,62.10735507057223,96.7180553793992,56.533257099467164,964.9941322275835,8.771067629766254,19.803292546222828,0,0
28.7617010252387,97.56669454956868,41.94697350132341,94.95751603470887,1006.2530297556382,16.857853478937933,76.07285470555803,1,1
38.14082082437218,99.37774966051644,0.2608540537905002,69.0774080441667,985.5957453002497,2.355243336026376,44.46262636120777,0,0
40.74436627991567,192.3355589397408,44.89258693464984,63.41786389639814,1035.1244383363585,6.679988399000296,14.225724497081538,1,1
24.86586409314412,179.8245659616776,19.127173015420528,46.33768488054257,996.464031050034,16.9422644698184,93.77132836529746,1,1
29.90336083716392,186.3908096707031,19.37509138293055,32.54818335170963,1044.92508196348,10.193602670566623,18.590783535395396,1,1
32.07966297014467,156.6422310758103,99.23044388682284,89.11754053193938,1006.9570903087418,17.338920287357606,51.003020880325465,1,1
36.24709658368771,151.74396045432906,51.05223512526102,25.88651897110198,985.0166356857698,12.478884335919208,19.233236963947686,1,1
20.1934877224874,58.61610891828752,3.853375473338563,79.47383184695357,975.8715602188339,2.4847679327319905,69.91294159634353,0,0
44.50248043901507,3.97511917235569,28.03197248894698,95.61858598956667,988.5254135932776,18.771841267638624,27.421253837067738,0,0
22.63236724501762,42.82168234559918,10.227439250992592,91.71458308073005,1047.9835022632901,19.090176145432757,85.2028139827274,0,0
44.64107676778413,132.21709343379752,99.14564543407363,36.66738914744382,988.7912630387128,12.816725865894957,87.47713325615963,1,1
38.116431182907434,167.80439166684118,56.87394190191569,77.38429901640355,1047.9980806375086,3.0697711425951546,92.69206923158899,1,1
33.2827381744666,128.6436061460116,105.34428082926152,52.77233380418536,991.8692574890051,10.543636726942008,1.910208449685058,1,1
32.38331633301728,58.21745299884606,111.35450188701377,27.018823900242506,995.9320462019801,18.949363407547217,90.10352503184775,0,0
39.547195483109256,117.87221039921494,33.68771245594082,49.35656902019638,959.0134864754127,15.722165955164753,32.38697679038117,1,1
38.37236646605726,71.51895543972269,55.71965296755152,64.4001977901116,1030.1852408390603,4.223127550813608,39.87653868298564,0,0
19.552855016213613,15.15210098425186,72.56092274025502,35.127283548712214,955.9799341926099,17.94195862412811,53.43144197853958,0,0
19.71198725910446,10.685225489509943,14.383206409638735,57.70697922564913,1016.8465255168898,12.82560149972091,14.44230862644985,0,0
37.17211331431981,80.97312484351988,55.76925411593581,84.11443249962537,983.2499372679638,2.9399809432670754,87.34531335663405,1,1
22.42457015532183,58.80597411092854,84.79080706831469,74.68402536460857,1030.0400021283829,3.6773328289588214,35.22798933142033,0,0
19.40591336346914,108.20782943372085,35.108471104644146,75.11485128068502,950.0344367984541,1.193659969191585,43.25603005193434,1,1
48.5364454591449,178.17027747183658,119.28108336743799,53.34641798912359,954.6568486273752,6.119122840395248,67.57708521739515,1,1
19.730733341859533,59.99443575200021,6.739939745383041,57.99736307121874,970.8920677695088,1.824960537980047,41.1215809482479,0,0
27.292889153095423,107.50354738909846,89.8846386376367,29.005498914120416,1029.1125590210008,0.5257995975036023,44.31019024958478,1,1
35.56006004100587,191.3997346279595,68.87076322435796,32.699935461711085,1001.7541805343909,7.915678943828324,47.93555676002437,1,1
21.898395513068053,100.16540846225436,18.00477171490522,79.52344645526959,1009.3906260225598,1.570553831835666,88.96144679289797,1,1
36.573286161547344,63.22141102556629,5.477087943277237,70.57813566173064,987.3440261348337,18.152362097569753,3.487783271417455,1,1
16.368585236978518,189.8598573813871,115.78487348154074,22.219378141811088,1021.6033234941327,4.4298970465768095,70.13927662860725,1,1
45.40564788302943,20.16629577245508,28.651970011445044,21.926213466119584,954.3829845444441,0.5923571643554837,80.06823564264145,0,0
25.440243745077183,98.64228791439783,94.54131163164196,59.595493016537446,992.9196062624596,0.2314641297891762,56.803950253675616,0,0
19.366007734798025,152.92964815820525,30.92852685780235,73.9349928646924,1014.6223527824679,12.333512058600402,26.695200753719263,1,1
24.348142201144885,172.60960868826598,1.5368799156512392,34.52181067631663,1011.0170917641985,16.340925088063397,35.83455086728586,1,1
37.870521051378006,111.43128392404726,7.744812537844248,69.74001575445425,1031.3903472272493,19.848966405988186,2.964007265172286,1,1
38.10203604043538,82.90991062959243,1.174546644744634,69.14887549668092,962.2427298555635,7.571337003782732,26.13670924884023,0,0
27.640719079488477,98.53911630018992,43.10514389874174,64.21854964716314,973.8649690232854,12.707235348567632,85.37630041248534,1,1
22.84234664203243,101.5754431711245,77.84277414598664,65.17009049707329,986.5649446192226,12.843994160114967,2.824620621007623,1,1
27.946718119875158,106.52244292820063,2.473579060303761,60.61190637474398,1015.4254460765628,15.184153954260902,11.33740814094304,1,1
49.669770621209324,121.23354026701911,43.583255113479595,39.927428356537106,1007.2896861683414,17.634232943331416,52.056539614136476,1,1
38.15152194617361,71.53928790811204,46.57827457067671,42.894008461751355,1020.563729436824,7.183751068331301,19.071640404123926,0,0
27.929019990818325,170.76544156655126,88.59024522923082,46.77126755708511,1040.6808964836703,1.4966527023493392,4.975379141364322,1,1
19.461462417483446,23.29095117172062,10.54011780148086,72.90740895983939,1010.0842379655423,12.952110211634293,68.836605416203,0,0
41.49079133682379,41.43538549728207,74.67642158817598,66.40389274690986,1044.3660025803474,4.647354484792972,5.87229343743314,0,0
37.872327440009016,148.03456804734236,33.98352069690608,65.66787447517352,955.953606553415,19.20089682336578,10.992497329916862,1,1
17.36496876531985,8.822031898923811,51.27262878040232,27.772779476575202,1024.4648240955576,17.977483212528114,26.021893232485706,0,0
37.007059173798964,8.467689402363554,46.38773660313545,43.43536907421827,972.8619096440359,12.894469792573982,13.022794635853629,0,0
45.12486831539459,132.96718127374695,85.28822144256696,94.82754469261346,1044.2372871502514,11.033046476384715,49.53798172859805,1,1
26.738356287941855,143.11432204049365,64.58506643757755,94.63000637920997,973.8625948712605,6.205053725009815,31.609044741996872,1,1
43.209945909484745,19.808066368430467,54.67789451867756,54.206458957843786,957.3139621013759,8.215939970886943,51.33779832839813,0,0
17.278664237671965,101.97242568893347,115.10854856200812,98.31314585292259,1003.1679778589811,10.30193865205918,28.550816641639145,1,1
49.899041509923556,54.84583420504521,54.348156052794764,20.234724624214124,984.9232290909137,1.4288060121764778,74.38247703851323,0,0
34.63550585604763,114.4343754575313,34.38135430796436,85.19170322023788,950.327092533125,6.672023583283842,65.94974904588678,1,1
46.777288809592235,46.923191385046614,64.93200620729016,63.03931364266568,1037.4174369043699,1.010337791196847,42.447556107070724,0,0
21.386298617717603,4.30652005971961,17.64371286245794,98.11765382785593,971.4848509520268,18.700615466716,20.525434263094166,0,0
47.59533295845696,130.9241870400629,13.586229300231212,66.55321241012622,981.8514037540278,7.663063119561404,44.017095783497304,1,1
29.79474578856171,132.82177809660578,92.20416823089157,46.33421513608971,1042.436396168569,18.76932628037753,4.06904371511434,1,1
15.521807610905647,85.0132660302122,70.87743011851902,42.23237979616493,975.9413751085774,13.566676594183813,60.17042846555698,1,1
20.850140624758836,176.90019265303175,81.59712841932839,49.006099933520666,1018.362468999115,2.2530617353563187,46.825612457405605,1,1
20.914454334584576,8.286249225687325,40.59915243459597,32.05883867846266,1013.3517956953825,13.481357880354206,14.869230622660334,0,0
15.86145519611992,158.56211232703208,0.2468424874274744,47.5130471347031,999.458329804567,16.372843770768657,83.85586427461406,1,1
40.37288042136594,49.43952450797957,86.42243211830049,39.723135830155336,971.4608191731702,10.942559084610648,67.88544438340625,0,0
16.85681180690882,12.004520224921688,94.10048241801478,88.75978007723839,1010.4440916341894,8.57656019413772,84.53164795991859,0,0
40.50859614713656,115.91883968625372,38.37085463385161,35.8396049325453,991.8673039271516,5.7364515192042305,33.925858773446095,1,1
33.047086935921136,33.818791390321955,96.74120160885906,31.642356937181397,998.0993639420952,14.919426761608731,48.502070768959626,0,0
27.635772225602356,94.97826116455019,101.84048386489685,99.23453586271661,1013.1143289289436,15.868880852974014,1.4488686159288666,1,1
45.81275433336004,190.80995198558364,69.02032101090846,80.30438896481758,1001.2744742960075,5.724074809111794,85.22479719830129,1,1
35.889284919857964,115.8766167582814,79.09586446094477,88.48025326630787,1023.1906125770964,4.222483884314904,46.682354440731956,1,1
49.31044161951721,110.91214275255493,112.58944241649584,85.06955890504447,1016.6023441808759,6.987304053195105,30.4319347525439,1,1
37.51973728541557,86.51224816928216,95.85043473800725,80.83653916321566,981.2130486738514,14.05457566123524,49.455019009718406,1,1
26.315223528489895,82.593318552928,107.44222406547142,48.76141536980324,978.7399273319458,7.036144414202756,21.46184362086917,0,0
34.062224558871506,29.487287264506445,98.09325437242997,38.04641977965009,1009.8055027539646,2.5005099783978713,97.84531482143262,0,0
30.91014106127765,164.4342681517629,92.23774027799804,77.0954437716543,1032.7364871204609,2.0092721731941166,67.84971974719622,1,1
24.30395323458234,157.17433281331796,114.82425118174665,92.11916238741567,961.4952222473667,7.391048413456421,36.43227571975998,3,0
19.28036932258357,19.62521066936549,46.1868161963018,99.3657240397209,1006.8942651066275,12.435632572085124,47.10189100186823,0,0
38.1815693306408,191.3324161489539,70.64375443372701,25.20307677769546,999.2890569168198,19.855025465039024,38.74027205942633,1,1
35.78584330250652,21.3273526857634,16.941659848388028,89.974516252317,980.0344628251612,6.109025467091859,38.72129960023282,0,0
48.826753551658285,16.878099207375286,98.2516923061602,47.324630117278915,1034.9468025985475,19.83511299009085,34.86674102117478,0,0
19.527472817432432,28.875099596585653,91.04890691390231,31.593724187050924,976.0421568534637,4.087966873241595,35.567856403098254,0,0
17.602830130239063,171.3484964814516,103.21755741611922,53.03463187861518,1011.2087569023475,12.839031418086094,74.92581153459288,1,1
33.224153064041786,102.0672090883372,75.7564532793853,76.2438716535902,984.6690377029252,6.607409465376302,26.971840409590918,1,1
34.2096294359462,72.03113791115447,64.83759212491583,52.478781266153725,1033.6734182552661,1.4626047949092147,57.221059360467464,0,0
35.14683127055192,76.74346210773997,50.52250734757718,84.01050887063428,978.0673710260335,17.42807582852326,89.63433041346933,1,1
37.77167565407686,154.57154274161968,73.5537034025386,62.02072909972733,1046.667775425023,5.653099284549283,15.415094664311212,1,1
25.061987709988035,122.92512167588903,22.222012572137242,92.70512345810513,991.1024400665393,16.99925756583687,24.92365445288167,1,1
25.960892427896162,11.844679434499316,30.93212306226887,59.22510551706411,1044.6136917723243,7.778059477829964,63.97438794833459,0,0
29.969854111407578,9.358370153588247,60.42391510760432,25.273091736313667,1038.3699924597536,15.060739239018279,37.86514712523662,0,0
37.407653316695146,22.40563106266642,84.3065984355181,85.81859271931756,1032.1745648538235,5.685550953813117,26.374619527682665,0,0
33.24891907659375,193.55443238596968,110.46275731273023,48.77107854047854,1027.9829506183044,18.426355281829146,26.092646571760504,1,1
44.06034773610289,53.57912538183531,41.19385510646528,35.90565526806033,1000.7079799072714,16.866217885224824,52.80521374355123,0,0
19.320400339258413,50.355186445434,67.54342407376068,66.65499644564481,1007.690590354487,1.5400698501243193,75.36958926347542,2,0
46.82998696461523,102.10378954597998,86.25951441262355,93.1212393629241,1014.2622754948015,13.486514488621022,72.14044133839546,1,1
24.11758580089228,116.53557494336549,101.06101374533475,43.69301842086006,1039.717049959686,12.40763899531264,42.317485143305625,1,1
36.81140364901025,80.37198113781527,100.56427222178095,58.585486405407764,1040.1213359754336,10.19616161695653,66.03683896373872,2,0
49.92105473523977,29.39316820170823,88.40749784800867,31.109778233274685,1033.8866365764397,11.929067623240233,93.81595606064592,0,0
45.30848106807039,14.974407493764685,16.47630500146331,68.09367428854601,1001.8314639942075,3.3713026122688916,12.93592282716498,0,0
34.73967742045646,9.784309594999897,104.84823635441269,84.56663358420964,1028.5369971711089,0.31994294081482133,4.764094341273795,0,0
34.2443692402755,198.88513777883554,41.07794411656221,47.549985312427516,963.4277966861983,13.486716074790028,64.66766889940057,1,1
18.54628457327057,93.48245741367023,80.04898905863692,59.481290905754165,1017.4363581864756,16.325407948629795,68.58154331217676,1,1
36.56399825406834,170.71805138889863,108.07062814437458,51.110914974064336,967.3249887723886,16.357208080161012,21.375310729948318,1,1
47.513273441218,4.57558904438069,110.55254191431642,67.13463940896503,1027.4742116512882,7.96985174128809,99.17162919088801,0,0
22.964299964820164,52.868732527634954,6.171893284496752,95.23786904491506,995.6029303598676,13.497048294386984,68.74407274628408,0,0
45.60757322989372,132.98505012928186,67.44254187650246,76.82548193528348,1025.0970799003126,3.7185589249696394,10.9667038976753,1,1
17.61970976699471,74.81069890450733,59.760028780529424,69.25199186318886,1045.803451968961,6.615756404140125,76.08740520772744,2,0
33.59751668582098,44.01798641738337,73.8366514954511,97.37409426317629,962.4308299251272,10.145595290984579,5.160835415052823,0,0
26.24257046137268,124.12053551879825,100.92683232369055,78.42627373808568,996.2856778215474,18.184455142082932,30.271466502377066,1,1
41.389419357880826,94.80180434953249,107.83629056073308,83.79462573230082,1040.1469661307094,4.284956978841468,66.81504321162079,2,0
40.846219282857405,148.48285305651874,60.480054056080505,20.9000417878362,976.1430783869075,6.466017500087622,85.20366172817614,1,1
44.431003598647706,20.936020807556655,113.98030581255091,34.59659893211928,991.4359451300921,4.303139322215108,86.03324688293574,0,0
41.22907111507591,70.70576137756079,81.82543512312665,34.74935073372339,988.2297092376002,7.542151766762164,23.793668172139782,0,0
45.67092173540089,135.76914709582525,33.592717267655914,39.36966085032299,951.7953470999239,6.931645075847093,52.67712833153182,1,1
24.719882966793175,140.091655285954,49.40994348135195,45.305426960853424,1043.9057658790332,5.256017545762781,39.82576200966563,1,1
28.380177598227018,48.23966913424967,26.097208777250003,44.19040150507229,1036.423616993118,15.34165774458581,68.09995141600523,0,0
30.99860474248727,101.55079692652069,32.05666145921524,25.945273106873408,983.1040556720483,9.911675119847324,5.731304651933245,1,1
18.088165571998726,52.60504657691345,44.04964483113139,51.465344889496414,961.7886066288005,4.516427090695776,26.164725206360874,0,0
17.367220667043618,65.21994011793946,8.666588730660866,76.27662744877361,988.604776655731,6.535047787567494,12.65221715036069,0,0
22.927627940571355,46.541041787824724,118.22450578479636,86.82795036067947,951.5262291633431,12.336731815369594,25.591009642192375,3,0
18.65319250868545,141.11995262395095,15.792665936201908,55.49926236237886,1013.2165164839925,11.089895123099772,97.7629098302743,1,1
42.50099145928829,154.83867522549795,42.67144728972375,20.671639366731334,1023.4410929670688,19.994641685913447,40.58791077436156,1,1
49.493147463499106,28.341621906869285,35.581482196406085,33.65815453939766,997.5175972926816,15.939628030144409,34.066169153795386,0,0
46.718012800315506,108.96608266595702,55.850929649025275,82.96286737562211,960.1443497041785,15.475049424213495,24.29520001728267,1,1
24.828439151413313,119.89075466401597,108.23213100554462,66.27255598166919,1014.8949348794487,15.531891792105483,25.932475899248676,1,1
43.95317854814499,83.59202981342995,21.0786832189395,48.009446356889995,974.6131111718225,4.574272102712918,28.256319871916613,0,0
21.332578515973132,133.54035141652858,69.59901084421406,71.87535143867427,984.372472382816,15.394668051480886,12.960874095416475,1,1
34.9897848311476,55.090594449294784,63.313188083713364,45.89097401921913,1029.0511765091296,17.82543677676189,74.25812233716313,0,0
21.14542994972364,54.97337967767246,110.3229678622099,54.9776102126561,1044.1180409349267,7.849033777245335,95.17746605906638,2,0
47.400864570666585,132.10537799732325,1.0592458153803408,52.026774558074955,1041.1235129695597,17.702205782162295,18.738780009611368,1,1
28.97138735891859,167.10198557589433,69.34534239000652,87.78393867569605,1032.6567384448563,18.149640139049662,11.72205881945817,1,1
20.08252995087305,16.561805793810503,112.23226093145179,58.01299075023145,956.4325283482448,6.430598050280825,35.14126411299669,0,0
43.334593821686504,147.0953784341846,82.72644594750828,21.749084207310297,1041.0695796426378,4.311105338314832,62.90614046926778,1,1
17.16366650539967,16.305218374410902,1.1492755356146578,65.27421156362645,1012.9379669616904,1.0092460646645751,29.04848847640389,0,0
44.80090449623059,20.261673364582823,25.985659746399747,53.95129667779416,1034.2274102633116,5.096981089504085,99.71370153633421,0,0
27.43416345984849,77.28973169672462,14.652744507695319,74.41583206852246,974.3465182784481,12.577351905900926,22.31577284029266,1,1
28.575529352926377,171.3344183908835,88.6687093768884,32.36727199549787,1010.7708167374101,12.572813033476187,9.056847350186104,1,1
31.303197901757752,52.13367913352158,56.05561713161796,82.16567930583,965.8259559810319,2.4660841117608756,26.931649510577294,0,0
48.32964076213041,149.56484223699326,2.3347035377455905,52.08038739867013,975.7397979080386,12.762891367443478,45.92924535341931,1,1
48.75744837023793,43.79569019684764,70.54276991987288,76.01680119921781,1032.5564489345381,8.139420608560142,68.69219076574815,0,0
25.612051498449897,87.09521847236405,107.4752557444079,95.99260874647635,1021.8817346927265,7.487037815523701,82.00577899746641,1,1
15.905347860389707,20.549182107884214,79.36484836504333,43.29988602160459,1045.1386218400478,8.721212241846095,42.9364820389177,0,0
38.73278285668259,153.51371246123793,57.06704857501638,37.120072136937935,1027.3308642725622,6.407025497472551,17.51107692938576,1,1
37.10740664737546,18.09073339807008,116.5623210103266,70.59178115297095,1048.5895520921756,6.777868469572721,97.12051611903979,0,0
20.094678670501825,8.13895446940569,3.958087254552307,57.18962964793817,958.3004197478595,10.243357683352034,32.75005035089005,0,0
26.747014736594046,127.12179930903396,19.57176073819442,81.32426962717848,1008.2030919778634,18.29889257695022,36.48406537675234,1,1
49.39502472234939,115.16552934280465,116.80823474250406,22.164852323769225,1022.7976322412388,16.332430485854726,5.3173286676487574,1,1
35.2639382405686,160.38845871788968,67.32464702676873,25.10508723243733,1019.3447240898312,1.2119382934661727,81.74688950164385,1,1
16.506196415734305,27.47947620207416,33.01291086279222,70.669183380864,1047.6359099631306,2.3564570523986883,14.270766921391843,0,0
27.91046388453431,167.24382755106404,56.0677143300977,45.72884802046573,1006.1203832208861,5.210463948915001,40.115990724752095,1,1
26.641180223121466,160.82820448292918,110.9106871725601,80.76577537255295,993.9083576029983,10.086699549933275,12.507369392943568,1,1
41.140264889708824,119.29513587900882,108.29279953649237,36.04889148601225,1025.9726121932613,13.693433234383793,26.58455338097522,1,1
38.35825238392888,184.87467611532992,110.21231852005427,77.5701259612913,954.807311253406,17.44528674640323,65.777860700454,1,1
25.865198861395704,37.45007234113986,13.944463559678052,24.01895194062088,1025.4103247950757,4.716859978865506,2.425293604325507,0,0
28.904472814469624,96.52141611846778,20.30762770801523,23.523866893003984,968.9125483098069,13.582055236731488,8.22436772512064,1,1
34.42629606949478,29.282397581633333,23.482700829650327,51.446230661335896,960.0825336053731,3.464070055644257,34.895241145135415,0,0
26.53841519244284,149.85429713514637,8.973876615170923,88.83605885330748,1031.6232170739454,15.319832793838767,30.937236246313248,1,1
43.80086249392757,36.56041605785616,14.92910470260339,23.59650667915899,1043.9310363005575,6.160217954105473,91.7617880177906,0,0
24.54147465317654,181.5131918672699,108.47148634153059,93.89408360085703,999.6153439284194,17.31892573597784,95.07658961673202,1,1
26.361592966401282,83.77488113651101,86.30882248028928,44.02878573786407,1025.380930891266,1.4778429042706787,52.34983842885422,0,0
19.28097194293108,58.66469528733529,31.035047098376637,87.11456588501329,969.3517255406198,16.16895840318238,79.3960345907922,2,0
32.46090694450305,46.76865111922592,27.227560794746726,57.193971769267826,950.8809007393517,10.627015092227323,95.27795257670554,0,0
20.41474086519088,114.66912429512068,115.41344263733481,88.84177115932802,1035.038011638134,16.43699860792378,30.90236060561856,1,1
46.17158909433843,188.2680702466342,59.49509079588473,48.3656837807567,991.4229015605856,6.6841288366253115,21.241844202454008,1,1
36.645696458851134,112.51937724906458,55.51020852471307,27.667630934786544,1029.6892964706,3.498671255015784,11.456204339604813,1,1
36.80749884190316,79.72887224754463,7.1770170422795365,48.44546839688466,1027.1780352284964,12.304984104341951,36.27860229869968,1,1
21.713167707210584,126.35912416095465,106.50663611356264,71.7018174412731,1031.2903854650224,10.43055677108742,71.79711067410288,1,1
46.367937082242335,154.63579565173103,109.18247440777748,54.49116816928479,1040.4220255127057,12.431344689634152,87.00487660816937,1,1
16.37817856532424,131.57047638270723,101.75700946534785,33.936162691455976,1016.1786933464923,16.499094284332628,28.794936963263705,1,1
29.183621476723722,113.90354369984388,62.30012266614745,23.13515144297085,959.8672098085414,2.0093315860872263,26.2267905499175,1,1
23.60524394808572,148.44447675735992,68.72932632193735,81.11808677161929,956.989605741087,9.704284749432013,32.37755792652695,1,1
44.74787587645112,141.55783138198066,104.31101649921555,23.714169792484803,1022.0823489566601,10.80016704319156,82.50000290155658,1,1
32.750620682403735,108.0418155803818,6.212085713047815,73.48182920287734,977.313987560505,0.3938784435764098,6.6437162506030045,1,1
48.5049963138109,69.2154579159694,104.16907543453907,96.77417872554047,1044.3267188837322,17.634504813988404,89.48439124613009,1,1
25.1152815519333,30.293978052071658,76.71150745055084,59.048447349505906,959.8746718695171,13.550826320448216,56.286000748477335,0,0
45.20735902836537,121.83675913767973,68.87354156661044,55.260137866610236,996.278706988887,19.087624539582322,13.844600940023932,1,1
30.617658650376548,131.16544678536857,51.96127747084795,42.65725016326062,978.7357370762854,4.673120925154315,34.390320058308966,1,1
45.50861714542484,101.04491006459904,28.828647369338213,50.762137362122594,960.5830412078568,18.08071479477476,40.8197832091432,1,1
49.31369216075765,69.50775465250385,100.36272566725454,40.510825063316254,957.6152893377603,0.634667233476014,60.616842664478355,0,0
25.905078508575627,88.70397609516567,98.23764427209544,39.84864685558417,980.8652476734914,16.906723701173345,49.27622733435041,1,1
43.96828084683706,74.89520069326328,47.80439769925302,33.3710689422605,1041.6345853594967,17.93567388025219,98.42170145647735,1,1
29.085649450939904,163.72298835172842,49.794447800654225,56.34390311367782,1032.9999393594824,3.5473354177279948,22.03109344617523,1,1
26.015488413853525,157.6358065000115,44.71818592416993,48.653456662460925,1049.881634525524,7.676122861989589,24.777053631558697,1,1
36.81247873703302,160.37599039100016,8.35294004677911,69.511378491078,953.5735455880225,10.526647019590358,25.69915637578092,1,1
25.7324594185615,93.41919279647652,111.25289528947044,76.85338452703012,1043.6845596284497,13.199420091173552,0.7107747087859662,1,1
24.295481907168714,181.15451554407477,77.21346251612937,98.53177892562199,965.5964019218295,5.934956662130388,36.23676595170363,1,1
26.42952363585587,50.398306029976126,53.21588589081334,71.38384986954969,981.1256922886696,1.5939984662851137,70.85325268931634,0,0
31.0655794523444,111.29646121801264,54.64807885966981,91.22860027639283,1005.874499716638,18.465536797034993,51.057534155600024,1,1
25.240585678409865,71.08851743523931,62.65551523017427,62.39915502440069,1018.7337701548948,4.489897443732616,65.88428999655017,2,0
42.25058029332633,135.31839789339801,57.8193731781109,99.33445208934673,990.4813159129217,2.1318122915965843,82.1504215407343,1,1
22.427042660814635,142.6571145804884,21.477153925815106,21.35019126863515,965.9798603789026,7.539773931516438,10.66182471297983,1,1
21.91876794824887,152.92525553687858,92.3860329572557,85.39905817527813,1034.1155236547593,8.408717892275108,86.75496606935285,1,1
33.40779062549151,94.11942338720164,86.2243594794931,37.10547290879258,1028.9497376827471,8.589316531324066,12.729541400376043,0,0
19.175916973093866,32.98134876934002,106.86872810925388,99.2750257807238,985.6973799201284,5.842877044105952,21.877097259433732,0,0
43.83357670085359,41.84149648377522,110.89081559163236,73.38803031770261,1039.7127791669195,11.080197087882926,69.06798621824967,0,0
36.681033523019764,166.23909126475937,100.30329734230573,67.18343998761,1013.2507649329773,18.4375184099566,92.98664839649695,1,1
38.248742436331355,1.5508556346327085,12.529345770472919,88.6354025419533,958.4714116370801,4.270383617101327,23.05466802216518,0,0
36.00821694229667,115.32655957675284,34.73010281044803,36.60890924547543,1026.4532029857476,18.709123112119524,5.28056799164387,1,1
19.6613161946702,128.43279774114148,96.53297420057108,83.29509350211197,1021.968315308269,17.74855908996184,21.734887957081284,1,1
18.75518312721815,123.07259401827366,98.67310698281189,66.56348627844585,1046.2997487458906,15.911289227835788,70.07918009092609,1,1
17.109005180510675,21.548447746336418,94.18051591094331,35.85903404616235,952.8835176078991,18.2152137149393,89.08053737012341,0,0
22.646933953102213,156.04125161459092,5.757559345398611,42.80464030586104,1012.3666908256625,15.26357992316771,1.0399188788189573,1,1
26.417301464581044,42.8691120127348,119.85364868984684,73.6785785908188,990.5671452879744,1.5130520396137004,59.86702575069638,0,0
37.45955148276225,163.28118550062703,34.62922235032362,98.51424643840771,993.9465739313949,5.918875093189873,34.844933400145784,1,1
33.185511853849334,187.34031290142545,88.21905575032807,66.16877195710259,966.2810387979862,2.9870662178174334,50.2196913813564,1,1
40.50480466105772,150.20243455102204,27.10972606515101,28.00796102778026,988.4460989253789,18.363450864881486,54.53672526693823,1,1
26.203491839112104,64.72753366782433,15.850445426662194,57.85789888849264,1029.1362678514838,19.371173830546827,50.15949999579754,1,1
20.852522054494095,136.5900799605729,90.81496112943545,25.735979953848176,1035.013912963123,16.58644779991715,47.254105403911794,1,1
34.61478815155539,142.68161274218383,81.20977500754312,21.322878255456725,962.2435303848486,3.251811115624914,75.56758890720988,1,1
30.402924701233303,109.10052527736502,92.72249242745809,47.278581525127265,1024.8890227318773,8.845985492591193,37.71801877742066,1,1
26.656304241915905,192.98896309847657,92.63680928507746,21.615675261882352,1045.7415486518203,15.508792594533467,14.917471445425557,1,1
17.6718343893961,61.63881873189068,74.9017835215274,69.32373513195739,977.585012514922,8.913499573148355,21.18901557137355,0,0
16.77025398083581,103.39409348537573,41.63893611024457,63.4305945838344,1044.6507322470452,2.867406233906422,0.19620183109553269,1,1
17.69073746487438,92.5416592203258,84.83184357627881,66.46108826537512,999.4894607373747,7.0792626218482475,30.997417153150096,0,0
28.170016128674305,122.32699080181426,20.130474703864344,81.70896664437007,1007.525324009311,5.383127552228553,50.11529628112837,1,1
48.697254068980826,4.098305829038806,23.942716908147503,55.87041919226224,1013.8439721779828,4.244565325709704,93.14039483761962,0,0
37.49002043486247,175.48638979128611,39.518151630038226,86.31631474453036,987.8219216899446,5.055035449224099,91.1655339163793,1,1
18.227646648759908,188.57775921128083,55.02182470411266,99.41003787886893,1003.9594653735029,15.149763441646062,0.7071016338003999,1,1
32.38333869860578,147.49069432362305,93.93924239501389,32.64388660812784,991.8970950382778,8.381439162386775,10.364080849905587,1,1
30.506592769201333,161.41859173920108,36.02168851427844,54.60596175151065,1046.0958685062142,0.6341615178312443,59.152176789535574,1,1
41.02026321221702,152.1764868062357,85.91256298608532,78.1161154774749,955.901266567305,10.682732382726655,78.2969071657256,1,1
18.292276716306535,2.4099844773735724,97.74741979195898,76.98355100531913,991.2206416914443,18.80792865148344,76.65980946514712,0,0
48.87513295623021,185.86305190949346,57.75523235751685,80.37671829148528,1016.9191388807639,16.22890420184983,78.7688402250992,1,1
20.363118951162935,46.74710636170927,31.887789261308082,85.47988473736085,1031.0741703929189,9.906706938788844,58.08322592519212,0,0
43.942275353894,62.51872013554865,6.021453229963596,58.60771506233338,1041.3717143848671,15.809365219201458,36.661730310848576,1,1
17.266997616899285,127.383901076502,100.13889550446241,73.19588531637109,992.5074664763019,2.467072263581427,91.07742441373549,1,1
24.658541401368403,44.857407298591866,97.9171998731585,98.49759509790856,1016.0160258744761,12.496209780491013,31.943086922106257,0,0
15.714470773979526,38.35957316454193,70.13165238678863,32.10531694528364,1038.3835806931327,3.7628937570577037,52.210445301190155,0,0
32.92046360190783,120.7891260259301,39.292088366164684,89.88273608522522,994.430153597507,14.00307157473148,63.59108609667031,1,1
19.100462909189616,124.52787054052227,66.08432135773151,91.88832506047247,1038.0876636484904,3.0190957482329273,8.168514558660767,1,1
25.310727672380406,197.32257133686176,2.5888531687580096,73.83137916583014,1010.8513733840978,12.931565609156337,21.828588977074148,1,1
22.93510710299475,86.12841643476492,11.50293684803476,25.969056721515216,958.8359453486097,11.459583426125155,39.77418568978938,0,0
25.276587323004577,63.16387593026111,24.87399670188885,52.92042682575479,970.3058069199967,13.960920845986651,12.393251265393612,1,1
48.18847296032963,17.963788025456438,113.21528571358512,86.66359772163253,1018.071212061338,18.24603311130967,13.921879351737687,0,0
21.171017096542037,50.43051841176316,29.37738321190691,44.867861674172815,1007.5630898273093,0.5634522261020924,38.22725950399758,0,0
23.623479476240878,121.3259696105444,118.22031972618427,61.41236897466981,992.5685239118434,7.364870902902323,78.49492188798577,1,1
17.519332607775443,191.9541028920243,50.15014631856547,45.096058066009036,1047.40681163997,18.717577264863998,64.1934139765721,1,1
15.647758119764047,149.70699524131436,40.26688800504016,51.06241846834089,965.8742128977389,10.469161677297986,74.45525962037662,1,1
24.555389133257396,187.74658160867503,23.368422720354516,25.30098724755467,1014.4363873349901,16.986374637600935,95.31328593075122,1,1
41.850985368078156,39.930002301214465,117.31934217644763,93.55487008230742,966.3167422762448,11.175716538306489,55.551742593097885,3,0
30.488717234531478,196.85626605193775,7.154668461626543,70.17671267548678,970.5303622678811,10.546624094619192,77.97407717875188,1,1
23.635438110899123,78.6719092966297,114.0921689136479,80.91845901762477,1007.2723184511835,4.439947756134335,42.53054374775831,0,0
42.0921461667473,164.10861562199523,29.35274377708787,72.96481683336154,959.50029921234,0.4642461490092886,54.86739234330212,1,1
22.853294899815005,15.782406248426572,87.5793975474276,59.837967069171604,1029.6277010958452,13.27888479361114,72.980493991549,0,0
25.757620345356493,52.65516513664728,72.10498705143135,36.00657123184675,1031.541211563202,10.458403379484771,22.6989932347761,0,0
36.8808881315468,189.00714701672354,9.851367190892892,28.747616585080237,1034.383914686334,2.1918754913374716,3.93753693529878,1,1
27.17757033662655,93.34117698431952,68.33333240288277,60.58401860513999,1041.3184562658114,15.373362007832746,98.38102558617108,1,1
31.67593981288628,16.865921967835785,114.66367715314495,20.32905292712779,1027.6096013839049,0.6256406154335892,76.12141906516385,0,0
47.8278628946819,77.85205946620937,28.91578214636612,38.102332200946464,999.1717644150203,3.4177407151358308,67.2923630659712,2,0
27.89233251209312,64.62189848065181,55.35426915077485,63.407000195180146,964.1930262258796,14.155267275936867,88.29470999053261,1,1
24.72954206704136,36.07818036589696,91.26065084628763,34.68333790125196,954.1255160362956,12.384864407655577,23.975141630535024,0,0
21.01336431249959,196.32054834290125,35.02379800796732,92.27546321724286,967.8218765888604,16.379542641248705,50.2018873048482,1,1
17.750816919059837,146.72105872871447,107.0488046081736,33.04135922684172,1022.5590242336175,8.901050381462476,75.38704532567183,1,1
39.9874781864857,5.320046092601083,21.44652431605862,57.682179434581954,1043.359417191208,6.84146913509603,62.88734702801819,0,0
15.422931093005008,142.22538430938883,72.36819153033655,77.23157972926127,1040.4660613024944,2.9299786623562007,26.158959600806707,1,1
49.852331225884974,31.25679170192539,86.47524078312316,78.00607284087215,1018.2993746235569,4.548811786291553,21.513406321387073,0,0
38.32193738121758,37.25003689184321,79.38759980886448,59.40226256202544,988.6628867649384,6.004646987558915,94.75769333231166,0,0
32.783278020997564,112.2503925021924,113.91073016241425,72.31018544777069,1045.7852927756828,2.127334810453969,84.66396317724039,1,1
26.73951198080818,162.09750501406825,102.67639490339742,41.719030891404465,990.8830616515479,14.52028708629808,9.905563089697067,1,1
41.443673701876904,22.094585210948804,109.73468787216697,42.107143463708276,1007.5599346867356,2.3430700015254557,26.94931546624787,0,0
29.13842652204869,97.40977533660286,0.00809971758893191,91.09246099043747,950.7674809558877,15.4736912598885,47.05789123563709,1,1
33.33580087154817,41.653095866908174,72.8842020414845,62.97855273355617,966.4236406620296,4.762380026984383,6.690362901245717,0,0
17.319925023130843,2.7551571904853134,26.45691905797005,74.37289819176445,981.6215388142356,6.854685397347533,13.19053932554447,0,0
35.1414733679747,68.42872830934745,81.15801641162577,79.31675750740428,1008.4692875248383,5.5213907362407255,50.86077993372543,0,0
23.81757816388062,180.58256707078363,91.96629000990687,59.4404724804453,1046.5457143178146,10.93510893460376,32.853547695694814,1,1
18.34135552779165,108.74912896268272,103.24999338976146,89.3374982525159,1010.4567066682748,7.868767264684255,65.02963080906798,1,1
41.67491240956638,82.32495687882523,57.15050030579104,74.44930459023544,1037.6652606102746,15.820207562845498,2.2391369320348686,1,1
19.353032032460575,170.55563605710435,100.05873936540404,51.104542651896736,1008.4277922357666,18.116899648572925,91.15586810070964,1,1
42.40824960163118,41.91778767193579,87.63393688247339,28.08787458776453,1039.3938459454569,2.9829760715742903,66.23486401114509,0,0
36.3585145988322,155.37993117591662,66.18930028301466,24.765326030058574,1020.584625404415,7.663091176705359,32.02850012191099,1,1
49.708574233680714,118.07995319194555,85.28628879232936,62.106090954851865,1026.9972645951652,15.041454709999504,65.71461156801604,1,1
49.92100715053219,91.95870681662754,84.74308179577861,83.82223702439346,987.6034709594544,9.143500551072371,96.91672663905854,1,1
16.130185599431282,67.05913079218287,58.34555548064039,20.11719944553522,1039.9127101006611,5.724888004243174,25.770483210944427,0,0
43.711416837380966,55.596645700495074,78.91471126824268,85.72025151215674,1029.2476847710373,15.639014748518578,8.863756986523486,0,0
17.794643865032747,61.354007147477496,4.313745743522133,60.03437892154115,989.4782066270218,11.140518250862982,29.878853866969045,0,0
32.00139010466495,66.94895317181076,23.42497106679703,71.9493344910252,1017.3435901499186,16.584633854995,87.47517831537249,1,1
39.65616665287704,137.4996173395024,6.8010798403767,28.782339316653722,1031.2562710390873,4.659025232472631,35.5565060217083,1,1
20.085407378655688,39.0303937149838,93.05006824442475,40.94876956124306,994.903496626419,3.0334274611847856,67.79299063160987,0,0
40.48944069467167,72.33846357974276,94.16959753473007,39.19253215377012,1019.1903862100156,14.599291628409079,96.86573777887763,1,1
23.131258281535068,18.742096008550547,31.564250674774392,29.828975726569524,966.969430849431,6.6822902371194886,41.399074672200086,0,0
46.630347901298286,39.12315430000422,116.61107711054595,84.81225679169373,1038.147138989344,18.588879794804868,75.32411971411207,0,0
42.60729410659714,87.56365932112391,61.25402816114927,94.59883414133074,987.825591155265,0.8389414612841439,76.2754385474773,1,1
35.06051291011315,162.97519246866233,9.066151993315454,69.69855923806318,974.7705887990758,18.065371889889683,10.990993974174568,1,1
44.507424545377205,17.71085039438207,3.0116826596397717,38.80475440335378,983.3044540926684,12.530575436237424,13.17245973610538,0,0
30.306547675687625,40.85272042057475,102.63639858564758,23.5973206361044,985.5937726688521,12.627481599382177,91.3088178051939,0,0
45.37976979428633,179.03839990343272,7.542395241957851,87.27386091707676,1027.991257854412,18.048632985512377,31.157626725800135,1,1
46.911778719567835,80.52821701728956,76.091962263096,53.93431929655986,992.7648430515651,10.932740375898032,35.59267096208225,0,0
42.74579479942325,126.72774708304777,82.77069138467348,38.48278401774109,1046.9575288481392,13.203521955459308,19.719586453039163,1,1
41.26715852148618,34.74282064152454,7.606187555941006,62.20427169166675,1005.3523954162347,3.7793114946319717,34.8378944292159,0,0
48.10192534875439,57.00064641749798,18.66816729184424,99.40495669323633,980.2305536380467,13.605073462921574,23.156018143926637,0,0
34.25424189452363,77.2563973219231,115.38951133910263,54.624469964039015,1008.4174184181725,18.895325318002943,98.92342999379551,1,1
18.558042740174876,166.8641424084778,45.85397930246985,67.58629649644902,987.5048078955246,8.022324113095847,15.885753598511155,1,1
35.046826044975305,109.34318918894495,22.722694624607982,63.33843434671532,1047.3101882631086,14.288171917075793,48.09825595833519,1,1
47.06293949534813,115.06287130106116,16.205759847336406,63.80077182499651,968.0973115365867,15.350096774953485,96.71742142947083,1,1
27.62865045901656,86.9835760250389,50.579576020635606,42.82399806359055,1029.417996487863,12.354566654939918,6.405155685655961,1,1
44.35822172580974,37.41764623064145,117.49813940509453,50.13305112020526,1011.6449647150324,1.556472377920608,34.466327468835665,0,0
43.08238850762735,95.44169839065168,108.55241802528275,66.01107528406457,1042.8572195395748,19.652198140251123,45.38945595182759,1,1
34.78048004022328,166.98412865025395,26.58396066429756,88.93036590248877,1009.192014037727,14.510002707690507,7.985402266344521,1,1
41.81656892086913,62.15738091473169,96.62787322198103,60.73220306421655,977.4614334815633,19.05519394043308,76.50623977114992,1,1
49.499012585577645,72.89397968244076,77.90635602499664,68.92709422909815,1018.7556741068803,0.7663313208266165,29.17193238773741,0,0
46.82681508267825,84.76401097444537,115.27724148978567,37.08025381159806,1049.7423973481089,13.951618179190646,77.63934240664878,1,1
28.890141027088752,181.40162425212415,65.45554811503465,74.47507041797081,959.4808271336286,12.633614017857868,87.90789882621566,1,1
21.239912987559585,147.5451869269692,3.048091079358546,94.09624132500151,1048.2917116031185,7.083601335961889,10.707384971533484,1,1
38.050172885710076,5.966902829495813,57.898353755662406,41.74233401103092,997.3339053952877,0.3655102947671396,5.161218307070648,0,0
15.559154009518382,123.8263740094228,67.21115012102503,38.652639882928355,1014.6643128904021,17.6841451378995,27.732210102611365,1,1
44.11978327576456,132.5018272004363,4.058453180757979,50.01199166635476,1000.7757215859017,14.633983799094427,28.713055825341694,1,1
49.39555367002763,136.90794810101715,44.73764125972326,27.762003126168963,968.1367760270809,9.752155201103132,49.469535495836666,1,1
41.87015676874737,145.2353251144505,24.152764622138076,67.5965296446612,952.0621800742888,7.970947987686667,76.41052405716057,1,1
28.982800765050825,167.11924796028484,117.13863481503378,68.57700821594926,964.5004076341756,7.593544158108214,0.9483355068375166,1,1
36.09540733442634,164.31370019475963,75.59280947076515,82.88689833467599,1029.9903927275886,17.020251524349273,26.666378299755422,1,1
45.49439829871477,130.81879969269818,34.767066791338436,98.98357719970089,1045.0182393731668,11.488819664127988,84.32083783995635,1,1
24.15230710519551,83.207399322178,22.076611289260043,61.60821141033984,999.6001430071665,4.256264519231328,67.28016937160976,2,0
19.122660343389438,12.338290213942237,46.18859623948633,52.7859822227764,981.9740606526486,5.1589327515650085,33.877634500953036,0,0
20.718145088323606,80.69049382657548,108.55240482209324,37.95415049670706,1018.4451104350351,2.835690207956787,35.39066240102308,0,0
26.24111731908397,187.40587888166556,51.357846696217074,75.23727550251071,1010.2462808971329,2.8206015056952283,93.95404510306183,1,1
27.105425214951712,8.951671156729946,36.05324482130251,46.85069807058609,959.2745327378727,12.399548127598855,34.67642055415454,0,0
37.019711221583975,1.3481127178134322,117.8458078788903,33.64130868357453,1015.9330986704937,14.31568606559031,17.16083497474761,0,0
18.90992987358465,30.515438368961732,29.618190701393345,33.45856943943271,1017.3999426956082,8.416664074521345,53.77915945153631,0,0
16.65678760832054,172.24979262014466,20.468586384743066,48.81218651640705,957.1901639827767,2.735862692966593,66.57994099756614,1,1
39.24054507894911,135.3930969250704,66.25641454152264,96.20173312095253,1000.7177160768576,8.988240585928931,24.754556571714346,1,1
18.45973352433144,109.63098599323575,37.78682240313937,61.922030655241215,970.611907826048,16.763453444158227,99.9697209659069,1,1
26.28412285422273,168.46552145206596,104.75833636708889,99.68590310056638,984.2720129777979,15.120827874282114,22.880900364198542,1,1
36.867860045225015,140.96851389456754,88.93448310421157,36.573773486756934,1034.8725570496194,8.419437207850837,21.636951773455504,1,1
33.98858809301656,172.67142592138842,116.05054917337365,79.85662573822995,950.5622886271362,2.6940152093191228,7.627398643886574,1,1
18.542481004785966,76.60699120395502,40.61919777943533,29.094798501464805,1038.223535161425,12.308551526647204,79.6463308956449,1,1
28.00422860994008,82.04720325751357,38.114545264407354,55.07412896787929,1011.0377262355054,9.859680156804828,83.79170061884503,1,1
46.50487090134385,93.93677067351985,28.76975764183793,95.6153935567447,1023.5038643050923,12.8025417210776,74.5413733623976,1,1
17.6593623838923,13.525265527534502,18.374478309718487,31.796077395242595,992.0670474849404,3.1480816457072835,85.45256442665965,0,0
35.2333925824809,73.65237927005029,8.354704587032051,67.28222367673001,961.6532820592126,14.864405008052124,80.27580967438215,1,1
34.03916902859444,29.920571828171493,94.42352684885586,44.62622314074672,972.265314275346,9.411132820368506,92.26462413829178,0,0
25.40806522260833,181.11570019452407,6.438397048779345,26.681896401435743,1019.8561025135247,3.811853228963511,31.662068319662538,1,1
19.773054334320268,66.44965382650967,33.655199267095604,78.90701111911869,1020.2023388189044,19.09854352856731,72.44216851730408,1,1
39.318621355748476,138.84077781253035,105.95609467778114,43.698938630044005,980.0092109193804,14.824276194098736,22.87051371501274,1,1
46.92070014517895,106.9563450173772,36.014991371139814,82.08799437519859,981.2320629875296,19.265566341437435,98.29892097249846,1,1
38.337868468816865,22.72677795004585,31.585061991995104,61.23335697728443,1035.144745009798,3.6977299388405727,10.440345901393233,0,0
17.606711911616244,101.39351247200938,106.1641163513647,23.388739411511388,971.2321533993535,13.865140316790034,82.58634351437153,1,1
43.25898352547094,157.0136114640662,15.575976097600797,51.77900657463348,1048.4744662831747,19.777751431761764,60.24273919541879,1,1
39.8243521652397,190.25675925706182,53.99134334894525,30.94934863070346,1016.8948875516078,19.20204609801047,69.72060938662943,1,1
43.11623944583082,84.54976079412302,11.575578497382129,33.510566924138665,1048.2654829435478,9.863686339885751,1.202059017724988,0,0
48.43785482559108,99.5559823942106,100.35220779502052,63.87665136295148,960.170228367476,12.311391642638934,99.74002763196093,1,1
16.215822392608008,168.3588395030088,28.257695478091797,51.50929781697485,987.2709511772896,17.975943885382392,50.44861888318381,1,1
30.651100039204962,163.60502176735528,5.86885611659373,26.916505207617902,952.168885687629,13.759658080151013,52.56161370791812,1,1
45.660774405389894,99.70658059452113,26.618348731439298,84.4117898483533,979.4323854232623,18.71379564304418,25.042388785224045,1,1
20.87022285046004,98.66479830213757,6.061814156429199,22.91293827860941,999.6014545255458,4.302137615895751,0.9352638395181301,0,0
25.36199190010326,95.47347076931838,47.31464417525078,30.83755729283385,1007.9674827831977,14.20665982295274,67.55391621632954,1,1
28.781667244914537,27.519230234222803,59.93841281888672,91.23454039496661,996.8722848941233,3.9136209948317524,9.305330309373039,0,0
48.037432333460785,148.601881775383,37.55603672405788,43.62819249641396,1039.5218486722597,3.5513646961930223,53.50372896565445,1,1
39.972649631275544,79.27807039313792,4.788281105170626,38.220705097561726,1040.1808137442374,10.462379336791088,81.54412464879698,2,0
34.44899399767161,188.72041914246068,109.0960890668214,58.63104336083215,981.8274025436349,12.033375746912204,67.48876816694735,1,1
32.442428230522104,164.4566442190189,21.999422614185935,46.75294644992259,1018.6376357366453,4.933677307751145,43.98447446836339,1,1
48.73067413199024,125.17519453731482,113.88686815693508,77.79531225988606,1022.4666769667173,11.837143473804112,14.220859481472681,1,1
33.19000018102007,50.5332401006942,119.84070652215362,41.356955208097645,973.0685843461448,12.477663102480891,51.094881321963015,0,0
15.747351963907995,25.906635798493973,97.32515301930151,58.695356411804845,964.6015214823015,9.304851256714672,25.31490830824037,0,0
22.825701138932033,191.5450552890209,43.44294322292892,23.71448837378713,1047.0326672637302,15.896791495443157,25.44133065641585,1,1
29.311214214688697,172.45791491902568,42.88962231879291,65.39232336052791,1003.4856869664612,8.025890972575993,63.95019018137161,1,1
31.56517580556602,4.246098334794568,97.7259729177525,29.052462620297543,996.4089930891363,11.598015818549943,70.55060541932909,0,0
29.37787873507823,147.10969740610628,15.762010166228428,72.27564386166233,1032.6338927585703,17.788879456750024,57.95664959538892,1,1
25.951331932626303,32.67130234272528,41.46705034529339,63.19794985235518,969.6330223991561,19.05029811386186,89.71354288729094,0,0
16.153501820290092,112.39235964607776,94.71705482959358,39.63135679472056,1002.3896232392744,8.11983764818758,19.65462642180764,1,1
36.515808435653796,198.7384350813662,43.83447123359338,64.19032066115736,982.7854681621501,17.538972336049937,86.46027004236932,1,1
21.25706857817896,179.98977484761213,18.181045326728054,27.635196770026738,1015.2934615701532,7.7180821173979,53.07405934618708,1,1
37.839977367811215,10.567447558596976,35.154380530919205,56.87250494150937,976.6587409805932,0.9794276857104189,8.667657323105338,0,0
43.06117540638067,182.2773518425852,18.267996291653862,39.94095658331886,1015.2249404731069,19.085435521848943,29.95897091332711,1,1
44.932476918260036,101.20492889007528,114.78703668969365,30.9006929942553,1047.3672398207987,8.81957255659016,95.29383904262617,1,1
31.054157596803172,106.01642682411563,96.57300117327851,77.81028005915152,1011.9603320417285,8.339600471791119,79.24383673996059,1,1
48.18799166512621,1.9621793886053673,70.54141157431934,89.27847431826788,1015.3112537345557,16.016585156666736,89.50611038489853,0,0
41.28328555485703,143.40348027295323,115.7695069636702,89.09477263132581,1031.5377869582774,1.7280672094375227,23.902988313941787,1,1
34.48646085137813,141.91202099496275,36.38578719605723,27.46624904966587,981.1099186815247,15.420583611610382,87.74010293413731,1,1
46.951627692052,75.77333582882954,44.70462898322358,52.53659767774329,987.5809469421448,13.323932150144193,35.83232621319927,1,1
15.712037781498603,87.80492013757436,26.89824794143053,22.304571022769597,997.0842951534048,4.119091183965862,45.27418148397341,0,0
24.721249531360026,120.74177405608664,118.90528642487513,63.7785536569332,1014.689591689277,18.385515155024027,37.40004177250916,1,1
20.829195742495408,56.559456586110656,48.33539288574591,71.60141450046706,950.458802942972,17.067664295339686,7.6093973049830455,0,0
46.52293021214926,189.88690424097976,118.81233529345607,84.7608147525502,964.1855525940152,14.123340864503726,20.33212906081765,1,1
46.39947424531414,63.321185131068944,39.21551724900494,93.41226367318933,951.3231070783704,3.8793230296713954,42.19322665634551,0,0
39.52525485585676,129.51323320894707,80.32942502005788,90.40176227285313,962.1030412293256,10.443233924375408,72.54776891024886,3,0
37.264145502345755,89.6628239878535,2.053750304659676,24.836181251830773,961.8941326853836,6.864555056707271,11.76534526671469,0,0
29.91288095719129,35.72839811711588,93.49994370314474,89.71900933697725,988.9647507968176,10.226635306312774,95.34962415609417,0,0
33.74277143720171,199.01464316868498,17.055719243046553,88.97811364773587,999.7203002672966,0.4542822249933631,97.22229414393485,1,1
48.776676491017525,76.65416803657743,114.49704853030859,31.28077137908366,1018.0110141120682,3.838579737756691,24.664723633482765,0,0
42.27681030209119,75.471616913059,0.8553003394345415,53.13907393564756,972.8069320632959,13.666598271165824,19.44486967235003,1,1
44.47887349527665,53.418602421632855,47.16339099396164,43.842948863767845,1014.3923347809366,2.023270824527934,47.80993726982441,0,0
26.705918532527036,176.82759265766293,8.809451228927085,86.37560519462838,966.768047652991,1.7715531985991029,20.2322858123008,1,1
18.592854370413363,104.19678964042511,118.58579434989376,22.746188153940707,996.1128349319462,7.721406582157235,33.96064142464004,1,1
26.61522636516763,179.00255132529244,2.277138025008485,81.99331099041106,975.2933178805941,7.665910216351497,42.01499128485777,1,1
25.66561139258102,18.711772367079572,13.719701859532174,43.850489926611544,1032.1809052887252,2.692553055748237,74.26398331459308,0,0
25.11044053002507,176.69298702241855,51.399417048076906,33.737865063790046,1048.584445011051,3.5326903845982316,56.76198212322694,1,1
34.925026733364696,74.56269023555598,114.17863110589572,87.50996499293854,1032.9819560838241,19.483038708589557,45.710933819631684,1,1
18.401502146701024,153.09118508995877,45.697509534232054,35.227612144281466,998.3247343220254,18.514378803343266,17.13570190146284,1,1
44.70445853304096,83.64098832302346,16.416237684377037,87.87058431909252,1046.9620341191428,5.825414316700233,30.353620984206884,0,0
28.66910940639766,162.82607289216142,1.2500636087399775,37.916524139002746,1020.5899811106326,8.112789009710522,33.029562296812756,1,1
45.52990111157061,183.4667840292479,113.75834629994345,41.80404261234373,1041.2512609539108,14.739311094545776,15.421474848858063,1,1
36.359450990787366,5.266963861398244,85.00537869250383,78.68540181207507,1028.9338508594997,3.450501082448698,62.824994094753094,0,0
21.2599839689679,189.33001667783515,81.00128312170014,27.62606784032446,968.7032230005823,13.269201962594956,47.66704961596086,1,1
40.770418317380745,56.15775978513182,78.95010442164923,34.15681344243512,1004.3710263361033,19.155991830999724,62.82222322909864,0,0
16.749776612672076,197.75242754732537,18.823959557863873,77.4455282157684,1003.2530039064196,5.887213756086076,17.73104854277091,1,1
21.21958274968505,171.6799362416321,104.7495016996108,57.21164172997696,960.3621462924974,17.6833020769358,48.70164861750891,1,1
30.35668480034198,81.47140488752405,43.80170086310468,62.08043228868753,1010.4541226611705,9.328644071459118,89.66481634550445,1,1
26.118142998532406,115.66237135735626,35.99447042327823,80.26800190340273,960.2121099328235,3.7739799359066506,80.12014099269507,1,1
21.411915832683853,125.14926923894802,116.42921422850362,61.831249101277265,968.7396446340069,6.41382091385275,82.34580764542382,1,1
27.30813195919908,144.7022718059627,93.28200754608122,60.094627779613134,1028.3213384366388,6.338060088564288,51.61596467164058,1,1
39.02953923902491,33.614629460876074,32.83463608586276,72.16292827149218,1015.5360119829553,9.86605292905958,79.55853567821205,0,0
31.871921570174145,176.26445308274666,88.30841170463346,45.1755890642673,989.5254008484555,13.353733715396913,89.44526188234913,1,1
21.254805644622806,102.93270774839603,14.254130558925207,42.3564124256105,1018.5981359293243,1.5546927049632342,66.23585818888475,1,1
46.52838923308539,193.87405820369324,25.99586412306186,79.91183652863006,1042.637044870553,1.82738621698872,41.40236084892053,1,1
47.17934184052581,40.55749965096602,112.05128205454102,62.17536568702228,959.9893082537556,8.9975463351103,32.62611954670662,0,0
24.87714561931329,108.29511512673675,58.03112289022441,58.557372769607355,958.8141731103116,16.04636362054273,48.14393153557952,1,1
43.7317040045656,164.91892831019007,38.05623898176518,20.34770430460899,1041.1245677458119,15.213893861724806,10.72519568234711,1,1
39.56044619010855,4.00465373377612,3.331088306483818,62.0658591678274,959.6037429236346,19.28673044969838,89.38312266502625,0,0
37.74342109367596,12.741794167662658,38.98023093684782,49.737839832483516,998.0879835828699,3.378057480129044,57.75116427971959,0,0
30.251972676822817,189.4593926785717,112.34342755502628,65.23791642719779,1014.4349335990535,2.7559293554748487,22.332323884017157,1,1
46.525039147066835,139.833184579147,22.731623673969303,65.61682448585783,1043.4761250489448,6.903422123238072,18.582037551908527,1,1
47.97088469181844,92.25307205841983,50.069039839531975,41.405375983420015,1039.1585294947145,16.912335337791504,40.29903994367541,1,1
16.07146479639776,89.33028610122791,21.702961989606393,31.418725611910496,989.3093611895424,1.9815387468925438,95.7464506931665,1,1
16.663871362344864,80.27392547974543,19.524324243803388,75.10490572230049,957.8811449214562,10.936111484172686,77.31014952019376,1,1
48.25209422671398,139.70551259388253,11.939010916150021,27.081643977131282,1023.1598048538066,4.306588100069373,44.72393086332488,1,1
49.18173854729756,163.9813596807751,101.59120287602407,88.8615923782463,1011.9545340121558,14.878678477249567,35.896091463428725,1,1
49.94561793004978,55.924433930929005,70.80088839642234,42.56493426569547,961.2071050560073,11.351716296873533,35.334867086613976,0,0
35.41267436331857,111.73569533299856,65.07080749722739,29.864089763722355,994.0180774350357,16.240078787975836,31.514349554463582,1,1
30.53410268522228,98.7663180640536,103.52775751100937,72.4479815380815,960.0202534837314,17.303419716100425,83.20659754820899,1,1
41.37760932097114,93.21160366376753,90.90544601829681,58.299365011420576,1023.6623534327163,17.602203299450725,89.05415851305968,1,1
30.91025009656091,171.86853587040585,12.174885660925575,28.145553398942482,1004.8266946867479,13.036892369125379,15.29937759784027,1,1
31.526301568209753,18.87253356318461,72.25193826639725,88.40752294022784,1023.7638976019524,7.565831048585425,99.37937966371216,0,0
38.20272417631479,163.0496868884958,80.36368647500792,99.15330328697013,1032.1359767217773,10.388464357908811,36.68795628375898,1,1
38.875419020209485,118.04436176140179,75.52207092330544,47.44094130270056,992.8728420570554,11.161931497812995,83.92834019218431,1,1
41.70181212170161,23.73117410055807,29.466510002327016,22.132617994642196,950.7960567965591,4.487509385604835,79.93209480093296,0,0
46.66616803610354,78.35367317971962,67.58383159280143,76.48420815643047,1045.2936699251727,18.258644745948633,5.719230338137993,1,1
23.68580451232483,9.828908791035417,73.98509051868616,76.83946531781112,980.8283412356511,17.07703816266429,45.28127504114977,0,0
49.94335302839544,0.07993851786498585,13.138765010226798,44.14345943482723,952.5507597953713,15.646789154765015,5.277178787128722,0,0
41.21428716528395,10.513691757909882,30.327271758365477,87.30214525268237,1045.1095294237725,8.290526853210245,96.99389643125514,0,0
36.94083233154899,83.16702448658629,96.33616127615002,43.62628161121609,976.5796261360218,13.130953538221487,39.0487361968095,1,1
19.757130943074284,13.392847057981761,94.54110914981727,74.07285854418757,991.1798224606604,17.92455270342113,41.08567524425995,0,0
39.860341501288424,181.82305504145856,100.88585504501322,60.888382107166315,1018.0636392446733,8.27331553454738,64.7197172294114,1,1
24.014335342088856,86.94842275391066,25.145488512220684,23.05479621436384,1008.8539850575372,17.288586907015954,2.557827462319151,1,1
21.86104092552536,92.037011854084,79.9076180210704,33.69833549359092,955.6694828970624,10.380974354537784,81.87097130573088,1,1
16.233221825946995,69.87389007180518,79.62176913520022,30.459360488197362,973.5946776892757,10.709852875725321,95.3231696364218,2,0
25.056991638531464,97.50548424414207,47.99170356773019,91.7917337624064,957.1889864031116,11.322951826815286,84.6119699189944,1,1
49.58411519719071,139.74509950436146,45.59225707998294,52.94594820271551,985.1682219742764,12.07226199613907,73.9405770718251,1,1
43.68136472561258,83.31862193663437,86.00502027108472,93.29780736238212,1042.0824794450705,14.08058005429285,63.69021928125361,1,1
33.603412643375236,36.63953363642571,14.835558312650218,58.856880543150425,965.944415620746,11.53999851338672,64.57027303012181,0,0
33.39654591320142,7.285342502522729,6.92735505627986,29.067294774518835,965.3645804988339,19.797652275386664,34.449501686312246,0,0
25.219068077445016,10.453327132845814,76.23844688227159,72.17526281050246,967.5448689578665,18.38483081849226,80.04935465951273,0,0
23.061176088262783,97.16994618330747,55.006902743861986,47.88163554738566,1031.7634712825613,2.1852897124230197,41.53142398277927,0,0
29.981089569222597,93.74512092283594,103.36199893183544,37.4533496161201,960.2923173512273,12.35616925642216,17.383447497804717,1,1
17.62262300491169,85.3298441142107,26.357571702976912,48.89732950943869,975.9711080102458,1.852729254468315,56.03472029242016,0,0
15.945644631381999,193.2750695988799,40.95966260819595,75.6126008391843,1031.036287254745,5.582095910791103,74.87387091100682,1,1
44.13472993986483,48.2634467623227,119.09936122752873,21.65509462736715,971.7000480235541,15.600415125539858,19.413102505575285,0,0
39.43909521571723,171.10608099658074,115.10571271611123,57.939801232021566,1047.1109122982118,8.232445933633572,21.812803967438576,1,1
32.987264857965386,129.96464886229853,54.95559792599325,65.35779551734333,991.6409187727188,10.495239080424996,95.25956719465616,1,1
32.49409033877162,50.63592656185205,91.04959458150847,47.006756622523945,1031.620717082139,1.136839779677703,33.217797710869135,0,0
18.30259678912238,17.06356484916629,79.00674710069246,50.82678410828859,1037.1478941985113,10.328102757470583,29.534322117228275,0,0
40.23111107867682,124.80335831713994,95.9513544995044,71.4870621073508,966.7013417098921,13.40620075334132,39.15491976158103,1,1
31.210006059014884,184.31291514746894,43.195685555729646,68.9567314392671,986.348173341224,1.8945497071558348,45.35253420483005,1,1
35.89715265608781,81.50065840751975,46.879942161382125,85.63028111155175,952.968517228947,5.911707934802399,81.17572653772116,1,1
47.218555201390735,82.45991716816565,106.65530918352917,35.914409770002614,972.1427067860172,16.92382753169607,90.32577413406182,1,1
22.798201878693362,11.864837993722222,10.838896446634529,40.91046683010906,1026.1449077146794,10.199836555925657,45.558884224276966,0,0
35.44489759081003,178.04462269243723,10.85164554787891,75.5779302109265,1042.6790845655405,4.267000835168,83.77723159618344,1,1
39.430864876582575,2.8937072146289378,27.793401643455383,68.46758087167046,1000.2400339491212,10.55872505053732,23.193042460682268,0,0
38.62512147480193,53.28367418735538,46.73219597741446,49.513273270406096,1017.2025022119899,1.8050552336643477,20.55419010401852,0,0
22.017397473977375,21.684934823142022,24.911397460375085,68.56482143386835,1023.2168170874188,13.206068939382455,47.51881379808823,0,0
16.835209988362227,191.801402137355,20.169175300499035,73.47370963245368,1041.289061548211,13.955541919619773,21.804964018895024,1,1
26.052870456740806,6.0411734022190355,73.53098890105362,69.03943847052533,1022.550058137638,0.21992578551242703,81.78412888244667,0,0
40.85488350901078,28.177321904817767,41.71519311227743,71.08199143233733,999.5796874940328,2.3018852780252486,8.73453751365899,0,0
42.3509704687832,31.193423603561964,20.65112087165323,86.47385002854061,1011.2139634563217,12.094312163079447,47.934577136334,0,0
34.914825504080184,120.3539380743622,116.13914818122964,37.83786459740634,971.4562419700459,1.1443697541063136,65.81987988093223,1,1
34.216476328779166,22.247840769327954,43.74467221418247,34.29305642649631,983.1481740400861,19.025283387892202,68.33188388805289,0,0
15.264918527829968,50.50161475682473,1.2433856493334838,77.18947990149445,996.9421802055479,19.880373836287784,73.35832610226582,0,0
33.12695299477586,160.94108564162704,84.57643814808912,39.50209421087897,1003.0258274827517,11.119974496681417,45.123169860780344,1,1
21.27174179993767,44.6738103315774,33.72568811471539,20.8204119502531,1041.6943892169509,13.721919831669577,68.96173157844709,0,0
35.03157148331925,137.86216163221184,117.82350598483637,50.81282701075946,1021.2525586876563,7.190580087550565,85.4288798746826,1,1
45.03100124115123,180.453285084697,0.6555989090254011,43.855315599687586,963.3924351201596,9.079723957803136,49.54496426792978,1,1
23.956641499037943,144.68929840901407,32.37236606267632,88.31131002266869,967.7659368141786,7.3447058953056725,62.223775842430506,1,1
36.18672746621387,15.605822401028702,101.5510334629138,67.84519467438201,1036.9859548707168,17.35271156455737,54.5918690375031,0,0
46.87735100590032,169.6815597626912,114.97475334741253,88.0398718847525,1032.1203851001148,9.38720961353823,21.203106037792775,1,1
46.87480565764201,144.50983728921514,33.809743703822434,47.2796578204514,1018.6078511857221,9.556346167073418,8.148256184636827,1,1
19.950678101097996,149.12973670246222,39.428343417819704,60.61195427216313,1026.6621478253526,15.023511874121048,16.701502688727388,1,1
18.443785253966237,118.230458593018,88.99594487174875,31.92319375963283,987.1955287327274,17.405559919352815,94.4223141560321,1,1
30.892441633238953,15.903186806166602,30.923574744285283,38.63759362524264,973.8963720541057,9.877634107585001,58.322565169157116,0,0
19.28783560379774,177.87120130566686,74.39685879373378,67.78013842144043,1048.7278998384284,12.562879549862506,92.8959149301185,1,1
25.018994032592712,48.02589806929951,61.982242418934376,60.68871581093329,972.6483649483897,13.993113137998954,2.963381923669328,0,0
39.17206653923084,91.43557722466002,82.68090130140949,58.166450451321516,1047.7333782884696,6.693699022062356,98.25729370023882,1,1
17.274087986764137,136.75215495151133,54.506304814189455,85.77101004237602,1028.9616069717,16.004203657518747,9.47385993025197,1,1
43.78279949514531,42.808031488752185,3.0816316630841722,37.41909757475291,997.9285104699833,14.842227198228642,21.86324808328537,0,0
18.955264183159496,129.19345100478844,118.06776436320212,68.06962416684945,1019.1057364123421,11.223348874928401,78.23484442285039,1,1
49.153154707330565,108.82584588083697,50.0148614091271,88.82744489281012,1046.972834375999,2.583632817391359,57.81709654738779,1,1
42.73609973910991,106.66788103127816,49.103636183153846,72.41838569083365,977.0128094513349,6.982674858767388,99.22766588813447,1,1
37.27628670310734,174.58545966221493,96.93222156445722,72.18180435152192,1034.0729082458772,5.743169908671419,63.71164488122984,1,1
35.67112213333933,124.48392015866897,20.235831257613025,42.17944319984547,978.6658318792539,12.038923251455264,97.2546880439786,1,1
48.39236429137519,45.437910597939315,36.581429168012704,22.88495138233337,989.8815589859394,16.693482433607272,91.575173898614,0,0
23.277376784878026,53.15889469776784,26.50197798105044,48.0082854059663,1030.4759398590545,12.937149397689202,78.59409178637,2,0
35.40608872173571,51.54661561182936,27.359301625505296,20.720056469099983,1028.0982136874072,16.942424523294356,76.82825996284163,0,0
17.604072020497178,152.4443254339732,5.492094378032317,28.447445256511294,994.0475372932667,9.522940178496802,81.61186366186963,1,1
38.78344122143187,30.664035726243256,27.13761398745616,42.85401506069494,962.3672637454858,5.752897727184614,72.8598155539733,0,0
23.449051453754905,167.07192941207728,56.34203941502494,45.8348608995511,991.2418104548873,14.18993481186983,51.679270324599024,1,1
15.254753239127032,184.464769317015,7.919520360222205,95.08970790515086,952.8152823620055,15.419586699148969,53.46747081832882,1,1
32.700416321143706,14.555700508800907,28.649401240549956,82.20378536521537,1039.1259829922494,10.582373621059592,35.334339636259536,0,0
17.098012282247378,136.43570521326808,33.413593282353915,24.401097199371744,1016.5851729098622,9.714395870675167,1.1962149701723934,1,1
18.882341368722148,139.84038584918883,7.6405599678946245,89.27704518743921,981.1326277419932,1.7733294087284923,75.97573781680654,1,1
33.354953205855836,61.32800647585952,48.73180100031215,21.712991648386073,1016.2698537539429,7.31547377926889,71.40375697281297,0,0
36.98599010833915,130.2508371819476,95.14712532053188,70.49264627010008,991.8725929241892,7.798551234692712,11.958210676485582,1,1
42.28051946046846,152.22168835092435,29.555804050262815,89.01455301585158,1008.9003257790628,9.573736847891345,1.749630162549587,1,1
28.39594150525107,128.13415364713262,10.769740522606014,56.76538471100386,1049.3435951361596,14.33077274418135,54.68708875016044,1,1
33.65615097286768,8.753016451638885,114.87773248895233,94.25421282280344,1018.2404710675446,1.9802329936309992,20.78338967494382,0,0
21.436833755645484,103.91569702024377,24.936464940238267,75.66404492353585,1004.522988596939,0.35316354085310975,74.40572370356516,1,1
21.609005782888197,164.97702393613537,42.605452454757476,47.089574398530914,951.1817335778211,19.754579658460344,61.20043391718638,1,1
29.795555816509676,19.324280892267808,83.89776769812202,42.618437599355104,1048.8280818375529,19.010947182986463,73.52966788027886,0,0
48.987517559903914,21.126772490752565,33.58984326438542,40.25946310329432,957.2012658459303,19.444531959429117,5.997408664689385,0,0
44.98411163980154,153.63228491536785,45.104050496575134,21.504589010383917,950.609590498187,4.079876813878465,49.38765800337931,1,1
31.026849236480295,117.0585153129855,92.63511715929145,50.18836918881646,966.0363695509318,16.00097833656848,33.26906813312108,1,1
25.040866422767273,152.86240768584707,112.09673256997733,93.19690256086055,963.7442425857179,10.063163069385991,9.28702837281734,3,0
48.63415856172399,43.045577175367875,23.691548971892967,91.11085384051836,1046.7850555121965,13.952645185905133,12.100503369922489,0,0
32.004946368923584,163.32101881232074,68.69726204498943,30.607588378266772,967.1887749503228,17.2828335166961,52.70291636874834,1,1
39.704287081834934,74.61250524661295,63.89826995026098,98.16825123101535,982.9703036968139,13.495770550165489,17.250555719522975,1,1
19.260895984111666,156.72802225180595,101.29298519845987,73.46493562795324,965.8195837544475,4.811759312850771,91.11757080951116,1,1
25.10464170799147,163.7721032394235,34.31247466924819,95.15700554587477,1041.4452912837003,0.8652634725757591,77.04139868674086,1,1
20.93116160820425,43.0543251812763,55.1814254797771,66.105451979956,982.5799718970492,11.507667311084184,17.06583713411366,0,0
15.781817903336298,114.24487767235263,62.08983119547826,75.17231712607399,1014.9822061967825,17.949727604679108,45.94686201615459,1,1
15.292931614252971,126.1305363193708,81.01589155238621,61.71959915167758,1018.9304870241216,6.471676264723055,14.880830319107918,1,1
38.25937823847423,49.037285843105735,54.75790911410458,59.32981844893189,997.7199550468389,11.968982873599117,2.9453708925858857,0,0
49.63888732255308,143.26209478771426,51.046533815851525,35.306402423219545,958.0177322443357,13.443808412522438,31.695561495855827,1,1
23.031746038745382,75.99087742246668,71.15077053692521,73.7364173347201,1014.517006935453,17.26531166983947,21.875743107011523,1,1
37.28611571189974,20.22287523721882,65.75216278790134,66.7166721991737,971.6237298934174,7.833862599824737,82.71928895838025,0,0
20.19431688135372,86.90123952316804,111.92796854537423,60.32871421596808,1022.5133711833287,16.537320791111018,20.377437484549244,1,1
22.637603243652634,151.7182912196767,90.39680858116812,24.814665651169527,982.2498240694964,7.970649838168759,82.90404034711537,1,1
29.765178940040812,185.18577808064876,119.5929332568768,82.45809325554796,1016.6386689567257,7.837943319742456,6.703944605203338,1,1
35.05985647386457,72.34098110879819,42.107769099881224,75.01674021675484,996.3639358596636,15.041876895429,39.817322268537914,1,1
20.280218492029693,92.2695052380493,114.1215017190436,84.12197032932467,970.5749255073367,7.8260100328988536,92.77920952205378,1,1
19.329467055429827,50.790048372987194,31.466717504627564,65.67463005295868,991.0733319711322,1.5974134799259976,62.91814545770856,0,0
18.467725258205256,121.28298639581563,60.841005627123096,59.49349285802501,956.7496245299229,12.784408937670717,43.132025858933076,1,1
29.38871427999903,119.29027928370735,72.74976719358568,21.202663660959082,962.5225901203206,4.730364416894412,67.79773333459791,1,1
35.18593944603626,151.52582647695075,88.87293666526284,88.25462953649206,987.6814861272414,6.901277323666055,83.10154030534632,1,1
23.316053685351456,92.23447473472139,23.319078242669967,93.10725937113709,990.7803013096625,4.249737964616567,69.2013390568912,2,0
23.56256373736675,188.70072063404467,44.11404177712937,73.17125696814696,984.5244931157413,16.144911659869475,89.69227410227758,1,1
42.57714257951751,169.699803745504,12.225699352516317,93.9251741626453,1012.430072887528,17.384350643323994,68.44367641854154,1,1
22.064668399029863,121.9110203291353,10.913548766776916,75.65784241745268,990.9001141080573,3.034663462004179,97.9229815868414,1,1
46.53795484737384,178.70874268065074,94.65843676227034,75.35849001148141,1015.5079480292245,2.1218767540771055,90.05662353184542,1,1
45.839493870661364,149.5705253049707,111.2777950890147,64.24667611183935,994.7642334717556,19.358948043325576,46.413118779765604,1,1
37.44635543735052,74.6124293716878,76.35914712236735,77.60791965005501,1012.465552528855,10.291258824323954,30.011079762523284,0,0
37.53459866476781,181.68577905227258,0.8295109403600831,30.714322194375228,961.9773158499855,18.46410605785708,66.27476889626148,1,1
48.31258372645527,116.56265464248565,55.40794765911044,83.38743294514899,966.0942267475225,7.626762326346428,46.627424053422374,1,1
25.446043807924138,74.25712248169569,9.37262243093019,35.838687155964635,983.5496720330929,15.917808664662687,18.24973548428639,1,1
27.132413089447862,12.984057639387036,66.85252137919272,68.90007105127422,1036.5516463462168,16.38231997003928,28.53779546838805,0,0
19.79337912164509,31.21663644208075,116.27567316485334,73.85806512058859,954.2570787803239,2.7355851009018917,48.58000651009557,0,0
22.274008150259192,160.73179700000378,68.78605410832378,69.01057662314386,996.2825548049212,5.1212555085263105,58.94036132025465,1,1
40.09395161562561,74.18961552603338,60.59323567414024,87.17471763776265,964.868176182246,10.904488385482008,34.841266182922816,0,0
39.597816537603066,3.7620486324789315,80.45679597638265,28.231818721294992,956.4767752993658,14.492466019172259,64.03421529040735,0,0
46.32275758124305,103.93099116012903,63.60293106326005,76.56142684612405,982.3397576353251,0.7382491084386511,23.004582571905786,1,1
23.33046941637283,67.13177005563877,113.21552796485555,84.38742389305183,1043.5956245205193,19.97219180226001,43.37790040870445,1,1
22.947566083810663,112.00083225104981,105.73612967377426,57.258548881166256,1000.5399302572254,2.688782118556534,42.045549256776106,1,1
28.544818343300236,70.33770057308992,106.47584039090398,24.744114656986635,1047.2147182897347,0.16493650546272054,94.5594013949809,2,0
34.181662599349025,140.48904888002315,22.455941963414787,72.33692312132857,1038.1957668527732,2.789602796673032,12.708161227328995,1,1
25.639226820231546,32.34517849507963,13.277501771201653,74.26552287882333,971.382661391249,13.340297988039724,86.19292271158163,0,0
37.82086769945502,23.873413983080184,68.82930888569341,51.49029473692407,984.3370936722495,6.370629372596643,92.94322238196455,0,0
40.98776098372048,26.769757916059,57.12065756789565,45.45784602031357,1047.7938312545957,19.56057945906339,31.953447433303495,0,0
27.323959065090914,119.88284142730912,57.51684171930001,37.04806977267531,1016.0412166988611,6.682572877504769,65.37164983321676,1,1
28.42885328147299,140.04197877125432,80.13593650675806,60.70502047368006,1020.4739990710831,9.219313524640304,11.61382996501229,1,1
21.373718866807412,49.198626833122574,7.587471387083591,76.9104976504536,986.7390226831618,1.870465926539946,81.99581207255802,0,0
38.92789995622512,90.44484742554017,29.691040211128108,32.13967150342774,995.8374191755062,17.704914860211247,18.839532327196995,1,1
34.90307301470207,192.33719904445118,76.45398897175355,55.19717841246947,1021.6372972938908,16.49155838037413,59.05162978868421,1,1
45.514132564754746,102.91835187514752,99.6034802647508,96.16153923245561,1000.1243467023517,12.100034311706505,60.9467542949835,1,1
42.35022022594017,164.59316803548455,3.2675179447272873,78.66876512723103,1028.3815244630237,14.008588789164737,71.36956593230961,1,1
16.44910007144943,88.40773238978122,98.18155796660888,94.7205713036083,972.9467920571935,11.5838988070559,80.43302395505837,1,1
41.334267500071505,123.77802339601583,2.242942591440027,77.91086720892527,1027.3242503278816,14.456990132512699,76.58091614899567,1,1
30.08202124376011,198.7504291850782,92.49442990471907,66.29440042239884,1043.4191269746625,18.163966789160366,81.4567065334265,1,1
34.72932216443182,105.4202038293427,39.444951836942494,40.07023832831587,1001.2359516975087,11.555635234239476,24.452643145884558,1,1
47.29104352787176,111.45479934686371,63.18063904585759,54.851071069291216,955.807129571686,17.648026689196985,31.699422644302977,1,1
37.486111706390304,121.48671179400708,70.13841904614321,62.05697616092672,968.1439833431328,5.612114820959311,52.41880712703001,1,1
42.62698580589241,86.39779413008372,24.470706365535698,27.035553984434078,1016.3011003494024,8.466799412423292,12.537089262264189,0,0
38.60634079954443,41.515746170874635,61.08192579644125,44.49503800614884,1043.1690064434001,4.565761325423312,41.991852154202846,0,0
48.582275888980206,63.74503598766308,77.35117956132001,45.33816349650601,961.0674979117249,12.550944653685857,91.60315352853404,1,1
30.839763353193213,125.23530853849343,73.06780959079477,53.207176210230074,1011.4896638764731,5.186361688379444,37.80379046030521,1,1
30.48115997268313,172.8017367124961,41.79994737999059,70.8109638492661,971.3403837418898,5.051394581078535,64.84288754599777,1,1
41.68084745783113,92.42343530525629,40.21196361333198,92.8217244745818,963.5807815049043,14.41428475298694,69.0170749747103,1,1
39.15858069547279,187.08408888470487,87.38283611769506,44.12521515276673,985.340922423231,7.822219463997886,3.080867409810606,1,1
46.97286103928899,14.710520772960777,83.9753138516966,78.41288038746494,1034.371505063054,11.06724511191045,72.5264423856537,0,0
25.595302356308288,149.11680218255802,41.20988847142631,92.22707827413569,966.3381807766383,6.31514621347907,49.87694515551306,1,1
42.15476950018342,149.75982102060638,25.286024918940416,31.53885572894371,980.3969604294098,9.67508303351805,53.90050448257506,1,1
30.01981568343477,132.61802332960139,51.30707323166852,95.70632079510358,976.0968847981536,12.547442413401894,61.137793866013176,1,1
24.85511526587994,82.33752490280546,43.856834332796495,33.79992480163914,997.7295212631544,7.733245060436829,17.831736006715936,0,0
30.745801589621653,84.36879365174784,15.763881319135166,30.495003353440868,1014.7507379845697,14.131616094342078,94.11804199089048,1,1
18.045164166138495,23.572298475650697,6.218175416149321,62.578274460554404,1012.2746614295227,8.070469038643154,79.79022209611327,0,0
39.03448026013301,197.168084189372,16.547397995961436,24.665253147400108,977.4803705569387,0.38100390633688086,93.26114278665126,1,1
25.63830805408614,110.48603339429177,38.16835594544903,39.664689759105876,965.236472397488,6.407318406582712,61.541893040797454,1,1
49.00674198906347,111.61840807342989,63.92508793188062,22.821041448411748,1034.0099015667693,0.8968274999514647,90.62322741034792,1,1
33.85351038748513,33.69332104680709,54.20488704077505,99.59875845465587,980.5082852044093,5.389195370971573,11.800589504250592,0,0
35.89998220767936,17.845399802792585,91.92096765648925,93.53788114644465,1043.1871111215498,2.1583250575487556,55.82625973529688,0,0
18.398844921575833,114.40322829685945,97.79767022514973,63.02321298426278,1037.205382610668,16.033487096987553,27.65483499399284,1,1
37.05357990088545,1.4824252952262862,47.525029910983726,39.03681342274361,1043.7116345943487,8.107780234463199,65.40644284224805,0,0
40.61935632457625,154.6425077363015,88.29302304210346,43.13320487901878,1018.6067696729222,10.980189645245666,59.73726647975188,1,1
15.02851160580642,51.65152019057131,111.68204360587866,43.20608666445806,993.8015522249642,3.733479643914821,13.860255190368974,0,0
22.303413902354677,110.7294657733946,110.28343816681297,46.095934391695224,982.3407952207971,11.282811737737365,35.67427176931353,1,1
46.86456167943958,75.56960852845238,58.85307030233604,62.67114271763287,1028.2067795130472,11.278118788297673,23.915510014732412,0,0
19.339552231922855,187.5549093377928,96.18755935669289,21.83721682311326,1032.1528984323547,11.811955878095375,51.889423503494335,1,1
15.428021265824562,156.17281127688304,23.767801708950014,78.23849705552632,951.5868247365818,15.927072993323723,2.303946835504056,1,1
23.256251642538167,53.65564250254269,18.901036572831167,58.48465569562953,978.3687959616709,19.865759514545132,57.99687933654389,0,0
34.82672387689841,44.173926021291045,49.042732645789364,29.918239548800003,1026.2529252250386,6.623184923069538,75.19658333932104,0,0
28.00935999753164,197.7514480229691,20.534594670554615,20.121911510666504,1009.4825541378385,19.059064001756763,64.70540549059794,1,1
18.000323296186334,108.09607649324508,109.13843233652729,20.520485430401017,966.6912212837799,16.291231122052327,89.39071065774829,1,1
39.75062173038948,198.31203272796415,10.82591155038832,63.654121266924825,1018.4994722647587,14.052894407381757,79.34846153441826,1,1
47.11691157847841,72.32828912342293,5.1556071369163,48.99535315847666,1017.1614763387234,4.26912174667287,80.99729515587104,2,0
22.691756020299078,2.0126804760346673,60.96969290682952,78.1169257122896,984.9655340536834,14.977915990735735,43.84043341210082,0,0
21.01001160573574,18.111678759790983,85.2704597888817,50.85718300823022,1041.277376792377,10.805101171478995,34.84324182207026,0,0
27.21468244464031,26.28757289052983,71.2546984306988,66.57337083282577,1029.9993691936493,4.023939249341522,29.07896424758274,0,0
18.40332891834536,59.06844045378135,51.372253890528086,97.1222724763187,1015.3066002874914,15.657478595583909,32.55098852204902,0,0
20.057948448283376,51.34398838266596,30.77612291991853,66.64922626347418,984.1471132455029,17.147977286665576,98.8544519236498,2,0
27.015444184220698,141.01205473740214,78.89838983044426,35.556999018582516,1041.8008594820635,3.988851743768025,73.69571316696988,1,1
27.166337479600934,73.41631340179427,54.653886346675236,89.16063824441116,964.0251941511212,1.0913915566950783,40.20408189137814,0,0
16.945478469973082,137.5201766114881,91.2390090032656,88.37699158026071,1024.3842245483597,18.327027873853584,74.83011227232221,1,1
47.762647395744054,38.62215884187263,59.98357594412762,99.5144479763927,1018.1578182542715,17.572822359785146,3.039379383285523,0,0
45.51152644989531,139.54264691441952,20.49065207852528,22.054476513887728,975.9926578125653,18.315467179855403,66.81329387002864,1,1
47.18141864991635,89.23015649885188,112.39525142822892,57.03678523560045,970.4254724418334,3.0278692836889465,99.38118130350443,1,1
26.68519315160998,32.01060506351754,1.0090117068902593,42.845565322369794,1038.911614360254,10.680186413546034,63.243505152495494,0,0
47.283688636168655,102.56798362140584,100.59358150231375,45.90666224610829,1047.710186284122,1.5762774702490479,72.48295255132646,1,1
38.11982003661031,38.334301170163386,46.66127986158432,45.026329342160516,959.4492868332495,11.695760459016824,99.36698455651654,0,0
34.58558493686863,109.0519813758724,4.837644882545797,31.137617869095237,1001.321908910226,19.703571283681427,87.6607735461859,1,1
26.907319248060862,108.6008508456255,66.3242666704964,74.82884902097466,1018.7782041239138,15.795849767719474,2.4971024839682388,1,1
48.0288066723106,14.012409197849319,57.13921337723279,93.56634210872342,998.766882923108,1.2727366846623367,22.92400198119392,0,0
35.253336437894795,17.572323579793814,50.84135172207557,46.32746129531239,1031.5207627824238,2.202638766708984,68.27984501587862,0,0
29.230617480656818,117.55013609446571,24.663812630465365,68.77629478093004,1017.3977727416113,1.4046312932215566,82.4344267582937,1,1
45.143893951088444,12.710811136558942,72.38249857167429,67.52091975777816,951.2458411868444,6.846928279119027,96.89257827137476,0,0
34.440776329406006,186.642360548301,81.07735630528607,22.271241457862114,957.7713198048392,14.443579107348459,55.456779036901935,1,1
19.450308260995648,122.81253567072325,97.23448326818354,80.23859441060895,974.6162460032067,5.163899333120878,96.78378051021137,1,1
46.05916807534507,63.6674628861744,98.88653876028101,32.939082378603636,969.6841101326564,3.6239210769069063,8.772077501351516,0,0
44.91373406564744,115.76137964091507,31.07473109927263,87.89240261820753,1030.264675939282,2.019030362555112,64.41393737349719,1,1
40.26417605340197,143.16546739719277,86.7771249424725,33.55662285192299,981.5086454268769,16.88357017008925,89.83917502275496,1,1
24.77161102977046,4.603903235550488,103.17203365993298,50.16734702600661,982.9463555959936,6.939993593772513,41.56964239676415,0,0
28.239331757922237,113.28617982671207,9.472833419782823,97.72321554468121,1043.6451034472161,18.688132932309983,87.92776240819134,1,1
38.111420576360544,44.22171254968647,5.9380184575646755,27.94568518254133,982.3992500465606,10.07766050991571,99.3253071184794,0,0
30.240522212810973,104.92921809827536,83.41886966256968,34.4587176358237,1043.2827001562255,10.580692116854685,27.62563456017686,1,1
47.72881452185941,125.09012371179003,58.04276774990525,66.41247279686193,1024.8302218905226,3.090760073859067,86.48304307032252,1,1
48.58273836043745,113.3999303500149,81.87250161571177,88.78667846769926,987.4810631416501,19.85663589764797,68.05013693068976,1,1
29.839954442529375,135.46759500032545,62.60160390161237,28.931325723069214,1029.5865304769318,11.287511605058642,79.58455578738887,1,1
20.421917912861304,107.67143136015514,91.99491266554955,99.06436540726386,1038.439727638526,17.286992541212786,24.7460138146398,1,1
44.32946105981666,33.85625550859261,23.772919745812025,28.809339499477762,1035.7596530713788,2.1650899290263736,13.811147974501004,0,0
23.606050252883506,114.53248182412821,105.62162223604837,53.45825242044545,1004.6285949191786,3.3297879991450596,26.594585589779165,1,1
19.687401687002122,81.98376897341795,70.84027904138308,42.721562402676334,1034.5995855574793,19.624767020132687,12.0154852314581,1,1
15.625101960536345,157.95538147895675,22.877121336401384,48.25172741286872,989.423121827581,18.331987778018892,65.8838215766162,1,1
16.421332160601175,2.9620481428309198,23.94817170363362,45.45375526981691,998.4523834086599,16.75678824617711,31.48177560347595,0,0
28.178802674507935,65.86758600193153,1.0758403239486736,96.41612312944959,963.8995884136474,5.753349564064941,12.93033020964418,0,0
32.16901046548529,186.43322298849984,12.084086115058351,55.27175388707968,952.2374845771578,15.417964427722964,64.1226143554425,1,1
39.489453229750254,94.46727217914655,108.9159635467687,52.76459606980876,1001.4085074787077,13.905784445412587,52.056064109546,1,1
21.626747677071478,63.4141236089824,11.07533617665663,54.609079777383826,1010.9392093086328,2.370598885382813,63.0587121470129,0,0
46.25052489132383,67.54474659710392,26.64397154625838,91.44048510735225,1019.1945235897549,2.107897361131077,40.811195206173245,0,0
38.593135991409206,114.87677499509094,74.22565432198476,65.37081391791409,1029.806136530489,6.408539135939573,70.8462347899363,1,1
49.687780487299946,77.99177155623607,94.92579774657517,39.68873897089368,978.1896712284049,18.697277483670863,2.5938356248688788,1,1
22.609957070129024,96.58413956240062,48.22171460450237,70.3335784988025,969.2722050360381,1.4109400873706268,36.933339780475706,0,0
33.35243347504633,112.40036741698228,72.17922282509602,63.8929596609244,974.5751970971188,15.290994719380036,8.778026173939857,1,1
21.942385784326405,147.87560180382283,33.56713609263021,59.47787532875242,982.7197740855559,10.139624232320063,34.665579994736504,1,1
49.797279646711765,71.49551787162933,75.24593008771745,91.0674574120702,1013.793499436475,11.317145102192171,56.92294547562082,0,0
32.37612488231849,161.516080280891,6.050889403365836,90.81039263434621,1008.6292220245642,16.977464425114967,1.0392702544208543,1,1
45.42467413865661,24.027503834653373,86.5461607670879,53.321711431027495,1018.1072391097924,12.563794753547285,16.339654706724183,0,0
33.01148175566431,55.44609463890815,67.25242114176149,79.04026264422752,958.1258414581838,10.315248470620507,61.762982076225846,0,0
25.337860875902486,190.60069655920142,62.43633906081954,34.60136718767462,960.7788261799284,10.833190983307311,37.5238381126929,1,1
21.73914842189346,6.139697357154916,67.9920096045456,67.88801894669295,964.1802601181469,12.034760995406087,95.19727547075985,0,0
49.24034634964088,177.698587311401,96.84942970028887,36.7494269370665,965.6435182495931,8.89895204570709,61.963175131855245,1,1
44.77375394029323,46.39260822736031,57.557748062439906,71.79521935654768,994.5593854534419,9.083873541585685,22.511716102827904,0,0
49.53313167188766,95.03865668148867,63.92903344865903,37.48474330294633,1001.4136718331819,5.106991170686134,20.233625138346646,0,0
24.650278783002705,0.5519297010561974,68.41813344020207,50.99840044182746,1039.868901919393,0.8141434722504237,4.320030085575011,0,0
46.00557310594042,25.328928440868246,0.2592124948802166,34.3131090970411,1032.3876175097605,16.054281655202047,34.013221084345105,0,0
38.381082104094816,101.44994146716554,108.56819878150873,24.513878033393787,1031.317912873663,3.411973388549201,39.16208974317593,1,1
21.718500300216807,140.5228819188278,81.39914157039092,63.83180813592215,1019.8163036803655,12.791295612093476,77.6442055684268,1,1
23.379232795169205,85.78252298814411,18.195183522507445,54.36748513761552,1020.1691751420341,13.827823215687031,70.94269032949428,1,1
25.806863502552478,132.44279475818476,44.09595835067258,95.55936368840399,984.3366365880339,12.06036468088776,75.0145714192176,1,1
46.72426001592194,87.58572069078218,43.258212984992156,54.40225402532712,982.3696351549781,13.07848980134628,93.27167640085841,1,1
19.41248522712784,112.18441295403139,107.71784704323973,28.009163572481405,999.3865410766281,17.304591917208924,90.04522117120824,1,1
33.002325640352076,4.990376893543491,12.6767014113386,66.9373396192987,962.3858606466345,2.9883555382254157,77.21170977821139,0,0
41.27422205014251,168.55455188509438,12.68821638073268,35.85159048774542,1033.2961429858651,14.421752173955841,80.59561278280401,1,1
49.641098621777275,172.8863212311404,62.45559010197124,44.861454783780594,1006.9676586574701,12.771731004689048,33.531214125962094,1,1
41.982796311963746,18.55075853157735,93.5271420818052,22.559881494555878,999.796606072149,17.228729269665326,8.649527402139757,0,0
33.12086277729594,31.878287792263272,107.37789000731223,86.58764216269041,1043.3917243293488,17.499646830601872,73.65533098659907,0,0
21.471121845597597,60.500523133780135,59.62261899696089,67.11174252117789,1028.218339531321,4.539192563741219,12.827739414696326,0,0
31.891355970777262,31.568282174584116,83.24841627954866,66.05047120733738,1024.1107797018885,1.2687311931021683,96.46975604442038,0,0
15.000193783650829,65.08848300270695,81.55617520394877,23.61136590896951,958.3349581357606,1.533628744564406,58.150972672097936,0,0
46.357386026348834,111.0873955424524,72.4285622735606,47.680132096639156,951.8741158655532,0.43229435502432745,88.83099664809113,1,1
18.590035355187634,199.95787436251905,19.730713381353375,73.97075551641515,1044.8955472180905,7.245785552840525,73.44331887479893,1,1
27.27998252048173,60.98821135228907,24.21648990905267,85.67479255190916,975.7387063609148,5.663163258117152,99.89697421987775,2,0
26.455865240586192,84.55489776640978,118.80665493298018,49.5440276333941,986.6152007235867,16.554289324277207,31.193036848769207,1,1
23.182513627484248,84.64205103506445,84.07689606914313,23.459441998341227,987.3916027218567,6.924898038916806,24.481834726203257,0,0
37.90005675665208,57.99801608273547,72.80778708096037,60.34694731637016,971.7189870825898,5.331321140843633,17.06000533065639,0,0
16.982022519783524,123.83769262098232,80.73464326972012,33.27999948869359,1011.5392384686073,19.641694801151562,7.440209493782213,1,1
32.16298053746023,146.60764272877077,5.521103739567228,82.26187951980926,1047.9511237092886,1.7697572706550635,82.22299054659253,1,1
28.250354057923296,28.82324048680236,59.18318510356173,25.721498862497256,1002.2101408167184,0.38713576008099215,72.86114416727301,0,0
32.0789390034056,91.78793218703612,23.542979249050042,48.90105246358126,968.1869432421666,14.707802010714786,19.902529943302728,1,1
36.586366446810025,55.92150021355042,78.83786351079927,63.236396713707386,992.343863165272,13.460016668209429,41.57220716082291,0,0
43.74797109012615,145.91969164705318,64.87667934156974,90.16485460687976,1032.8861821468056,10.636787892409984,6.844769370079751,1,1
34.80987232697354,71.0513979120571,64.81355313644809,71.77043683980747,1014.4838574850639,13.470480870360028,67.92686250450149,1,1
18.824849654972645,38.342466091458725,75.66492054508211,52.653791098482934,1026.2851645305764,2.498185645256643,19.152299442053934,0,0
34.54626248527656,100.14960385357973,31.967658477202793,52.66745948041268,953.4981278056653,0.7407621598874825,9.492700282487165,1,1
35.18773586201962,172.74328292263073,31.226794711149005,22.71518637787362,1020.8627102052312,17.10704478010133,13.817278526310172,1,1
28.501169357914005,31.747368118040953,12.762891673123825,71.85348307794996,1046.7536476178132,13.563312512415244,98.48146628076182,0,0
30.2038346624602,179.57395776547202,24.610106959956553,29.432349360863448,1020.2520050912436,7.428166617252716,31.76876027471016,1,1
38.494820229918034,66.69680835389762,68.70698066982256,43.956408500904345,1028.3757588211251,6.247766809906308,53.499414449622016,0,0
15.811162929395412,158.34615667167856,74.44053297863712,35.37896535943165,971.5373376091026,5.24985837009644,57.653010459556185,1,1
34.19107165825581,54.77274392837788,83.28747503724044,91.1232932746985,954.3515477653539,8.34393275645363,59.35201185448099,3,0
35.52523212379498,3.907069397902152,25.267927901832607,24.946457704969724,1006.8965072549934,12.907797753389342,15.974216342347757,0,0
26.65538917697254,65.9607486752042,98.376279790774,35.57275236233067,1004.8314121325659,15.658710250017688,82.95781928970479,1,1
38.32981329996565,59.90555045237657,98.76558897946275,79.37328216801012,1020.4469133829269,1.3467079777001434,4.326488065154955,0,0
39.33778541955528,188.95896024678615,92.84687136756233,86.51804531949509,1004.498228084979,6.091722881761479,67.77368967668842,1,1
39.918980642244236,135.0715943388014,113.60508680631845,49.37432266116452,953.9657538955784,18.16888705514819,16.04991188540813,1,1
39.406141878560135,174.64088795453688,37.216967761756216,86.43321926839411,983.2058126271444,15.885158564724994,6.982986297372573,1,1
37.93350495348247,135.4276161157592,58.97109960971477,74.96726910901685,1042.318367055384,14.67709649936456,96.12960289846598,1,1
30.70143098482251,105.65814634079143,31.64864366852482,98.84813342406947,955.5136735161273,7.172408352336205,29.769716476861284,1,1
28.52790995948194,183.5435721039731,44.16454488822178,93.35813221600004,992.3338861663203,17.095375384404164,52.17500985006688,1,1
25.897349519991025,89.86995979357746,50.92572947738441,40.793124966844076,978.9638729991907,3.7290784262210885,33.600055720760835,0,0
36.854203113720985,77.31163374192624,85.47878531115506,98.95825357503625,987.7101079484485,9.252784281792339,16.411015694809763,0,0
28.727535002276063,145.3664901581359,26.088575969095544,34.56432389241834,987.6374873649191,16.372989714354627,62.36571897114834,1,1
48.515278215531225,180.9080869855251,18.13646361878908,23.40422196857717,989.9094734194754,10.441589576372792,51.55706152187145,1,1
19.693754371986934,24.963486430922078,5.623290693504441,88.06879408443203,1044.7744138068178,2.3137004043594334,21.31223685491116,0,0
18.145200965721862,175.500434228167,115.04504802434892,40.943726137671206,980.3583829935375,7.253393688258791,50.24637593807313,1,1
38.88613425257244,100.87811665092484,114.12018980114894,27.991476681719895,1029.8605512275062,6.689661816269421,37.75476880865476,1,1
39.80903052985789,185.8754219748758,85.94409342642922,82.06884603035174,1025.0779242158799,6.419572119674497,75.69304331822478,1,1
42.45822660769306,106.68006413010256,64.41074864001796,80.7776642449987,1031.7030862224408,6.7439088406134085,80.15622175752907,1,1
43.49731523363939,46.82512818371587,86.03408943800592,34.92271374689267,959.304911298813,11.490860241004553,90.8652198783399,0,0
16.241065823401712,165.30032751898435,60.7765452844208,88.8716358976984,1034.3476935171047,17.505736096325773,76.88739548066734,1,1
44.50473240914482,35.20504144024073,36.462377864992995,39.39889366458371,1024.242830372806,3.0728623873427185,18.222779037778857,0,0
45.76376522526799,141.17643858256764,105.04559735029041,31.14842066085524,989.8980404561303,5.6630234015263525,0.9681085279649504,1,1
24.958303615354737,75.91665039557589,11.066356469125424,65.31900462614558,988.3172662472633,0.9292332455509089,70.39788648679767,2,0
40.52479418443862,166.89428859388698,58.26487198403791,97.49270378676079,1041.4064144532456,11.027032502002632,44.49519310694172,1,1
15.1062049766023,142.19890634784676,67.79454048596293,95.00353163888646,1009.4232125241244,19.8571218778546,85.38192718632904,1,1
48.37592775352336,65.53255425700779,17.920319372071972,83.74976910361002,1028.6197102969134,4.228978788111264,76.47446541349127,0,0
35.36906753144922,21.905028980334595,60.21403170842505,94.49104006709427,1000.6457545445229,15.773979791069442,2.890998664195654,0,0
40.48284945019078,189.36747722749544,59.943334187152296,47.01679304204691,1014.6650504886898,18.325224301864388,17.676965053334293,1,1
29.129297350794843,31.258056196368234,59.59850786638714,63.233761042444726,1044.420361472166,8.250303075352548,56.695661353969825,0,0
45.98419009189533,64.28100003523174,80.8996642761108,80.57294790576772,983.0528234687009,3.2868237106128895,50.29095419022733,0,0
27.48806055466556,53.292486358442794,116.8105572832926,60.17224149612265,1035.6477693843424,3.906348210867183,93.94427648991307,2,0
42.805100209915764,161.73843123782848,46.771785023511434,58.8509594462149,1009.335432589868,15.795310724101295,84.90567520604377,1,1
17.731585827317705,180.8124775066349,112.49959830051131,67.43099234854284,968.6750613254906,16.368296654069788,54.85876145495989,1,1
43.60187588007329,162.9616253178633,10.407517882295094,68.56171426965312,998.3144299268721,18.922389399990355,29.664129192539633,1,1
22.210003716682376,179.41737120383095,17.845868268012566,74.92155669795693,980.0019813841811,11.356915109949552,61.62194328412611,1,1
29.607924868528833,194.99299604741915,15.819980170197496,51.31192712294056,993.0395326874316,12.620938979923631,40.72597581945191,1,1
18.396260398025714,189.48599963616525,49.92948979664228,47.41389817736581,994.6722124174005,4.331913642578449,10.02216846686509,1,1
20.20024676881019,33.33096540071192,23.720812585907414,53.59681697809538,1012.3899269044153,12.577756760534651,0.009756956192685795,0,0
47.233518341444,164.56943610646434,115.67256473232479,48.79890757841543,1016.4799276689397,3.3604149851219423,81.7033027220336,1,1
20.64787030340291,65.19714016154991,58.900182713637996,67.56253350822004,1005.9633024286732,2.0419202341999454,42.167600286385095,0,0
47.30182424720379,174.4737055503703,70.89402279055678,65.7859660362881,961.167518264933,4.005189046206068,25.263974260409604,1,1
32.0868504983332,146.27120961914375,55.287042672510985,30.08488334699182,993.934887701138,3.2526650749777675,75.11473516928845,1,1
20.827530114160265,96.50679790889134,83.20963231933116,38.25584511561669,957.6030107637326,11.265989521494975,5.420266350439251,0,0
35.57190250388588,150.69970751724028,39.517919000676784,59.067952726455374,1042.8761838224946,9.422177283511049,99.6554061393389,1,1
20.495084397518553,141.78678049665783,78.31423178367048,89.78438508210617,959.2443211990541,5.604131830036334,13.217922576033525,1,1
47.658329279517254,85.32706492905142,109.20790146420829,43.552559548705815,962.6368101361652,5.9307454597203275,59.7174359328049,0,0
44.583140712460676,77.07813864499937,109.7770391104181,39.538564774234295,1019.3540687303766,14.714267009645445,27.3962919330616,1,1
15.94394574051846,73.04746841015108,5.42353767673633,92.06030203217422,1045.3525262934058,14.70759831892001,72.66845853138338,1,1
23.43124342941057,14.785115311616925,96.25255630331,64.7329545242694,1018.1627530787175,15.5928213617246,40.943426895226885,0,0
20.05913064924112,159.0073598725791,54.451876707408886,86.1539384684746,993.7699146760012,4.3403281691461215,17.100501665378232,1,1
41.03726147957087,114.97782455879934,48.55234805576238,59.36934049530656,1004.963860528654,4.7883288365159205,37.816557969768915,1,1
25.23440127884073,77.68476934912545,60.06746562214858,33.86860312434927,989.3515062648888,7.709888866138471,28.60038168422627,0,0
49.947371368085825,14.725501798858275,77.1541367142883,33.95508852291485,1033.9523989285183,18.283930720186017,40.14779826089588,0,0
43.82174572972484,49.98188987001208,16.80822087951139,45.27026131220887,984.1674013891047,7.947150895711578,37.29589419578188,0,0
29.390055849767638,142.006673161026,29.469615943888225,21.486047661209735,998.9680551381272,8.96582488409728,6.006498984343045,1,1
19.68304905254948,101.98417893697878,28.170091202349514,90.20786353131575,967.3292486459495,0.4024526369703252,44.75637693910603,1,1
49.51570887128894,126.77450526129527,42.48356655143093,21.349440917428666,998.4948439742227,4.1293200427686045,64.7754085446646,1,1
35.40529728059555,53.042755077436986,8.265928106240597,80.40153584322678,1008.5464094592942,16.842524990172567,25.980001563671628,0,0
37.85017226731442,23.73610010573699,35.01718895002124,72.52312895018957,1032.5581305144792,6.418510034866937,79.88535565565013,0,0
38.72133610956489,69.73495430151996,105.1676325293327,60.738325282834495,1014.8246822546082,9.912626838069603,45.271996049076805,0,0
44.679220103359974,58.940883007725155,4.395506683646961,90.38261148359689,1032.5023953051184,7.331209491392254,18.545113870521124,0,0
38.643677506696484,15.75218072712785,50.85057066465702,26.868985723202492,1009.7909675328763,0.5441676761925995,62.923837563431164,0,0
38.562195065128876,97.42889492503022,21.000879515713425,28.11151509017658,981.3292348137003,9.304133592000248,64.22083168448445,2,0
15.043754463147486,142.21278384707264,85.52543185503318,55.56302451939999,984.3406445747952,16.846171293407174,78.4587482031228,1,1
49.414663098120336,74.38616106779041,108.8199125828518,26.99215087143618,991.1466066250853,9.30748237497318,44.08743162034582,0,0
36.878436595089326,34.041567767633786,103.97426060715024,64.14112148317115,1040.4209548013264,0.05263288042969494,62.998811359299644,0,0
29.43602463991915,101.01981234989151,89.25654129363424,38.17213986693517,970.4899435214388,14.060156354742862,52.136575894418016,1,1
23.177368432159163,96.80372693388308,55.147008693259146,75.31555419322493,950.266110361928,11.73520531542966,60.56781505122755,2,0
41.09285480157719,177.8460932070898,52.82277565340266,47.40161794471075,960.2320377511286,6.73671689786466,6.848466444440771,1,1
43.09870718695092,161.4012295691673,50.06851887537338,40.77129871011927,961.8020075452272,17.02474332043693,87.74952783854053,1,1
24.320136510643493,124.35210969355272,31.038439774846637,38.0101301714863,952.1208050631416,11.54318835172125,14.994154318555719,1,1
15.432991400342619,20.970232867363457,37.652302990537656,73.53305520893693,970.2623053332126,17.751811250633438,28.848841038295003,0,0
26.592920129827746,43.59543599039546,30.456640448620607,25.930809164251343,979.477057871619,17.192349192012458,68.84245413956134,0,0
45.63438713529658,20.971802875871326,54.67399570105909,38.3403898384092,1022.1215590556149,19.40475649451781,81.53594790502878,0,0
16.234735836285225,63.33193892884683,3.4295628540628265,23.213357354478845,957.9515304164414,5.526538579411238,30.420276763813114,0,0
29.015872963221085,80.98621889325923,92.56908142118172,31.31225948631198,965.7740615804257,12.53178103344468,57.17421521924967,1,1
20.390164691873935,170.45288537078383,39.48712969214489,49.3573878835589,992.0460080834589,6.454037414778715,55.74550522726265,1,1
28.602670310536947,51.88694518905752,108.53698412529292,44.66805921121238,1019.8488925468822,6.9445354071379235,43.521998687747185,0,0
23.258023319046607,150.46592387745085,88.46439017115037,21.779195664648014,956.0194040301292,18.44752909489879,88.88268472378508,1,1
32.71305174724856,98.6714783116673,97.4909009260551,31.07601175079032,1015.3699121345959,9.519659889745192,74.3331029315623,1,1
16.053597695919667,118.54510994478771,66.80738582586692,87.26786636713483,1017.6836297555028,17.60320716791275,88.72733216425588,1,1
29.285740031490125,27.486826750362624,75.63403869866256,89.89968787268083,957.4953344194761,11.158465461693282,11.499952665982393,0,0
15.944859711432068,135.9270707881667,81.82195342465967,68.05264359970896,1035.9222803901798,1.6175287958695672,10.526026169875935,1,1
45.258740329280656,100.65534397725261,32.76633706058847,79.052558238823,1039.4403722604402,13.792065724059244,79.19325966784491,1,1
24.887403406831737,57.75507188210849,103.69486564255588,69.18902789241723,973.4162751673737,10.483236309244244,68.58604714722493,0,0
22.649217843777578,130.98128164154718,5.057381978132134,44.2953298403329,1017.3971811726115,2.9869813097980313,22.21990306424989,1,1
45.76826516254363,134.86421988632168,59.870245230800855,36.87147137019618,984.1409656582258,11.486609965747183,15.531259390466845,1,1
31.86104279643661,81.79487882760448,57.20248097131419,28.444865702423954,960.6497087045028,19.282219054926426,97.93677337247686,1,1
29.915763026913638,157.79909073016748,78.69497123076923,29.353348369471117,979.6678657334697,6.27302817289041,59.57744348592239,1,1
35.29918493100645,184.70173874055112,94.80435767715288,88.5478131682379,1039.1228613611008,16.02553345109961,33.28812610571077,1,1
22.5254539967075,114.35346760420938,82.74819797439825,50.92543751705327,1034.833864996451,19.211331856359667,56.9395726137352,1,1
30.980722177567642,168.57742338850358,2.912345638726399,30.321009266739843,1034.5657659006267,14.640571712959849,41.6136698204326,1,1
46.109815020354176,70.29165752907743,76.06144294403009,70.74675762607328,968.4331892614236,5.69703472328116,91.60069226960857,2,0
21.419519882769595,34.7149243695249,57.55385684806488,27.375789459027278,1039.4626188984373,2.0029827662494215,61.655747684079444,0,0
26.892364975586133,160.85457709420677,70.77728949210463,51.06449128635505,1048.387298454481,1.3246197693106132,57.778630323067674,1,1
49.63489090404157,138.19052864260343,88.77235579706316,22.567291566358875,952.1363163096962,0.7222022396438565,99.1723902176232,1,1
49.2831916259298,66.90178515285237,34.917817951899465,31.67669964142754,982.9140299164758,7.4029986109454065,74.82828167590337,0,0
45.320274352190715,149.3470239482776,77.5770121314687,81.27200624710383,1023.8497479151805,9.514993874607896,33.58514024613578,1,1
24.897325090715984,135.87109190255632,115.11649493342702,66.48437751485041,1041.2526502472267,0.2845874194589504,79.44706467360058,1,1
44.87609302860278,126.19876758873916,112.08731992340755,67.19303943050397,974.053690252675,4.314344588963886,55.583626669271524,1,1
46.726937567367386,14.473589151015398,72.52686146530932,81.58427783856197,961.5402069623569,2.3353938142402586,36.61279966695881,0,0
24.58584107424009,39.66283177873795,23.843300833361425,30.453522593986868,1011.0854013081953,13.76251207168174,70.29362268790446,0,0
33.63238916485122,190.58125393311335,105.66393331080789,96.6104914133024,988.8795478127178,17.555663199100493,76.28746994068838,1,1
26.899051606190458,21.31865170084386,81.91454998761692,30.916185929750426,979.3775807001113,10.007291528875745,67.9882535148473,0,0
47.41796800190567,118.64800896979932,80.56957196065139,44.801108012078245,1018.7292616428539,8.75580241460149,85.69311828837738,1,1
28.7357679865516,93.65440433131138,51.91053082923094,84.8898267445908,1045.3699197011906,6.54552601966548,47.50279007620768,0,0
39.70741933426325,179.0763244069462,59.244083621522485,28.711480658138182,986.8671383501321,11.00723770880226,41.75246059660326,1,1
21.529450437582454,7.397899068643499,82.48903992958739,99.4189752621714,1041.9206633896617,13.66541821721627,84.15298085164292,0,0
23.95046664635176,124.48688721568928,7.272505847875852,76.57471418499662,1046.9872339024269,17.215946144357183,53.444087477163734,1,1
42.60590767594718,188.77976198963293,25.922109352705846,83.46068103819024,976.9846957968854,17.53894843879333,9.835450569014547,1,1
21.237644660444452,144.12329269436034,20.973300463589876,32.64434415224355,1005.5466877398871,16.699744754181417,26.846742527462908,1,1
44.43983639469198,161.59067930919494,69.49264811512026,71.72502029498162,954.0441186611909,7.342711166074265,26.339493111835253,1,1
20.250135125461533,77.93186583139631,42.588503561691944,78.31133425037817,1009.8096340476753,18.262001376040388,14.54075830558389,1,1
17.09120118632341,106.92155749822574,0.12325663329420866,83.01751545079725,1000.597288868501,9.761311521157872,36.24959787241744,1,1
28.12408426520669,86.22673565013118,1.9238813311236225,26.683662977296372,1000.5048020011237,3.002445304396082,77.87626083469982,1,1
24.606981090158403,19.57992746986481,28.225191108413977,48.56785841246305,953.5316608594884,2.8335104877265804,32.38467544775197,0,0
25.866816583341745,160.07733931196785,101.19065703751838,35.473487931484,962.3939883912848,12.683249686428367,80.46235556954315,1,1
48.73030840284461,1.3592569493028561,49.64137361121654,78.71902672755084,1032.8559298874354,1.2457189736619556,68.06145194641273,0,0
25.11285510896395,14.919391866625077,58.69230981056007,32.65226745633168,1023.7007518061685,14.82523599398907,84.20677649875094,0,0
28.21490398017133,2.6619594461287255,31.16831260493757,57.424935962022154,1019.4011279416051,7.640811713734827,53.6048396067138,0,0
33.34922556095009,32.996469871663315,74.76594000960152,55.140138256431825,1030.7918701652493,13.812224162577998,11.146918619755464,0,0
32.106544351279894,140.4988716988375,10.441407096881115,83.39976260453052,972.20045146444,10.061695909473794,94.05612874726361,1,1
34.99669821877994,84.81089034078948,0.8153912878971203,30.673089821926247,1007.8663885097988,9.876500813074765,36.38291756468314,0,0
47.31255598879411,66.49650748518816,64.4580907732928,65.49707276193041,1002.7468390063923,9.551707830801986,33.70637360119081,0,0
46.806727156386685,90.16065235182896,63.41386408152908,72.51823870641938,956.7656042431535,15.625762829264904,51.25073100860356,1,1
38.001192754573836,154.40241308273826,104.89192689170575,51.377633356234476,1031.1429892682254,5.1767379113180345,66.03356509573663,1,1
18.594755523787377,4.006093484815043,11.491575133516765,45.55059892499806,953.1094613824664,12.609825443745251,31.65445383822648,0,0
40.77316237000043,9.183027253921129,26.00418798569978,52.640274026375884,988.2651562294046,2.6199734567268096,99.4136813581657,0,0
24.955385329184256,144.20641693029262,26.40320366540618,90.22809685808672,988.7758310149693,18.01804977978209,34.1834919633971,1,1
15.302533752391971,103.40408621569227,62.97455233813157,29.586734623090845,973.4963573419293,15.669911819626988,3.675582462865923,1,1
32.133434034033826,106.08162468271256,82.64544728113488,22.996501392010813,1008.5646327090464,0.061960731563663884,26.517836728919065,1,1
32.48894893607684,182.25626748512343,15.190777920664251,33.54313032026201,1016.9250064383828,7.497233876447977,62.342140192287175,1,1
49.91089584969935,197.3743322697708,42.44562953933057,60.31402830598661,1040.4690158629394,1.8433532481711512,45.23039038368471,1,1
28.21520719107606,58.97655453219946,119.30450543068179,78.68394351779023,988.8746992392922,16.580437833308384,48.966610071205686,0,0
45.54885443287505,53.275969126115676,26.83202728644785,39.78293449979581,1003.8480576125053,5.826267823102693,14.71196841463841,0,0
49.811977147700624,180.08664548828202,76.20149249916956,91.32342991391567,1043.546273750782,13.522165837316711,51.86797786913082,1,1
45.8700627275137,113.5593993825819,15.216065142464878,49.34848003660046,994.5920951735377,18.70738032271191,65.91854723058223,1,1
45.634714697856175,151.51834016798725,37.18330638272195,77.49671944513466,969.5299735923875,8.162916234349353,80.60918571559321,1,1
36.41752066703299,165.08250119052298,30.564429882006156,79.9799065941836,970.2324361441837,10.906083447960144,43.353459445443136,1,1
34.476655021978246,27.106684805654503,43.347345061561406,73.3523064692939,1005.8530794081028,10.979395178236393,51.08301121312544,0,0
48.03597185136074,186.91393958794686,43.21739673579531,48.15160092673638,1005.4898456573061,1.912125682784156,30.30067007675159,1,1
23.080364803041046,44.6779336672857,76.62066310743215,50.748026747531945,967.1164374758306,17.75143689975519,87.41486879377942,0,0
45.18620232362824,78.14898845155855,6.837894421254287,28.539361431554884,977.6048079771299,4.399400082173093,87.39856201488354,2,0
49.52253631362408,163.33473246636046,87.58186832990262,67.08993119418514,1026.9908299179872,18.940666243847815,60.134466990708106,1,1
20.411463540694186,32.77166345374394,70.06353637543035,46.67748318278463,1041.024737524497,12.232846676719447,67.64926134233603,0,0
15.20372485353159,99.7697104125246,51.7397665666694,76.46974854140264,988.2638660333366,19.531500637743246,67.02031815564018,1,1
38.097141659990626,183.86822895159654,119.42458006780149,35.82565514096906,1031.0533143214727,3.24638990644055,45.70434530542099,1,1
18.506489151636455,124.67419569343296,56.222179608609004,70.2959158660572,1017.7960752615413,12.388645000624761,29.402912260737313,1,1
44.29357050352841,110.33723987502482,58.78214078601638,98.96510433878996,978.3507906706477,10.560606097903463,68.23245786079914,1,1
19.382907652663175,70.84794482930707,96.20264591967914,38.940658767986406,999.3290364903606,12.61261211965942,67.11623533076,1,1
40.49086547167391,173.19546340858886,47.14313316403651,76.53055407710849,1023.2174647770252,6.0054826025398045,96.81579502116412,1,1
45.28267107327217,57.97226573991281,81.00824120243851,77.42405075674353,993.148363627538,17.274865718819328,69.02293535090396,0,0
38.03541398034513,44.16807445694364,48.9410773619499,54.71379913058799,1023.366109657902,12.367890905151048,8.586059062626706,0,0
25.7694283160534,94.6095008923091,88.40795350283916,79.48553040637393,999.0543308571637,2.338647645213552,29.290340337283904,0,0
23.914233378647424,156.20528206164823,21.59835768067843,57.19369779161538,1017.071880351439,19.29572305900074,99.924058022444,1,1
48.35227502444037,143.648469050707,89.572899962651,80.73680780872138,1036.260487654629,19.03570925704416,44.57061445203275,1,1
29.577880731474444,92.09289247572615,79.17806057479129,82.03563170222117,1037.054439090133,9.124215085652112,36.33726261801294,0,0
49.41734151457793,46.377524201445254,26.640580230297275,77.23259638611964,967.9657295602642,7.988179994922449,29.238682231425194,0,0
20.904865986493203,115.94144781957871,44.821378890555465,56.978733827875686,969.5863004825516,15.35733605343513,31.471208345074576,1,1
26.99513626594146,50.43079242002253,52.12842865428406,57.08613017909376,1002.9666916329516,19.351365639638793,90.46918080457034,2,0
